dihedral,k,d,n,comments
ca-ca-ca-ca,7.25,-1,2,"GAFF 1.81, from gaff-1.81.dat (AmberTools 24.8) X-ca-ca-X"
ca-ca-ca-ha,7.25,-1,2,"GAFF 1.81, from gaff-1.81.dat (AmberTools 24.8) X-ca-ca-X"
ca-ca-ca-cp,7.25,-1,2,"GAFF 1.81, from gaff-1.81.dat (AmberTools 24.8) X-ca-ca-X"
ca-ca-ca-c1,7.25,-1,2,"GAFF 1.81, from gaff-1.81.dat (AmberTools 24.8) X-ca-ca-X"
ca-ca-ca-cg,7.25,-1,2,"GAFF 1.81, from gaff-1.81.dat (AmberTools 24.8) X-ca-ca-X"
ca-ca-ca-ch,7.25,-1,2,"GAFF 1.81, from gaff-1.81.dat (AmberTools 24.8) X-ca-ca-X"
ca-ca-ca-ce,7.25,-1,2,"GAFF 1.81, from gaff-1.81.dat (AmberTools 24.8) X-ca-ca-X"
ca-ca-ca-cu,7.25,-1,2,"GAFF 1.81, from gaff-1.81.dat (AmberTools 24.8) X-ca-ca-X"
ca-ca-ca-c3,7.25,-1,2,"GAFF 1.81, from gaff-1.81.dat (AmberTools 24.8) X-ca-ca-X"
ca-ca-ca-hc,7.25,-1,2,"GAFF 1.81, from gaff-1.81.dat (AmberTools 24.8) X-ca-ca-X"
ca-ca-cp-ca,7.25,-1,2,"GAFF 1.81, from gaff-1.81.dat (AmberTools 24.8) X-ca-cp-X"
ca-ca-cp-ha,7.25,-1,2,"GAFF 1.81, from gaff-1.81.dat (AmberTools 24.8) X-ca-cp-X"
ca-ca-cp-cp,7.25,-1,2,"GAFF 1.81, from gaff-1.81.dat (AmberTools 24.8) X-ca-cp-X"
ca-ca-cp-c1,7.25,-1,2,"GAFF 1.81, from gaff-1.81.dat (AmberTools 24.8) X-ca-cp-X"
ca-ca-cp-cg,7.25,-1,2,"GAFF 1.81, from gaff-1.81.dat (AmberTools 24.8) X-ca-cp-X"
ca-ca-cp-ch,7.25,-1,2,"GAFF 1.81, from gaff-1.81.dat (AmberTools 24.8) X-ca-cp-X"
ca-ca-cp-ce,7.25,-1,2,"GAFF 1.81, from gaff-1.81.dat (AmberTools 24.8) X-ca-cp-X"
ca-ca-cp-cu,7.25,-1,2,"GAFF 1.81, from gaff-1.81.dat (AmberTools 24.8) X-ca-cp-X"
ca-ca-cp-c3,7.25,-1,2,"GAFF 1.81, from gaff-1.81.dat (AmberTools 24.8) X-ca-cp-X"
ca-ca-cp-hc,7.25,-1,2,"GAFF 1.81, from gaff-1.81.dat (AmberTools 24.8) X-ca-cp-X"
ca-ca-c1-ca,0,-1,2,"GAFF 1.81, from gaff-1.81.dat (AmberTools 24.8) X-c1-ca-X"
ca-ca-c1-ha,0,-1,2,"GAFF 1.81, from gaff-1.81.dat (AmberTools 24.8) X-c1-ca-X"
ca-ca-c1-cp,0,-1,2,"GAFF 1.81, from gaff-1.81.dat (AmberTools 24.8) X-c1-ca-X"
ca-ca-c1-c1,0,-1,2,"GAFF 1.81, from gaff-1.81.dat (AmberTools 24.8) X-c1-ca-X"
ca-ca-c1-cg,0,-1,2,"GAFF 1.81, from gaff-1.81.dat (AmberTools 24.8) X-c1-ca-X"
ca-ca-c1-ch,0,-1,2,"GAFF 1.81, from gaff-1.81.dat (AmberTools 24.8) X-c1-ca-X"
ca-ca-c1-ce,0,-1,2,"GAFF 1.81, from gaff-1.81.dat (AmberTools 24.8) X-c1-ca-X"
ca-ca-c1-cu,0,-1,2,"GAFF 1.81, from gaff-1.81.dat (AmberTools 24.8) X-c1-ca-X"
ca-ca-c1-c3,0,-1,2,"GAFF 1.81, from gaff-1.81.dat (AmberTools 24.8) X-c1-ca-X"
ca-ca-c1-hc,0,-1,2,"GAFF 1.81, from gaff-1.81.dat (AmberTools 24.8) X-c1-ca-X"
ca-ca-cg-ca,0,-1,2,"GAFF 1.81, from gaff-1.81.dat (AmberTools 24.8) X-c1-ca-X (cg as c1)"
ca-ca-cg-ha,0,-1,2,"GAFF 1.81, from gaff-1.81.dat (AmberTools 24.8) X-c1-ca-X (cg as c1)"
ca-ca-cg-cp,0,-1,2,"GAFF 1.81, from gaff-1.81.dat (AmberTools 24.8) X-c1-ca-X (cg as c1)"
ca-ca-cg-c1,0,-1,2,"GAFF 1.81, from gaff-1.81.dat (AmberTools 24.8) X-c1-ca-X (cg as c1)"
ca-ca-cg-cg,0,-1,2,"GAFF 1.81, from gaff-1.81.dat (AmberTools 24.8) X-c1-ca-X (cg as c1)"
ca-ca-cg-ch,0,-1,2,"GAFF 1.81, from gaff-1.81.dat (AmberTools 24.8) X-c1-ca-X (cg as c1)"
ca-ca-cg-ce,0,-1,2,"GAFF 1.81, from gaff-1.81.dat (AmberTools 24.8) X-c1-ca-X (cg as c1)"
ca-ca-cg-cu,0,-1,2,"GAFF 1.81, from gaff-1.81.dat (AmberTools 24.8) X-c1-ca-X (cg as c1)"
ca-ca-cg-c3,0,-1,2,"GAFF 1.81, from gaff-1.81.dat (AmberTools 24.8) X-c1-ca-X (cg as c1)"
ca-ca-cg-hc,0,-1,2,"GAFF 1.81, from gaff-1.81.dat (AmberTools 24.8) X-c1-ca-X (cg as c1)"
ca-ca-ch-ca,0,-1,2,"GAFF 1.81, from gaff-1.81.dat (AmberTools 24.8) X-c1-ca-X (ch as c1)"
ca-ca-ch-ha,0,-1,2,"GAFF 1.81, from gaff-1.81.dat (AmberTools 24.8) X-c1-ca-X (ch as c1)"
ca-ca-ch-cp,0,-1,2,"GAFF 1.81, from gaff-1.81.dat (AmberTools 24.8) X-c1-ca-X (ch as c1)"
ca-ca-ch-c1,0,-1,2,"GAFF 1.81, from gaff-1.81.dat (AmberTools 24.8) X-c1-ca-X (ch as c1)"
ca-ca-ch-cg,0,-1,2,"GAFF 1.81, from gaff-1.81.dat (AmberTools 24.8) X-c1-ca-X (ch as c1)"
ca-ca-ch-ch,0,-1,2,"GAFF 1.81, from gaff-1.81.dat (AmberTools 24.8) X-c1-ca-X (ch as c1)"
ca-ca-ch-ce,0,-1,2,"GAFF 1.81, from gaff-1.81.dat (AmberTools 24.8) X-c1-ca-X (ch as c1)"
ca-ca-ch-cu,0,-1,2,"GAFF 1.81, from gaff-1.81.dat (AmberTools 24.8) X-c1-ca-X (ch as c1)"
ca-ca-ch-c3,0,-1,2,"GAFF 1.81, from gaff-1.81.dat (AmberTools 24.8) X-c1-ca-X (ch as c1)"
ca-ca-ch-hc,0,-1,2,"GAFF 1.81, from gaff-1.81.dat (AmberTools 24.8) X-c1-ca-X (ch as c1)"
ca-ca-ce-ca,1.4,-1,2,"GAFF 1.81, from gaff-1.81.dat (AmberTools 24.8) X-c2-ca-X (ce as c2)"
ca-ca-ce-ha,1.4,-1,2,"GAFF 1.81, from gaff-1.81.dat (AmberTools 24.8) X-c2-ca-X (ce as c2)"
ca-ca-ce-cp,1.4,-1,2,"GAFF 1.81, from gaff-1.81.dat (AmberTools 24.8) X-c2-ca-X (ce as c2)"
ca-ca-ce-c1,1.4,-1,2,"GAFF 1.81, from gaff-1.81.dat (AmberTools 24.8) X-c2-ca-X (ce as c2)"
ca-ca-ce-cg,1.4,-1,2,"GAFF 1.81, from gaff-1.81.dat (AmberTools 24.8) X-c2-ca-X (ce as c2)"
ca-ca-ce-ch,1.4,-1,2,"GAFF 1.81, from gaff-1.81.dat (AmberTools 24.8) X-c2-ca-X (ce as c2)"
ca-ca-ce-ce,1.4,-1,2,"GAFF 1.81, from gaff-1.81.dat (AmberTools 24.8) X-c2-ca-X (ce as c2)"
ca-ca-ce-cu,1.4,-1,2,"GAFF 1.81, from gaff-1.81.dat (AmberTools 24.8) X-c2-ca-X (ce as c2)"
ca-ca-ce-c3,1.4,-1,2,"GAFF 1.81, from gaff-1.81.dat (AmberTools 24.8) X-c2-ca-X (ce as c2)"
ca-ca-ce-hc,1.4,-1,2,"GAFF 1.81, from gaff-1.81.dat (AmberTools 24.8) X-c2-ca-X (ce as c2)"
ca-ca-cu-ca,2,-1,2,"GAFF 1.81, from gaff-1.81.dat (AmberTools 24.8) X-cp-cp-X (stand-in: *-ca-cu-* as X-cp-cp-X)"
ca-ca-cu-ha,2,-1,2,"GAFF 1.81, from gaff-1.81.dat (AmberTools 24.8) X-cp-cp-X (stand-in: *-ca-cu-* as X-cp-cp-X)"
ca-ca-cu-cp,2,-1,2,"GAFF 1.81, from gaff-1.81.dat (AmberTools 24.8) X-cp-cp-X (stand-in: *-ca-cu-* as X-cp-cp-X)"
ca-ca-cu-c1,2,-1,2,"GAFF 1.81, from gaff-1.81.dat (AmberTools 24.8) X-cp-cp-X (stand-in: *-ca-cu-* as X-cp-cp-X)"
ca-ca-cu-cg,2,-1,2,"GAFF 1.81, from gaff-1.81.dat (AmberTools 24.8) X-cp-cp-X (stand-in: *-ca-cu-* as X-cp-cp-X)"
ca-ca-cu-ch,2,-1,2,"GAFF 1.81, from gaff-1.81.dat (AmberTools 24.8) X-cp-cp-X (stand-in: *-ca-cu-* as X-cp-cp-X)"
ca-ca-cu-ce,2,-1,2,"GAFF 1.81, from gaff-1.81.dat (AmberTools 24.8) X-cp-cp-X (stand-in: *-ca-cu-* as X-cp-cp-X)"
ca-ca-cu-cu,2,-1,2,"GAFF 1.81, from gaff-1.81.dat (AmberTools 24.8) X-cp-cp-X (stand-in: *-ca-cu-* as X-cp-cp-X)"
ca-ca-cu-c3,2,-1,2,"GAFF 1.81, from gaff-1.81.dat (AmberTools 24.8) X-cp-cp-X (stand-in: *-ca-cu-* as X-cp-cp-X)"
ca-ca-cu-hc,2,-1,2,"GAFF 1.81, from gaff-1.81.dat (AmberTools 24.8) X-cp-cp-X (stand-in: *-ca-cu-* as X-cp-cp-X)"
ca-ca-c3-ca,0,1,2,"GAFF 1.81, from gaff-1.81.dat (AmberTools 24.8) X-c3-ca-X"
ca-ca-c3-ha,0,1,2,"GAFF 1.81, from gaff-1.81.dat (AmberTools 24.8) X-c3-ca-X"
ca-ca-c3-cp,0,1,2,"GAFF 1.81, from gaff-1.81.dat (AmberTools 24.8) X-c3-ca-X"
ca-ca-c3-c1,0,1,2,"GAFF 1.81, from gaff-1.81.dat (AmberTools 24.8) X-c3-ca-X"
ca-ca-c3-cg,0,1,2,"GAFF 1.81, from gaff-1.81.dat (AmberTools 24.8) X-c3-ca-X"
ca-ca-c3-ch,0,1,2,"GAFF 1.81, from gaff-1.81.dat (AmberTools 24.8) X-c3-ca-X"
ca-ca-c3-ce,0,1,2,"GAFF 1.81, from gaff-1.81.dat (AmberTools 24.8) X-c3-ca-X"
ca-ca-c3-cu,0,1,2,"GAFF 1.81, from gaff-1.81.dat (AmberTools 24.8) X-c3-ca-X"
ca-ca-c3-c3,0,1,2,"GAFF 1.81, from gaff-1.81.dat (AmberTools 24.8) X-c3-ca-X"
ca-ca-c3-hc,0,1,2,"GAFF 1.81, from gaff-1.81.dat (AmberTools 24.8) X-c3-ca-X"
ca-cp-ca-ca,7.25,-1,2,"GAFF 1.81, from gaff-1.81.dat (AmberTools 24.8) X-ca-cp-X"
ca-cp-ca-ha,7.25,-1,2,"GAFF 1.81, from gaff-1.81.dat (AmberTools 24.8) X-ca-cp-X"
ca-cp-ca-cp,7.25,-1,2,"GAFF 1.81, from gaff-1.81.dat (AmberTools 24.8) X-ca-cp-X"
ca-cp-ca-c1,7.25,-1,2,"GAFF 1.81, from gaff-1.81.dat (AmberTools 24.8) X-ca-cp-X"
ca-cp-ca-cg,7.25,-1,2,"GAFF 1.81, from gaff-1.81.dat (AmberTools 24.8) X-ca-cp-X"
ca-cp-ca-ch,7.25,-1,2,"GAFF 1.81, from gaff-1.81.dat (AmberTools 24.8) X-ca-cp-X"
ca-cp-ca-ce,7.25,-1,2,"GAFF 1.81, from gaff-1.81.dat (AmberTools 24.8) X-ca-cp-X"
ca-cp-ca-cu,7.25,-1,2,"GAFF 1.81, from gaff-1.81.dat (AmberTools 24.8) X-ca-cp-X"
ca-cp-ca-c3,7.25,-1,2,"GAFF 1.81, from gaff-1.81.dat (AmberTools 24.8) X-ca-cp-X"
ca-cp-ca-hc,7.25,-1,2,"GAFF 1.81, from gaff-1.81.dat (AmberTools 24.8) X-ca-cp-X"
ca-cp-cp-ca,2,-1,2,"GAFF 1.81, from gaff-1.81.dat (AmberTools 24.8) X-cp-cp-X"
ca-cp-cp-ha,2,-1,2,"GAFF 1.81, from gaff-1.81.dat (AmberTools 24.8) X-cp-cp-X"
ca-cp-cp-cp,2,-1,2,"GAFF 1.81, from gaff-1.81.dat (AmberTools 24.8) X-cp-cp-X"
ca-cp-cp-c1,2,-1,2,"GAFF 1.81, from gaff-1.81.dat (AmberTools 24.8) X-cp-cp-X"
ca-cp-cp-cg,2,-1,2,"GAFF 1.81, from gaff-1.81.dat (AmberTools 24.8) X-cp-cp-X"
ca-cp-cp-ch,2,-1,2,"GAFF 1.81, from gaff-1.81.dat (AmberTools 24.8) X-cp-cp-X"
ca-cp-cp-ce,2,-1,2,"GAFF 1.81, from gaff-1.81.dat (AmberTools 24.8) X-cp-cp-X"
ca-cp-cp-cu,2,-1,2,"GAFF 1.81, from gaff-1.81.dat (AmberTools 24.8) X-cp-cp-X"
ca-cp-cp-c3,2,-1,2,"GAFF 1.81, from gaff-1.81.dat (AmberTools 24.8) X-cp-cp-X"
ca-cp-cp-hc,2,-1,2,"GAFF 1.81, from gaff-1.81.dat (AmberTools 24.8) X-cp-cp-X"
ca-cp-c1-ca,0,-1,2,"GAFF 1.81, from gaff-1.81.dat (AmberTools 24.8) X-c1-ca-X (cp as ca)"
ca-cp-c1-ha,0,-1,2,"GAFF 1.81, from gaff-1.81.dat (AmberTools 24.8) X-c1-ca-X (cp as ca)"
ca-cp-c1-cp,0,-1,2,"GAFF 1.81, from gaff-1.81.dat (AmberTools 24.8) X-c1-ca-X (cp as ca)"
ca-cp-c1-c1,0,-1,2,"GAFF 1.81, from gaff-1.81.dat (AmberTools 24.8) X-c1-ca-X (cp as ca)"
ca-cp-c1-cg,0,-1,2,"GAFF 1.81, from gaff-1.81.dat (AmberTools 24.8) X-c1-ca-X (cp as ca)"
ca-cp-c1-ch,0,-1,2,"GAFF 1.81, from gaff-1.81.dat (AmberTools 24.8) X-c1-ca-X (cp as ca)"
ca-cp-c1-ce,0,-1,2,"GAFF 1.81, from gaff-1.81.dat (AmberTools 24.8) X-c1-ca-X (cp as ca)"
ca-cp-c1-cu,0,-1,2,"GAFF 1.81, from gaff-1.81.dat (AmberTools 24.8) X-c1-ca-X (cp as ca)"
ca-cp-c1-c3,0,-1,2,"GAFF 1.81, from gaff-1.81.dat (AmberTools 24.8) X-c1-ca-X (cp as ca)"
ca-cp-c1-hc,0,-1,2,"GAFF 1.81, from gaff-1.81.dat (AmberTools 24.8) X-c1-ca-X (cp as ca)"
ca-cp-cg-ca,0,-1,2,"GAFF 1.81, from gaff-1.81.dat (AmberTools 24.8) X-c1-ca-X (cg as c1, cp as ca)"
ca-cp-cg-ha,0,-1,2,"GAFF 1.81, from gaff-1.81.dat (AmberTools 24.8) X-c1-ca-X (cg as c1, cp as ca)"
ca-cp-cg-cp,0,-1,2,"GAFF 1.81, from gaff-1.81.dat (AmberTools 24.8) X-c1-ca-X (cg as c1, cp as ca)"
ca-cp-cg-c1,0,-1,2,"GAFF 1.81, from gaff-1.81.dat (AmberTools 24.8) X-c1-ca-X (cg as c1, cp as ca)"
ca-cp-cg-cg,0,-1,2,"GAFF 1.81, from gaff-1.81.dat (AmberTools 24.8) X-c1-ca-X (cg as c1, cp as ca)"
ca-cp-cg-ch,0,-1,2,"GAFF 1.81, from gaff-1.81.dat (AmberTools 24.8) X-c1-ca-X (cg as c1, cp as ca)"
ca-cp-cg-ce,0,-1,2,"GAFF 1.81, from gaff-1.81.dat (AmberTools 24.8) X-c1-ca-X (cg as c1, cp as ca)"
ca-cp-cg-cu,0,-1,2,"GAFF 1.81, from gaff-1.81.dat (AmberTools 24.8) X-c1-ca-X (cg as c1, cp as ca)"
ca-cp-cg-c3,0,-1,2,"GAFF 1.81, from gaff-1.81.dat (AmberTools 24.8) X-c1-ca-X (cg as c1, cp as ca)"
ca-cp-cg-hc,0,-1,2,"GAFF 1.81, from gaff-1.81.dat (AmberTools 24.8) X-c1-ca-X (cg as c1, cp as ca)"
ca-cp-ch-ca,0,-1,2,"GAFF 1.81, from gaff-1.81.dat (AmberTools 24.8) X-c1-ca-X (ch as c1, cp as ca)"
ca-cp-ch-ha,0,-1,2,"GAFF 1.81, from gaff-1.81.dat (AmberTools 24.8) X-c1-ca-X (ch as c1, cp as ca)"
ca-cp-ch-cp,0,-1,2,"GAFF 1.81, from gaff-1.81.dat (AmberTools 24.8) X-c1-ca-X (ch as c1, cp as ca)"
ca-cp-ch-c1,0,-1,2,"GAFF 1.81, from gaff-1.81.dat (AmberTools 24.8) X-c1-ca-X (ch as c1, cp as ca)"
ca-cp-ch-cg,0,-1,2,"GAFF 1.81, from gaff-1.81.dat (AmberTools 24.8) X-c1-ca-X (ch as c1, cp as ca)"
ca-cp-ch-ch,0,-1,2,"GAFF 1.81, from gaff-1.81.dat (AmberTools 24.8) X-c1-ca-X (ch as c1, cp as ca)"
ca-cp-ch-ce,0,-1,2,"GAFF 1.81, from gaff-1.81.dat (AmberTools 24.8) X-c1-ca-X (ch as c1, cp as ca)"
ca-cp-ch-cu,0,-1,2,"GAFF 1.81, from gaff-1.81.dat (AmberTools 24.8) X-c1-ca-X (ch as c1, cp as ca)"
ca-cp-ch-c3,0,-1,2,"GAFF 1.81, from gaff-1.81.dat (AmberTools 24.8) X-c1-ca-X (ch as c1, cp as ca)"
ca-cp-ch-hc,0,-1,2,"GAFF 1.81, from gaff-1.81.dat (AmberTools 24.8) X-c1-ca-X (ch as c1, cp as ca)"
ca-cp-ce-ca,1.4,-1,2,"GAFF 1.81, from gaff-1.81.dat (AmberTools 24.8) X-c2-ca-X (ce as c2, cp as ca)"
ca-cp-ce-ha,1.4,-1,2,"GAFF 1.81, from gaff-1.81.dat (AmberTools 24.8) X-c2-ca-X (ce as c2, cp as ca)"
ca-cp-ce-cp,1.4,-1,2,"GAFF 1.81, from gaff-1.81.dat (AmberTools 24.8) X-c2-ca-X (ce as c2, cp as ca)"
ca-cp-ce-c1,1.4,-1,2,"GAFF 1.81, from gaff-1.81.dat (AmberTools 24.8) X-c2-ca-X (ce as c2, cp as ca)"
ca-cp-ce-cg,1.4,-1,2,"GAFF 1.81, from gaff-1.81.dat (AmberTools 24.8) X-c2-ca-X (ce as c2, cp as ca)"
ca-cp-ce-ch,1.4,-1,2,"GAFF 1.81, from gaff-1.81.dat (AmberTools 24.8) X-c2-ca-X (ce as c2, cp as ca)"
ca-cp-ce-ce,1.4,-1,2,"GAFF 1.81, from gaff-1.81.dat (AmberTools 24.8) X-c2-ca-X (ce as c2, cp as ca)"
ca-cp-ce-cu,1.4,-1,2,"GAFF 1.81, from gaff-1.81.dat (AmberTools 24.8) X-c2-ca-X (ce as c2, cp as ca)"
ca-cp-ce-c3,1.4,-1,2,"GAFF 1.81, from gaff-1.81.dat (AmberTools 24.8) X-c2-ca-X (ce as c2, cp as ca)"
ca-cp-ce-hc,1.4,-1,2,"GAFF 1.81, from gaff-1.81.dat (AmberTools 24.8) X-c2-ca-X (ce as c2, cp as ca)"
ca-cp-cu-ca,2,-1,2,"GAFF 1.81, from gaff-1.81.dat (AmberTools 24.8) X-cp-cp-X (stand-in: *-cp-cu-* as X-cp-cp-X)"
ca-cp-cu-ha,2,-1,2,"GAFF 1.81, from gaff-1.81.dat (AmberTools 24.8) X-cp-cp-X (stand-in: *-cp-cu-* as X-cp-cp-X)"
ca-cp-cu-cp,2,-1,2,"GAFF 1.81, from gaff-1.81.dat (AmberTools 24.8) X-cp-cp-X (stand-in: *-cp-cu-* as X-cp-cp-X)"
ca-cp-cu-c1,2,-1,2,"GAFF 1.81, from gaff-1.81.dat (AmberTools 24.8) X-cp-cp-X (stand-in: *-cp-cu-* as X-cp-cp-X)"
ca-cp-cu-cg,2,-1,2,"GAFF 1.81, from gaff-1.81.dat (AmberTools 24.8) X-cp-cp-X (stand-in: *-cp-cu-* as X-cp-cp-X)"
ca-cp-cu-ch,2,-1,2,"GAFF 1.81, from gaff-1.81.dat (AmberTools 24.8) X-cp-cp-X (stand-in: *-cp-cu-* as X-cp-cp-X)"
ca-cp-cu-ce,2,-1,2,"GAFF 1.81, from gaff-1.81.dat (AmberTools 24.8) X-cp-cp-X (stand-in: *-cp-cu-* as X-cp-cp-X)"
ca-cp-cu-cu,2,-1,2,"GAFF 1.81, from gaff-1.81.dat (AmberTools 24.8) X-cp-cp-X (stand-in: *-cp-cu-* as X-cp-cp-X)"
ca-cp-cu-c3,2,-1,2,"GAFF 1.81, from gaff-1.81.dat (AmberTools 24.8) X-cp-cp-X (stand-in: *-cp-cu-* as X-cp-cp-X)"
ca-cp-cu-hc,2,-1,2,"GAFF 1.81, from gaff-1.81.dat (AmberTools 24.8) X-cp-cp-X (stand-in: *-cp-cu-* as X-cp-cp-X)"
ca-cp-c3-ca,0,1,2,"GAFF 1.81, from gaff-1.81.dat (AmberTools 24.8) X-c3-ca-X (cp as ca)"
ca-cp-c3-ha,0,1,2,"GAFF 1.81, from gaff-1.81.dat (AmberTools 24.8) X-c3-ca-X (cp as ca)"
ca-cp-c3-cp,0,1,2,"GAFF 1.81, from gaff-1.81.dat (AmberTools 24.8) X-c3-ca-X (cp as ca)"
ca-cp-c3-c1,0,1,2,"GAFF 1.81, from gaff-1.81.dat (AmberTools 24.8) X-c3-ca-X (cp as ca)"
ca-cp-c3-cg,0,1,2,"GAFF 1.81, from gaff-1.81.dat (AmberTools 24.8) X-c3-ca-X (cp as ca)"
ca-cp-c3-ch,0,1,2,"GAFF 1.81, from gaff-1.81.dat (AmberTools 24.8) X-c3-ca-X (cp as ca)"
ca-cp-c3-ce,0,1,2,"GAFF 1.81, from gaff-1.81.dat (AmberTools 24.8) X-c3-ca-X (cp as ca)"
ca-cp-c3-cu,0,1,2,"GAFF 1.81, from gaff-1.81.dat (AmberTools 24.8) X-c3-ca-X (cp as ca)"
ca-cp-c3-c3,0,1,2,"GAFF 1.81, from gaff-1.81.dat (AmberTools 24.8) X-c3-ca-X (cp as ca)"
ca-cp-c3-hc,0,1,2,"GAFF 1.81, from gaff-1.81.dat (AmberTools 24.8) X-c3-ca-X (cp as ca)"
ca-c1-ca-ca,0,-1,2,"GAFF 1.81, from gaff-1.81.dat (AmberTools 24.8) X-c1-ca-X"
ca-c1-ca-ha,0,-1,2,"GAFF 1.81, from gaff-1.81.dat (AmberTools 24.8) X-c1-ca-X"
ca-c1-ca-cp,0,-1,2,"GAFF 1.81, from gaff-1.81.dat (AmberTools 24.8) X-c1-ca-X"
ca-c1-ca-c1,0,-1,2,"GAFF 1.81, from gaff-1.81.dat (AmberTools 24.8) X-c1-ca-X"
ca-c1-ca-cg,0,-1,2,"GAFF 1.81, from gaff-1.81.dat (AmberTools 24.8) X-c1-ca-X"
ca-c1-ca-ch,0,-1,2,"GAFF 1.81, from gaff-1.81.dat (AmberTools 24.8) X-c1-ca-X"
ca-c1-ca-ce,0,-1,2,"GAFF 1.81, from gaff-1.81.dat (AmberTools 24.8) X-c1-ca-X"
ca-c1-ca-cu,0,-1,2,"GAFF 1.81, from gaff-1.81.dat (AmberTools 24.8) X-c1-ca-X"
ca-c1-ca-c3,0,-1,2,"GAFF 1.81, from gaff-1.81.dat (AmberTools 24.8) X-c1-ca-X"
ca-c1-ca-hc,0,-1,2,"GAFF 1.81, from gaff-1.81.dat (AmberTools 24.8) X-c1-ca-X"
ca-c1-cp-ca,0,-1,2,"GAFF 1.81, from gaff-1.81.dat (AmberTools 24.8) X-c1-ca-X (cp as ca)"
ca-c1-cp-ha,0,-1,2,"GAFF 1.81, from gaff-1.81.dat (AmberTools 24.8) X-c1-ca-X (cp as ca)"
ca-c1-cp-cp,0,-1,2,"GAFF 1.81, from gaff-1.81.dat (AmberTools 24.8) X-c1-ca-X (cp as ca)"
ca-c1-cp-c1,0,-1,2,"GAFF 1.81, from gaff-1.81.dat (AmberTools 24.8) X-c1-ca-X (cp as ca)"
ca-c1-cp-cg,0,-1,2,"GAFF 1.81, from gaff-1.81.dat (AmberTools 24.8) X-c1-ca-X (cp as ca)"
ca-c1-cp-ch,0,-1,2,"GAFF 1.81, from gaff-1.81.dat (AmberTools 24.8) X-c1-ca-X (cp as ca)"
ca-c1-cp-ce,0,-1,2,"GAFF 1.81, from gaff-1.81.dat (AmberTools 24.8) X-c1-ca-X (cp as ca)"
ca-c1-cp-cu,0,-1,2,"GAFF 1.81, from gaff-1.81.dat (AmberTools 24.8) X-c1-ca-X (cp as ca)"
ca-c1-cp-c3,0,-1,2,"GAFF 1.81, from gaff-1.81.dat (AmberTools 24.8) X-c1-ca-X (cp as ca)"
ca-c1-cp-hc,0,-1,2,"GAFF 1.81, from gaff-1.81.dat (AmberTools 24.8) X-c1-ca-X (cp as ca)"
ca-c1-c1-ca,0,-1,2,"GAFF 1.81, from gaff-1.81.dat (AmberTools 24.8) X-c1-c1-X"
ca-c1-c1-ha,0,-1,2,"GAFF 1.81, from gaff-1.81.dat (AmberTools 24.8) X-c1-c1-X"
ca-c1-c1-cp,0,-1,2,"GAFF 1.81, from gaff-1.81.dat (AmberTools 24.8) X-c1-c1-X"
ca-c1-c1-c1,0,-1,2,"GAFF 1.81, from gaff-1.81.dat (AmberTools 24.8) X-c1-c1-X"
ca-c1-c1-cg,0,-1,2,"GAFF 1.81, from gaff-1.81.dat (AmberTools 24.8) X-c1-c1-X"
ca-c1-c1-ch,0,-1,2,"GAFF 1.81, from gaff-1.81.dat (AmberTools 24.8) X-c1-c1-X"
ca-c1-c1-ce,0,-1,2,"GAFF 1.81, from gaff-1.81.dat (AmberTools 24.8) X-c1-c1-X"
ca-c1-c1-cu,0,-1,2,"GAFF 1.81, from gaff-1.81.dat (AmberTools 24.8) X-c1-c1-X"
ca-c1-c1-c3,0,-1,2,"GAFF 1.81, from gaff-1.81.dat (AmberTools 24.8) X-c1-c1-X"
ca-c1-c1-hc,0,-1,2,"GAFF 1.81, from gaff-1.81.dat (AmberTools 24.8) X-c1-c1-X"
ca-c1-cg-ca,0,-1,2,"GAFF 1.81, from gaff-1.81.dat (AmberTools 24.8) X-c1-cg-X"
ca-c1-cg-ha,0,-1,2,"GAFF 1.81, from gaff-1.81.dat (AmberTools 24.8) X-c1-cg-X"
ca-c1-cg-cp,0,-1,2,"GAFF 1.81, from gaff-1.81.dat (AmberTools 24.8) X-c1-cg-X"
ca-c1-cg-c1,0,-1,2,"GAFF 1.81, from gaff-1.81.dat (AmberTools 24.8) X-c1-cg-X"
ca-c1-cg-cg,0,-1,2,"GAFF 1.81, from gaff-1.81.dat (AmberTools 24.8) X-c1-cg-X"
ca-c1-cg-ch,0,-1,2,"GAFF 1.81, from gaff-1.81.dat (AmberTools 24.8) X-c1-cg-X"
ca-c1-cg-ce,0,-1,2,"GAFF 1.81, from gaff-1.81.dat (AmberTools 24.8) X-c1-cg-X"
ca-c1-cg-cu,0,-1,2,"GAFF 1.81, from gaff-1.81.dat (AmberTools 24.8) X-c1-cg-X"
ca-c1-cg-c3,0,-1,2,"GAFF 1.81, from gaff-1.81.dat (AmberTools 24.8) X-c1-cg-X"
ca-c1-cg-hc,0,-1,2,"GAFF 1.81, from gaff-1.81.dat (AmberTools 24.8) X-c1-cg-X"
ca-c1-ch-ca,0,-1,2,"GAFF 1.81, from gaff-1.81.dat (AmberTools 24.8) X-c1-ch-X"
ca-c1-ch-ha,0,-1,2,"GAFF 1.81, from gaff-1.81.dat (AmberTools 24.8) X-c1-ch-X"
ca-c1-ch-cp,0,-1,2,"GAFF 1.81, from gaff-1.81.dat (AmberTools 24.8) X-c1-ch-X"
ca-c1-ch-c1,0,-1,2,"GAFF 1.81, from gaff-1.81.dat (AmberTools 24.8) X-c1-ch-X"
ca-c1-ch-cg,0,-1,2,"GAFF 1.81, from gaff-1.81.dat (AmberTools 24.8) X-c1-ch-X"
ca-c1-ch-ch,0,-1,2,"GAFF 1.81, from gaff-1.81.dat (AmberTools 24.8) X-c1-ch-X"
ca-c1-ch-ce,0,-1,2,"GAFF 1.81, from gaff-1.81.dat (AmberTools 24.8) X-c1-ch-X"
ca-c1-ch-cu,0,-1,2,"GAFF 1.81, from gaff-1.81.dat (AmberTools 24.8) X-c1-ch-X"
ca-c1-ch-c3,0,-1,2,"GAFF 1.81, from gaff-1.81.dat (AmberTools 24.8) X-c1-ch-X"
ca-c1-ch-hc,0,-1,2,"GAFF 1.81, from gaff-1.81.dat (AmberTools 24.8) X-c1-ch-X"
ca-c1-ce-ca,0,-1,2,"GAFF 1.81, from gaff-1.81.dat (AmberTools 24.8) X-c1-ce-X"
ca-c1-ce-ha,0,-1,2,"GAFF 1.81, from gaff-1.81.dat (AmberTools 24.8) X-c1-ce-X"
ca-c1-ce-cp,0,-1,2,"GAFF 1.81, from gaff-1.81.dat (AmberTools 24.8) X-c1-ce-X"
ca-c1-ce-c1,0,-1,2,"GAFF 1.81, from gaff-1.81.dat (AmberTools 24.8) X-c1-ce-X"
ca-c1-ce-cg,0,-1,2,"GAFF 1.81, from gaff-1.81.dat (AmberTools 24.8) X-c1-ce-X"
ca-c1-ce-ch,0,-1,2,"GAFF 1.81, from gaff-1.81.dat (AmberTools 24.8) X-c1-ce-X"
ca-c1-ce-ce,0,-1,2,"GAFF 1.81, from gaff-1.81.dat (AmberTools 24.8) X-c1-ce-X"
ca-c1-ce-cu,0,-1,2,"GAFF 1.81, from gaff-1.81.dat (AmberTools 24.8) X-c1-ce-X"
ca-c1-ce-c3,0,-1,2,"GAFF 1.81, from gaff-1.81.dat (AmberTools 24.8) X-c1-ce-X"
ca-c1-ce-hc,0,-1,2,"GAFF 1.81, from gaff-1.81.dat (AmberTools 24.8) X-c1-ce-X"
ca-c1-cu-ca,0,-1,2,"GAFF 1.81, from gaff-1.81.dat (AmberTools 24.8) X-c1-cu-X"
ca-c1-cu-ha,0,-1,2,"GAFF 1.81, from gaff-1.81.dat (AmberTools 24.8) X-c1-cu-X"
ca-c1-cu-cp,0,-1,2,"GAFF 1.81, from gaff-1.81.dat (AmberTools 24.8) X-c1-cu-X"
ca-c1-cu-c1,0,-1,2,"GAFF 1.81, from gaff-1.81.dat (AmberTools 24.8) X-c1-cu-X"
ca-c1-cu-cg,0,-1,2,"GAFF 1.81, from gaff-1.81.dat (AmberTools 24.8) X-c1-cu-X"
ca-c1-cu-ch,0,-1,2,"GAFF 1.81, from gaff-1.81.dat (AmberTools 24.8) X-c1-cu-X"
ca-c1-cu-ce,0,-1,2,"GAFF 1.81, from gaff-1.81.dat (AmberTools 24.8) X-c1-cu-X"
ca-c1-cu-cu,0,-1,2,"GAFF 1.81, from gaff-1.81.dat (AmberTools 24.8) X-c1-cu-X"
ca-c1-cu-c3,0,-1,2,"GAFF 1.81, from gaff-1.81.dat (AmberTools 24.8) X-c1-cu-X"
ca-c1-cu-hc,0,-1,2,"GAFF 1.81, from gaff-1.81.dat (AmberTools 24.8) X-c1-cu-X"
ca-c1-c3-ca,0,-1,2,"GAFF 1.81, from gaff-1.81.dat (AmberTools 24.8) X-c1-c3-X"
ca-c1-c3-ha,0,-1,2,"GAFF 1.81, from gaff-1.81.dat (AmberTools 24.8) X-c1-c3-X"
ca-c1-c3-cp,0,-1,2,"GAFF 1.81, from gaff-1.81.dat (AmberTools 24.8) X-c1-c3-X"
ca-c1-c3-c1,0,-1,2,"GAFF 1.81, from gaff-1.81.dat (AmberTools 24.8) X-c1-c3-X"
ca-c1-c3-cg,0,-1,2,"GAFF 1.81, from gaff-1.81.dat (AmberTools 24.8) X-c1-c3-X"
ca-c1-c3-ch,0,-1,2,"GAFF 1.81, from gaff-1.81.dat (AmberTools 24.8) X-c1-c3-X"
ca-c1-c3-ce,0,-1,2,"GAFF 1.81, from gaff-1.81.dat (AmberTools 24.8) X-c1-c3-X"
ca-c1-c3-cu,0,-1,2,"GAFF 1.81, from gaff-1.81.dat (AmberTools 24.8) X-c1-c3-X"
ca-c1-c3-c3,0,-1,2,"GAFF 1.81, from gaff-1.81.dat (AmberTools 24.8) X-c1-c3-X"
ca-c1-c3-hc,0,-1,2,"GAFF 1.81, from gaff-1.81.dat (AmberTools 24.8) X-c1-c3-X"
ca-cg-ca-ca,0,-1,2,"GAFF 1.81, from gaff-1.81.dat (AmberTools 24.8) X-c1-ca-X (cg as c1)"
ca-cg-ca-ha,0,-1,2,"GAFF 1.81, from gaff-1.81.dat (AmberTools 24.8) X-c1-ca-X (cg as c1)"
ca-cg-ca-cp,0,-1,2,"GAFF 1.81, from gaff-1.81.dat (AmberTools 24.8) X-c1-ca-X (cg as c1)"
ca-cg-ca-c1,0,-1,2,"GAFF 1.81, from gaff-1.81.dat (AmberTools 24.8) X-c1-ca-X (cg as c1)"
ca-cg-ca-cg,0,-1,2,"GAFF 1.81, from gaff-1.81.dat (AmberTools 24.8) X-c1-ca-X (cg as c1)"
ca-cg-ca-ch,0,-1,2,"GAFF 1.81, from gaff-1.81.dat (AmberTools 24.8) X-c1-ca-X (cg as c1)"
ca-cg-ca-ce,0,-1,2,"GAFF 1.81, from gaff-1.81.dat (AmberTools 24.8) X-c1-ca-X (cg as c1)"
ca-cg-ca-cu,0,-1,2,"GAFF 1.81, from gaff-1.81.dat (AmberTools 24.8) X-c1-ca-X (cg as c1)"
ca-cg-ca-c3,0,-1,2,"GAFF 1.81, from gaff-1.81.dat (AmberTools 24.8) X-c1-ca-X (cg as c1)"
ca-cg-ca-hc,0,-1,2,"GAFF 1.81, from gaff-1.81.dat (AmberTools 24.8) X-c1-ca-X (cg as c1)"
ca-cg-cp-ca,0,-1,2,"GAFF 1.81, from gaff-1.81.dat (AmberTools 24.8) X-c1-ca-X (cg as c1, cp as ca)"
ca-cg-cp-ha,0,-1,2,"GAFF 1.81, from gaff-1.81.dat (AmberTools 24.8) X-c1-ca-X (cg as c1, cp as ca)"
ca-cg-cp-cp,0,-1,2,"GAFF 1.81, from gaff-1.81.dat (AmberTools 24.8) X-c1-ca-X (cg as c1, cp as ca)"
ca-cg-cp-c1,0,-1,2,"GAFF 1.81, from gaff-1.81.dat (AmberTools 24.8) X-c1-ca-X (cg as c1, cp as ca)"
ca-cg-cp-cg,0,-1,2,"GAFF 1.81, from gaff-1.81.dat (AmberTools 24.8) X-c1-ca-X (cg as c1, cp as ca)"
ca-cg-cp-ch,0,-1,2,"GAFF 1.81, from gaff-1.81.dat (AmberTools 24.8) X-c1-ca-X (cg as c1, cp as ca)"
ca-cg-cp-ce,0,-1,2,"GAFF 1.81, from gaff-1.81.dat (AmberTools 24.8) X-c1-ca-X (cg as c1, cp as ca)"
ca-cg-cp-cu,0,-1,2,"GAFF 1.81, from gaff-1.81.dat (AmberTools 24.8) X-c1-ca-X (cg as c1, cp as ca)"
ca-cg-cp-c3,0,-1,2,"GAFF 1.81, from gaff-1.81.dat (AmberTools 24.8) X-c1-ca-X (cg as c1, cp as ca)"
ca-cg-cp-hc,0,-1,2,"GAFF 1.81, from gaff-1.81.dat (AmberTools 24.8) X-c1-ca-X (cg as c1, cp as ca)"
ca-cg-c1-ca,0,-1,2,"GAFF 1.81, from gaff-1.81.dat (AmberTools 24.8) X-c1-cg-X"
ca-cg-c1-ha,0,-1,2,"GAFF 1.81, from gaff-1.81.dat (AmberTools 24.8) X-c1-cg-X"
ca-cg-c1-cp,0,-1,2,"GAFF 1.81, from gaff-1.81.dat (AmberTools 24.8) X-c1-cg-X"
ca-cg-c1-c1,0,-1,2,"GAFF 1.81, from gaff-1.81.dat (AmberTools 24.8) X-c1-cg-X"
ca-cg-c1-cg,0,-1,2,"GAFF 1.81, from gaff-1.81.dat (AmberTools 24.8) X-c1-cg-X"
ca-cg-c1-ch,0,-1,2,"GAFF 1.81, from gaff-1.81.dat (AmberTools 24.8) X-c1-cg-X"
ca-cg-c1-ce,0,-1,2,"GAFF 1.81, from gaff-1.81.dat (AmberTools 24.8) X-c1-cg-X"
ca-cg-c1-cu,0,-1,2,"GAFF 1.81, from gaff-1.81.dat (AmberTools 24.8) X-c1-cg-X"
ca-cg-c1-c3,0,-1,2,"GAFF 1.81, from gaff-1.81.dat (AmberTools 24.8) X-c1-cg-X"
ca-cg-c1-hc,0,-1,2,"GAFF 1.81, from gaff-1.81.dat (AmberTools 24.8) X-c1-cg-X"
ca-cg-cg-ca,0,-1,2,"GAFF 1.81, from gaff-1.81.dat (AmberTools 24.8) X-cg-cg-X"
ca-cg-cg-ha,0,-1,2,"GAFF 1.81, from gaff-1.81.dat (AmberTools 24.8) X-cg-cg-X"
ca-cg-cg-cp,0,-1,2,"GAFF 1.81, from gaff-1.81.dat (AmberTools 24.8) X-cg-cg-X"
ca-cg-cg-c1,0,-1,2,"GAFF 1.81, from gaff-1.81.dat (AmberTools 24.8) X-cg-cg-X"
ca-cg-cg-cg,0,-1,2,"GAFF 1.81, from gaff-1.81.dat (AmberTools 24.8) X-cg-cg-X"
ca-cg-cg-ch,0,-1,2,"GAFF 1.81, from gaff-1.81.dat (AmberTools 24.8) X-cg-cg-X"
ca-cg-cg-ce,0,-1,2,"GAFF 1.81, from gaff-1.81.dat (AmberTools 24.8) X-cg-cg-X"
ca-cg-cg-cu,0,-1,2,"GAFF 1.81, from gaff-1.81.dat (AmberTools 24.8) X-cg-cg-X"
ca-cg-cg-c3,0,-1,2,"GAFF 1.81, from gaff-1.81.dat (AmberTools 24.8) X-cg-cg-X"
ca-cg-cg-hc,0,-1,2,"GAFF 1.81, from gaff-1.81.dat (AmberTools 24.8) X-cg-cg-X"
ca-cg-ch-ca,0,-1,2,"GAFF 1.81, from gaff-1.81.dat (AmberTools 24.8) X-cg-ch-X"
ca-cg-ch-ha,0,-1,2,"GAFF 1.81, from gaff-1.81.dat (AmberTools 24.8) X-cg-ch-X"
ca-cg-ch-cp,0,-1,2,"GAFF 1.81, from gaff-1.81.dat (AmberTools 24.8) X-cg-ch-X"
ca-cg-ch-c1,0,-1,2,"GAFF 1.81, from gaff-1.81.dat (AmberTools 24.8) X-cg-ch-X"
ca-cg-ch-cg,0,-1,2,"GAFF 1.81, from gaff-1.81.dat (AmberTools 24.8) X-cg-ch-X"
ca-cg-ch-ch,0,-1,2,"GAFF 1.81, from gaff-1.81.dat (AmberTools 24.8) X-cg-ch-X"
ca-cg-ch-ce,0,-1,2,"GAFF 1.81, from gaff-1.81.dat (AmberTools 24.8) X-cg-ch-X"
ca-cg-ch-cu,0,-1,2,"GAFF 1.81, from gaff-1.81.dat (AmberTools 24.8) X-cg-ch-X"
ca-cg-ch-c3,0,-1,2,"GAFF 1.81, from gaff-1.81.dat (AmberTools 24.8) X-cg-ch-X"
ca-cg-ch-hc,0,-1,2,"GAFF 1.81, from gaff-1.81.dat (AmberTools 24.8) X-cg-ch-X"
ca-cg-ce-ca,0,-1,2,"GAFF 1.81, from gaff-1.81.dat (AmberTools 24.8) X-c1-ce-X (cg as c1)"
ca-cg-ce-ha,0,-1,2,"GAFF 1.81, from gaff-1.81.dat (AmberTools 24.8) X-c1-ce-X (cg as c1)"
ca-cg-ce-cp,0,-1,2,"GAFF 1.81, from gaff-1.81.dat (AmberTools 24.8) X-c1-ce-X (cg as c1)"
ca-cg-ce-c1,0,-1,2,"GAFF 1.81, from gaff-1.81.dat (AmberTools 24.8) X-c1-ce-X (cg as c1)"
ca-cg-ce-cg,0,-1,2,"GAFF 1.81, from gaff-1.81.dat (AmberTools 24.8) X-c1-ce-X (cg as c1)"
ca-cg-ce-ch,0,-1,2,"GAFF 1.81, from gaff-1.81.dat (AmberTools 24.8) X-c1-ce-X (cg as c1)"
ca-cg-ce-ce,0,-1,2,"GAFF 1.81, from gaff-1.81.dat (AmberTools 24.8) X-c1-ce-X (cg as c1)"
ca-cg-ce-cu,0,-1,2,"GAFF 1.81, from gaff-1.81.dat (AmberTools 24.8) X-c1-ce-X (cg as c1)"
ca-cg-ce-c3,0,-1,2,"GAFF 1.81, from gaff-1.81.dat (AmberTools 24.8) X-c1-ce-X (cg as c1)"
ca-cg-ce-hc,0,-1,2,"GAFF 1.81, from gaff-1.81.dat (AmberTools 24.8) X-c1-ce-X (cg as c1)"
ca-cg-cu-ca,0,-1,2,"GAFF 1.81, from gaff-1.81.dat (AmberTools 24.8) X-c1-c1-X (stand-in: *-cg-cu-* as X-c1-c1-X)"
ca-cg-cu-ha,0,-1,2,"GAFF 1.81, from gaff-1.81.dat (AmberTools 24.8) X-c1-c1-X (stand-in: *-cg-cu-* as X-c1-c1-X)"
ca-cg-cu-cp,0,-1,2,"GAFF 1.81, from gaff-1.81.dat (AmberTools 24.8) X-c1-c1-X (stand-in: *-cg-cu-* as X-c1-c1-X)"
ca-cg-cu-c1,0,-1,2,"GAFF 1.81, from gaff-1.81.dat (AmberTools 24.8) X-c1-c1-X (stand-in: *-cg-cu-* as X-c1-c1-X)"
ca-cg-cu-cg,0,-1,2,"GAFF 1.81, from gaff-1.81.dat (AmberTools 24.8) X-c1-c1-X (stand-in: *-cg-cu-* as X-c1-c1-X)"
ca-cg-cu-ch,0,-1,2,"GAFF 1.81, from gaff-1.81.dat (AmberTools 24.8) X-c1-c1-X (stand-in: *-cg-cu-* as X-c1-c1-X)"
ca-cg-cu-ce,0,-1,2,"GAFF 1.81, from gaff-1.81.dat (AmberTools 24.8) X-c1-c1-X (stand-in: *-cg-cu-* as X-c1-c1-X)"
ca-cg-cu-cu,0,-1,2,"GAFF 1.81, from gaff-1.81.dat (AmberTools 24.8) X-c1-c1-X (stand-in: *-cg-cu-* as X-c1-c1-X)"
ca-cg-cu-c3,0,-1,2,"GAFF 1.81, from gaff-1.81.dat (AmberTools 24.8) X-c1-c1-X (stand-in: *-cg-cu-* as X-c1-c1-X)"
ca-cg-cu-hc,0,-1,2,"GAFF 1.81, from gaff-1.81.dat (AmberTools 24.8) X-c1-c1-X (stand-in: *-cg-cu-* as X-c1-c1-X)"
ca-cg-c3-ca,0,-1,2,"GAFF 1.81, from gaff-1.81.dat (AmberTools 24.8) X-c1-c3-X (cg as c1)"
ca-cg-c3-ha,0,-1,2,"GAFF 1.81, from gaff-1.81.dat (AmberTools 24.8) X-c1-c3-X (cg as c1)"
ca-cg-c3-cp,0,-1,2,"GAFF 1.81, from gaff-1.81.dat (AmberTools 24.8) X-c1-c3-X (cg as c1)"
ca-cg-c3-c1,0,-1,2,"GAFF 1.81, from gaff-1.81.dat (AmberTools 24.8) X-c1-c3-X (cg as c1)"
ca-cg-c3-cg,0,-1,2,"GAFF 1.81, from gaff-1.81.dat (AmberTools 24.8) X-c1-c3-X (cg as c1)"
ca-cg-c3-ch,0,-1,2,"GAFF 1.81, from gaff-1.81.dat (AmberTools 24.8) X-c1-c3-X (cg as c1)"
ca-cg-c3-ce,0,-1,2,"GAFF 1.81, from gaff-1.81.dat (AmberTools 24.8) X-c1-c3-X (cg as c1)"
ca-cg-c3-cu,0,-1,2,"GAFF 1.81, from gaff-1.81.dat (AmberTools 24.8) X-c1-c3-X (cg as c1)"
ca-cg-c3-c3,0,-1,2,"GAFF 1.81, from gaff-1.81.dat (AmberTools 24.8) X-c1-c3-X (cg as c1)"
ca-cg-c3-hc,0,-1,2,"GAFF 1.81, from gaff-1.81.dat (AmberTools 24.8) X-c1-c3-X (cg as c1)"
ca-ch-ca-ca,0,-1,2,"GAFF 1.81, from gaff-1.81.dat (AmberTools 24.8) X-c1-ca-X (ch as c1)"
ca-ch-ca-ha,0,-1,2,"GAFF 1.81, from gaff-1.81.dat (AmberTools 24.8) X-c1-ca-X (ch as c1)"
ca-ch-ca-cp,0,-1,2,"GAFF 1.81, from gaff-1.81.dat (AmberTools 24.8) X-c1-ca-X (ch as c1)"
ca-ch-ca-c1,0,-1,2,"GAFF 1.81, from gaff-1.81.dat (AmberTools 24.8) X-c1-ca-X (ch as c1)"
ca-ch-ca-cg,0,-1,2,"GAFF 1.81, from gaff-1.81.dat (AmberTools 24.8) X-c1-ca-X (ch as c1)"
ca-ch-ca-ch,0,-1,2,"GAFF 1.81, from gaff-1.81.dat (AmberTools 24.8) X-c1-ca-X (ch as c1)"
ca-ch-ca-ce,0,-1,2,"GAFF 1.81, from gaff-1.81.dat (AmberTools 24.8) X-c1-ca-X (ch as c1)"
ca-ch-ca-cu,0,-1,2,"GAFF 1.81, from gaff-1.81.dat (AmberTools 24.8) X-c1-ca-X (ch as c1)"
ca-ch-ca-c3,0,-1,2,"GAFF 1.81, from gaff-1.81.dat (AmberTools 24.8) X-c1-ca-X (ch as c1)"
ca-ch-ca-hc,0,-1,2,"GAFF 1.81, from gaff-1.81.dat (AmberTools 24.8) X-c1-ca-X (ch as c1)"
ca-ch-cp-ca,0,-1,2,"GAFF 1.81, from gaff-1.81.dat (AmberTools 24.8) X-c1-ca-X (ch as c1, cp as ca)"
ca-ch-cp-ha,0,-1,2,"GAFF 1.81, from gaff-1.81.dat (AmberTools 24.8) X-c1-ca-X (ch as c1, cp as ca)"
ca-ch-cp-cp,0,-1,2,"GAFF 1.81, from gaff-1.81.dat (AmberTools 24.8) X-c1-ca-X (ch as c1, cp as ca)"
ca-ch-cp-c1,0,-1,2,"GAFF 1.81, from gaff-1.81.dat (AmberTools 24.8) X-c1-ca-X (ch as c1, cp as ca)"
ca-ch-cp-cg,0,-1,2,"GAFF 1.81, from gaff-1.81.dat (AmberTools 24.8) X-c1-ca-X (ch as c1, cp as ca)"
ca-ch-cp-ch,0,-1,2,"GAFF 1.81, from gaff-1.81.dat (AmberTools 24.8) X-c1-ca-X (ch as c1, cp as ca)"
ca-ch-cp-ce,0,-1,2,"GAFF 1.81, from gaff-1.81.dat (AmberTools 24.8) X-c1-ca-X (ch as c1, cp as ca)"
ca-ch-cp-cu,0,-1,2,"GAFF 1.81, from gaff-1.81.dat (AmberTools 24.8) X-c1-ca-X (ch as c1, cp as ca)"
ca-ch-cp-c3,0,-1,2,"GAFF 1.81, from gaff-1.81.dat (AmberTools 24.8) X-c1-ca-X (ch as c1, cp as ca)"
ca-ch-cp-hc,0,-1,2,"GAFF 1.81, from gaff-1.81.dat (AmberTools 24.8) X-c1-ca-X (ch as c1, cp as ca)"
ca-ch-c1-ca,0,-1,2,"GAFF 1.81, from gaff-1.81.dat (AmberTools 24.8) X-c1-ch-X"
ca-ch-c1-ha,0,-1,2,"GAFF 1.81, from gaff-1.81.dat (AmberTools 24.8) X-c1-ch-X"
ca-ch-c1-cp,0,-1,2,"GAFF 1.81, from gaff-1.81.dat (AmberTools 24.8) X-c1-ch-X"
ca-ch-c1-c1,0,-1,2,"GAFF 1.81, from gaff-1.81.dat (AmberTools 24.8) X-c1-ch-X"
ca-ch-c1-cg,0,-1,2,"GAFF 1.81, from gaff-1.81.dat (AmberTools 24.8) X-c1-ch-X"
ca-ch-c1-ch,0,-1,2,"GAFF 1.81, from gaff-1.81.dat (AmberTools 24.8) X-c1-ch-X"
ca-ch-c1-ce,0,-1,2,"GAFF 1.81, from gaff-1.81.dat (AmberTools 24.8) X-c1-ch-X"
ca-ch-c1-cu,0,-1,2,"GAFF 1.81, from gaff-1.81.dat (AmberTools 24.8) X-c1-ch-X"
ca-ch-c1-c3,0,-1,2,"GAFF 1.81, from gaff-1.81.dat (AmberTools 24.8) X-c1-ch-X"
ca-ch-c1-hc,0,-1,2,"GAFF 1.81, from gaff-1.81.dat (AmberTools 24.8) X-c1-ch-X"
ca-ch-cg-ca,0,-1,2,"GAFF 1.81, from gaff-1.81.dat (AmberTools 24.8) X-cg-ch-X"
ca-ch-cg-ha,0,-1,2,"GAFF 1.81, from gaff-1.81.dat (AmberTools 24.8) X-cg-ch-X"
ca-ch-cg-cp,0,-1,2,"GAFF 1.81, from gaff-1.81.dat (AmberTools 24.8) X-cg-ch-X"
ca-ch-cg-c1,0,-1,2,"GAFF 1.81, from gaff-1.81.dat (AmberTools 24.8) X-cg-ch-X"
ca-ch-cg-cg,0,-1,2,"GAFF 1.81, from gaff-1.81.dat (AmberTools 24.8) X-cg-ch-X"
ca-ch-cg-ch,0,-1,2,"GAFF 1.81, from gaff-1.81.dat (AmberTools 24.8) X-cg-ch-X"
ca-ch-cg-ce,0,-1,2,"GAFF 1.81, from gaff-1.81.dat (AmberTools 24.8) X-cg-ch-X"
ca-ch-cg-cu,0,-1,2,"GAFF 1.81, from gaff-1.81.dat (AmberTools 24.8) X-cg-ch-X"
ca-ch-cg-c3,0,-1,2,"GAFF 1.81, from gaff-1.81.dat (AmberTools 24.8) X-cg-ch-X"
ca-ch-cg-hc,0,-1,2,"GAFF 1.81, from gaff-1.81.dat (AmberTools 24.8) X-cg-ch-X"
ca-ch-ch-ca,0,-1,2,"GAFF 1.81, from gaff-1.81.dat (AmberTools 24.8) X-ch-ch-X"
ca-ch-ch-ha,0,-1,2,"GAFF 1.81, from gaff-1.81.dat (AmberTools 24.8) X-ch-ch-X"
ca-ch-ch-cp,0,-1,2,"GAFF 1.81, from gaff-1.81.dat (AmberTools 24.8) X-ch-ch-X"
ca-ch-ch-c1,0,-1,2,"GAFF 1.81, from gaff-1.81.dat (AmberTools 24.8) X-ch-ch-X"
ca-ch-ch-cg,0,-1,2,"GAFF 1.81, from gaff-1.81.dat (AmberTools 24.8) X-ch-ch-X"
ca-ch-ch-ch,0,-1,2,"GAFF 1.81, from gaff-1.81.dat (AmberTools 24.8) X-ch-ch-X"
ca-ch-ch-ce,0,-1,2,"GAFF 1.81, from gaff-1.81.dat (AmberTools 24.8) X-ch-ch-X"
ca-ch-ch-cu,0,-1,2,"GAFF 1.81, from gaff-1.81.dat (AmberTools 24.8) X-ch-ch-X"
ca-ch-ch-c3,0,-1,2,"GAFF 1.81, from gaff-1.81.dat (AmberTools 24.8) X-ch-ch-X"
ca-ch-ch-hc,0,-1,2,"GAFF 1.81, from gaff-1.81.dat (AmberTools 24.8) X-ch-ch-X"
ca-ch-ce-ca,0,-1,2,"GAFF 1.81, from gaff-1.81.dat (AmberTools 24.8) X-c1-ce-X (ch as c1)"
ca-ch-ce-ha,0,-1,2,"GAFF 1.81, from gaff-1.81.dat (AmberTools 24.8) X-c1-ce-X (ch as c1)"
ca-ch-ce-cp,0,-1,2,"GAFF 1.81, from gaff-1.81.dat (AmberTools 24.8) X-c1-ce-X (ch as c1)"
ca-ch-ce-c1,0,-1,2,"GAFF 1.81, from gaff-1.81.dat (AmberTools 24.8) X-c1-ce-X (ch as c1)"
ca-ch-ce-cg,0,-1,2,"GAFF 1.81, from gaff-1.81.dat (AmberTools 24.8) X-c1-ce-X (ch as c1)"
ca-ch-ce-ch,0,-1,2,"GAFF 1.81, from gaff-1.81.dat (AmberTools 24.8) X-c1-ce-X (ch as c1)"
ca-ch-ce-ce,0,-1,2,"GAFF 1.81, from gaff-1.81.dat (AmberTools 24.8) X-c1-ce-X (ch as c1)"
ca-ch-ce-cu,0,-1,2,"GAFF 1.81, from gaff-1.81.dat (AmberTools 24.8) X-c1-ce-X (ch as c1)"
ca-ch-ce-c3,0,-1,2,"GAFF 1.81, from gaff-1.81.dat (AmberTools 24.8) X-c1-ce-X (ch as c1)"
ca-ch-ce-hc,0,-1,2,"GAFF 1.81, from gaff-1.81.dat (AmberTools 24.8) X-c1-ce-X (ch as c1)"
ca-ch-cu-ca,0,-1,2,"GAFF 1.81, from gaff-1.81.dat (AmberTools 24.8) X-c1-c1-X (stand-in: *-ch-cu-* as X-c1-c1-X)"
ca-ch-cu-ha,0,-1,2,"GAFF 1.81, from gaff-1.81.dat (AmberTools 24.8) X-c1-c1-X (stand-in: *-ch-cu-* as X-c1-c1-X)"
ca-ch-cu-cp,0,-1,2,"GAFF 1.81, from gaff-1.81.dat (AmberTools 24.8) X-c1-c1-X (stand-in: *-ch-cu-* as X-c1-c1-X)"
ca-ch-cu-c1,0,-1,2,"GAFF 1.81, from gaff-1.81.dat (AmberTools 24.8) X-c1-c1-X (stand-in: *-ch-cu-* as X-c1-c1-X)"
ca-ch-cu-cg,0,-1,2,"GAFF 1.81, from gaff-1.81.dat (AmberTools 24.8) X-c1-c1-X (stand-in: *-ch-cu-* as X-c1-c1-X)"
ca-ch-cu-ch,0,-1,2,"GAFF 1.81, from gaff-1.81.dat (AmberTools 24.8) X-c1-c1-X (stand-in: *-ch-cu-* as X-c1-c1-X)"
ca-ch-cu-ce,0,-1,2,"GAFF 1.81, from gaff-1.81.dat (AmberTools 24.8) X-c1-c1-X (stand-in: *-ch-cu-* as X-c1-c1-X)"
ca-ch-cu-cu,0,-1,2,"GAFF 1.81, from gaff-1.81.dat (AmberTools 24.8) X-c1-c1-X (stand-in: *-ch-cu-* as X-c1-c1-X)"
ca-ch-cu-c3,0,-1,2,"GAFF 1.81, from gaff-1.81.dat (AmberTools 24.8) X-c1-c1-X (stand-in: *-ch-cu-* as X-c1-c1-X)"
ca-ch-cu-hc,0,-1,2,"GAFF 1.81, from gaff-1.81.dat (AmberTools 24.8) X-c1-c1-X (stand-in: *-ch-cu-* as X-c1-c1-X)"
ca-ch-c3-ca,0,-1,2,"GAFF 1.81, from gaff-1.81.dat (AmberTools 24.8) X-c1-c3-X (ch as c1)"
ca-ch-c3-ha,0,-1,2,"GAFF 1.81, from gaff-1.81.dat (AmberTools 24.8) X-c1-c3-X (ch as c1)"
ca-ch-c3-cp,0,-1,2,"GAFF 1.81, from gaff-1.81.dat (AmberTools 24.8) X-c1-c3-X (ch as c1)"
ca-ch-c3-c1,0,-1,2,"GAFF 1.81, from gaff-1.81.dat (AmberTools 24.8) X-c1-c3-X (ch as c1)"
ca-ch-c3-cg,0,-1,2,"GAFF 1.81, from gaff-1.81.dat (AmberTools 24.8) X-c1-c3-X (ch as c1)"
ca-ch-c3-ch,0,-1,2,"GAFF 1.81, from gaff-1.81.dat (AmberTools 24.8) X-c1-c3-X (ch as c1)"
ca-ch-c3-ce,0,-1,2,"GAFF 1.81, from gaff-1.81.dat (AmberTools 24.8) X-c1-c3-X (ch as c1)"
ca-ch-c3-cu,0,-1,2,"GAFF 1.81, from gaff-1.81.dat (AmberTools 24.8) X-c1-c3-X (ch as c1)"
ca-ch-c3-c3,0,-1,2,"GAFF 1.81, from gaff-1.81.dat (AmberTools 24.8) X-c1-c3-X (ch as c1)"
ca-ch-c3-hc,0,-1,2,"GAFF 1.81, from gaff-1.81.dat (AmberTools 24.8) X-c1-c3-X (ch as c1)"
ca-ce-ca-ca,1.4,-1,2,"GAFF 1.81, from gaff-1.81.dat (AmberTools 24.8) X-c2-ca-X (ce as c2)"
ca-ce-ca-ha,1.4,-1,2,"GAFF 1.81, from gaff-1.81.dat (AmberTools 24.8) X-c2-ca-X (ce as c2)"
ca-ce-ca-cp,1.4,-1,2,"GAFF 1.81, from gaff-1.81.dat (AmberTools 24.8) X-c2-ca-X (ce as c2)"
ca-ce-ca-c1,1.4,-1,2,"GAFF 1.81, from gaff-1.81.dat (AmberTools 24.8) X-c2-ca-X (ce as c2)"
ca-ce-ca-cg,1.4,-1,2,"GAFF 1.81, from gaff-1.81.dat (AmberTools 24.8) X-c2-ca-X (ce as c2)"
ca-ce-ca-ch,1.4,-1,2,"GAFF 1.81, from gaff-1.81.dat (AmberTools 24.8) X-c2-ca-X (ce as c2)"
ca-ce-ca-ce,1.4,-1,2,"GAFF 1.81, from gaff-1.81.dat (AmberTools 24.8) X-c2-ca-X (ce as c2)"
ca-ce-ca-cu,1.4,-1,2,"GAFF 1.81, from gaff-1.81.dat (AmberTools 24.8) X-c2-ca-X (ce as c2)"
ca-ce-ca-c3,1.4,-1,2,"GAFF 1.81, from gaff-1.81.dat (AmberTools 24.8) X-c2-ca-X (ce as c2)"
ca-ce-ca-hc,1.4,-1,2,"GAFF 1.81, from gaff-1.81.dat (AmberTools 24.8) X-c2-ca-X (ce as c2)"
ca-ce-cp-ca,1.4,-1,2,"GAFF 1.81, from gaff-1.81.dat (AmberTools 24.8) X-c2-ca-X (ce as c2, cp as ca)"
ca-ce-cp-ha,1.4,-1,2,"GAFF 1.81, from gaff-1.81.dat (AmberTools 24.8) X-c2-ca-X (ce as c2, cp as ca)"
ca-ce-cp-cp,1.4,-1,2,"GAFF 1.81, from gaff-1.81.dat (AmberTools 24.8) X-c2-ca-X (ce as c2, cp as ca)"
ca-ce-cp-c1,1.4,-1,2,"GAFF 1.81, from gaff-1.81.dat (AmberTools 24.8) X-c2-ca-X (ce as c2, cp as ca)"
ca-ce-cp-cg,1.4,-1,2,"GAFF 1.81, from gaff-1.81.dat (AmberTools 24.8) X-c2-ca-X (ce as c2, cp as ca)"
ca-ce-cp-ch,1.4,-1,2,"GAFF 1.81, from gaff-1.81.dat (AmberTools 24.8) X-c2-ca-X (ce as c2, cp as ca)"
ca-ce-cp-ce,1.4,-1,2,"GAFF 1.81, from gaff-1.81.dat (AmberTools 24.8) X-c2-ca-X (ce as c2, cp as ca)"
ca-ce-cp-cu,1.4,-1,2,"GAFF 1.81, from gaff-1.81.dat (AmberTools 24.8) X-c2-ca-X (ce as c2, cp as ca)"
ca-ce-cp-c3,1.4,-1,2,"GAFF 1.81, from gaff-1.81.dat (AmberTools 24.8) X-c2-ca-X (ce as c2, cp as ca)"
ca-ce-cp-hc,1.4,-1,2,"GAFF 1.81, from gaff-1.81.dat (AmberTools 24.8) X-c2-ca-X (ce as c2, cp as ca)"
ca-ce-c1-ca,0,-1,2,"GAFF 1.81, from gaff-1.81.dat (AmberTools 24.8) X-c1-ce-X"
ca-ce-c1-ha,0,-1,2,"GAFF 1.81, from gaff-1.81.dat (AmberTools 24.8) X-c1-ce-X"
ca-ce-c1-cp,0,-1,2,"GAFF 1.81, from gaff-1.81.dat (AmberTools 24.8) X-c1-ce-X"
ca-ce-c1-c1,0,-1,2,"GAFF 1.81, from gaff-1.81.dat (AmberTools 24.8) X-c1-ce-X"
ca-ce-c1-cg,0,-1,2,"GAFF 1.81, from gaff-1.81.dat (AmberTools 24.8) X-c1-ce-X"
ca-ce-c1-ch,0,-1,2,"GAFF 1.81, from gaff-1.81.dat (AmberTools 24.8) X-c1-ce-X"
ca-ce-c1-ce,0,-1,2,"GAFF 1.81, from gaff-1.81.dat (AmberTools 24.8) X-c1-ce-X"
ca-ce-c1-cu,0,-1,2,"GAFF 1.81, from gaff-1.81.dat (AmberTools 24.8) X-c1-ce-X"
ca-ce-c1-c3,0,-1,2,"GAFF 1.81, from gaff-1.81.dat (AmberTools 24.8) X-c1-ce-X"
ca-ce-c1-hc,0,-1,2,"GAFF 1.81, from gaff-1.81.dat (AmberTools 24.8) X-c1-ce-X"
ca-ce-cg-ca,0,-1,2,"GAFF 1.81, from gaff-1.81.dat (AmberTools 24.8) X-c1-ce-X (cg as c1)"
ca-ce-cg-ha,0,-1,2,"GAFF 1.81, from gaff-1.81.dat (AmberTools 24.8) X-c1-ce-X (cg as c1)"
ca-ce-cg-cp,0,-1,2,"GAFF 1.81, from gaff-1.81.dat (AmberTools 24.8) X-c1-ce-X (cg as c1)"
ca-ce-cg-c1,0,-1,2,"GAFF 1.81, from gaff-1.81.dat (AmberTools 24.8) X-c1-ce-X (cg as c1)"
ca-ce-cg-cg,0,-1,2,"GAFF 1.81, from gaff-1.81.dat (AmberTools 24.8) X-c1-ce-X (cg as c1)"
ca-ce-cg-ch,0,-1,2,"GAFF 1.81, from gaff-1.81.dat (AmberTools 24.8) X-c1-ce-X (cg as c1)"
ca-ce-cg-ce,0,-1,2,"GAFF 1.81, from gaff-1.81.dat (AmberTools 24.8) X-c1-ce-X (cg as c1)"
ca-ce-cg-cu,0,-1,2,"GAFF 1.81, from gaff-1.81.dat (AmberTools 24.8) X-c1-ce-X (cg as c1)"
ca-ce-cg-c3,0,-1,2,"GAFF 1.81, from gaff-1.81.dat (AmberTools 24.8) X-c1-ce-X (cg as c1)"
ca-ce-cg-hc,0,-1,2,"GAFF 1.81, from gaff-1.81.dat (AmberTools 24.8) X-c1-ce-X (cg as c1)"
ca-ce-ch-ca,0,-1,2,"GAFF 1.81, from gaff-1.81.dat (AmberTools 24.8) X-c1-ce-X (ch as c1)"
ca-ce-ch-ha,0,-1,2,"GAFF 1.81, from gaff-1.81.dat (AmberTools 24.8) X-c1-ce-X (ch as c1)"
ca-ce-ch-cp,0,-1,2,"GAFF 1.81, from gaff-1.81.dat (AmberTools 24.8) X-c1-ce-X (ch as c1)"
ca-ce-ch-c1,0,-1,2,"GAFF 1.81, from gaff-1.81.dat (AmberTools 24.8) X-c1-ce-X (ch as c1)"
ca-ce-ch-cg,0,-1,2,"GAFF 1.81, from gaff-1.81.dat (AmberTools 24.8) X-c1-ce-X (ch as c1)"
ca-ce-ch-ch,0,-1,2,"GAFF 1.81, from gaff-1.81.dat (AmberTools 24.8) X-c1-ce-X (ch as c1)"
ca-ce-ch-ce,0,-1,2,"GAFF 1.81, from gaff-1.81.dat (AmberTools 24.8) X-c1-ce-X (ch as c1)"
ca-ce-ch-cu,0,-1,2,"GAFF 1.81, from gaff-1.81.dat (AmberTools 24.8) X-c1-ce-X (ch as c1)"
ca-ce-ch-c3,0,-1,2,"GAFF 1.81, from gaff-1.81.dat (AmberTools 24.8) X-c1-ce-X (ch as c1)"
ca-ce-ch-hc,0,-1,2,"GAFF 1.81, from gaff-1.81.dat (AmberTools 24.8) X-c1-ce-X (ch as c1)"
ca-ce-ce-ca,2,-1,2,"GAFF 1.81, from gaff-1.81.dat (AmberTools 24.8) X-ce-ce-X"
ca-ce-ce-ha,2,-1,2,"GAFF 1.81, from gaff-1.81.dat (AmberTools 24.8) X-ce-ce-X"
ca-ce-ce-cp,2,-1,2,"GAFF 1.81, from gaff-1.81.dat (AmberTools 24.8) X-ce-ce-X"
ca-ce-ce-c1,2,-1,2,"GAFF 1.81, from gaff-1.81.dat (AmberTools 24.8) X-ce-ce-X"
ca-ce-ce-cg,2,-1,2,"GAFF 1.81, from gaff-1.81.dat (AmberTools 24.8) X-ce-ce-X"
ca-ce-ce-ch,2,-1,2,"GAFF 1.81, from gaff-1.81.dat (AmberTools 24.8) X-ce-ce-X"
ca-ce-ce-ce,2,-1,2,"GAFF 1.81, from gaff-1.81.dat (AmberTools 24.8) X-ce-ce-X"
ca-ce-ce-cu,2,-1,2,"GAFF 1.81, from gaff-1.81.dat (AmberTools 24.8) X-ce-ce-X"
ca-ce-ce-c3,2,-1,2,"GAFF 1.81, from gaff-1.81.dat (AmberTools 24.8) X-ce-ce-X"
ca-ce-ce-hc,2,-1,2,"GAFF 1.81, from gaff-1.81.dat (AmberTools 24.8) X-ce-ce-X"
ca-ce-cu-ca,2,-1,2,"GAFF 1.81, from gaff-1.81.dat (AmberTools 24.8) X-cp-cp-X (stand-in: *-ce-cu-* as X-cp-cp-X)"
ca-ce-cu-ha,2,-1,2,"GAFF 1.81, from gaff-1.81.dat (AmberTools 24.8) X-cp-cp-X (stand-in: *-ce-cu-* as X-cp-cp-X)"
ca-ce-cu-cp,2,-1,2,"GAFF 1.81, from gaff-1.81.dat (AmberTools 24.8) X-cp-cp-X (stand-in: *-ce-cu-* as X-cp-cp-X)"
ca-ce-cu-c1,2,-1,2,"GAFF 1.81, from gaff-1.81.dat (AmberTools 24.8) X-cp-cp-X (stand-in: *-ce-cu-* as X-cp-cp-X)"
ca-ce-cu-cg,2,-1,2,"GAFF 1.81, from gaff-1.81.dat (AmberTools 24.8) X-cp-cp-X (stand-in: *-ce-cu-* as X-cp-cp-X)"
ca-ce-cu-ch,2,-1,2,"GAFF 1.81, from gaff-1.81.dat (AmberTools 24.8) X-cp-cp-X (stand-in: *-ce-cu-* as X-cp-cp-X)"
ca-ce-cu-ce,2,-1,2,"GAFF 1.81, from gaff-1.81.dat (AmberTools 24.8) X-cp-cp-X (stand-in: *-ce-cu-* as X-cp-cp-X)"
ca-ce-cu-cu,2,-1,2,"GAFF 1.81, from gaff-1.81.dat (AmberTools 24.8) X-cp-cp-X (stand-in: *-ce-cu-* as X-cp-cp-X)"
ca-ce-cu-c3,2,-1,2,"GAFF 1.81, from gaff-1.81.dat (AmberTools 24.8) X-cp-cp-X (stand-in: *-ce-cu-* as X-cp-cp-X)"
ca-ce-cu-hc,2,-1,2,"GAFF 1.81, from gaff-1.81.dat (AmberTools 24.8) X-cp-cp-X (stand-in: *-ce-cu-* as X-cp-cp-X)"
ca-ce-c3-ca,0,1,2,"GAFF 1.81, from gaff-1.81.dat (AmberTools 24.8) X-c2-c3-X (ce as c2)"
ca-ce-c3-ha,0,1,2,"GAFF 1.81, from gaff-1.81.dat (AmberTools 24.8) X-c2-c3-X (ce as c2)"
ca-ce-c3-cp,0,1,2,"GAFF 1.81, from gaff-1.81.dat (AmberTools 24.8) X-c2-c3-X (ce as c2)"
ca-ce-c3-c1,0,1,2,"GAFF 1.81, from gaff-1.81.dat (AmberTools 24.8) X-c2-c3-X (ce as c2)"
ca-ce-c3-cg,0,1,2,"GAFF 1.81, from gaff-1.81.dat (AmberTools 24.8) X-c2-c3-X (ce as c2)"
ca-ce-c3-ch,0,1,2,"GAFF 1.81, from gaff-1.81.dat (AmberTools 24.8) X-c2-c3-X (ce as c2)"
ca-ce-c3-ce,0,1,2,"GAFF 1.81, from gaff-1.81.dat (AmberTools 24.8) X-c2-c3-X (ce as c2)"
ca-ce-c3-cu,0,1,2,"GAFF 1.81, from gaff-1.81.dat (AmberTools 24.8) X-c2-c3-X (ce as c2)"
ca-ce-c3-c3,0,1,2,"GAFF 1.81, from gaff-1.81.dat (AmberTools 24.8) X-c2-c3-X (ce as c2)"
ca-ce-c3-hc,0,1,2,"GAFF 1.81, from gaff-1.81.dat (AmberTools 24.8) X-c2-c3-X (ce as c2)"
ca-cu-ca-ca,2,-1,2,"GAFF 1.81, from gaff-1.81.dat (AmberTools 24.8) X-cp-cp-X (stand-in: *-ca-cu-* as X-cp-cp-X)"
ca-cu-ca-ha,2,-1,2,"GAFF 1.81, from gaff-1.81.dat (AmberTools 24.8) X-cp-cp-X (stand-in: *-ca-cu-* as X-cp-cp-X)"
ca-cu-ca-cp,2,-1,2,"GAFF 1.81, from gaff-1.81.dat (AmberTools 24.8) X-cp-cp-X (stand-in: *-ca-cu-* as X-cp-cp-X)"
ca-cu-ca-c1,2,-1,2,"GAFF 1.81, from gaff-1.81.dat (AmberTools 24.8) X-cp-cp-X (stand-in: *-ca-cu-* as X-cp-cp-X)"
ca-cu-ca-cg,2,-1,2,"GAFF 1.81, from gaff-1.81.dat (AmberTools 24.8) X-cp-cp-X (stand-in: *-ca-cu-* as X-cp-cp-X)"
ca-cu-ca-ch,2,-1,2,"GAFF 1.81, from gaff-1.81.dat (AmberTools 24.8) X-cp-cp-X (stand-in: *-ca-cu-* as X-cp-cp-X)"
ca-cu-ca-ce,2,-1,2,"GAFF 1.81, from gaff-1.81.dat (AmberTools 24.8) X-cp-cp-X (stand-in: *-ca-cu-* as X-cp-cp-X)"
ca-cu-ca-cu,2,-1,2,"GAFF 1.81, from gaff-1.81.dat (AmberTools 24.8) X-cp-cp-X (stand-in: *-ca-cu-* as X-cp-cp-X)"
ca-cu-ca-c3,2,-1,2,"GAFF 1.81, from gaff-1.81.dat (AmberTools 24.8) X-cp-cp-X (stand-in: *-ca-cu-* as X-cp-cp-X)"
ca-cu-ca-hc,2,-1,2,"GAFF 1.81, from gaff-1.81.dat (AmberTools 24.8) X-cp-cp-X (stand-in: *-ca-cu-* as X-cp-cp-X)"
ca-cu-cp-ca,2,-1,2,"GAFF 1.81, from gaff-1.81.dat (AmberTools 24.8) X-cp-cp-X (stand-in: *-cp-cu-* as X-cp-cp-X)"
ca-cu-cp-ha,2,-1,2,"GAFF 1.81, from gaff-1.81.dat (AmberTools 24.8) X-cp-cp-X (stand-in: *-cp-cu-* as X-cp-cp-X)"
ca-cu-cp-cp,2,-1,2,"GAFF 1.81, from gaff-1.81.dat (AmberTools 24.8) X-cp-cp-X (stand-in: *-cp-cu-* as X-cp-cp-X)"
ca-cu-cp-c1,2,-1,2,"GAFF 1.81, from gaff-1.81.dat (AmberTools 24.8) X-cp-cp-X (stand-in: *-cp-cu-* as X-cp-cp-X)"
ca-cu-cp-cg,2,-1,2,"GAFF 1.81, from gaff-1.81.dat (AmberTools 24.8) X-cp-cp-X (stand-in: *-cp-cu-* as X-cp-cp-X)"
ca-cu-cp-ch,2,-1,2,"GAFF 1.81, from gaff-1.81.dat (AmberTools 24.8) X-cp-cp-X (stand-in: *-cp-cu-* as X-cp-cp-X)"
ca-cu-cp-ce,2,-1,2,"GAFF 1.81, from gaff-1.81.dat (AmberTools 24.8) X-cp-cp-X (stand-in: *-cp-cu-* as X-cp-cp-X)"
ca-cu-cp-cu,2,-1,2,"GAFF 1.81, from gaff-1.81.dat (AmberTools 24.8) X-cp-cp-X (stand-in: *-cp-cu-* as X-cp-cp-X)"
ca-cu-cp-c3,2,-1,2,"GAFF 1.81, from gaff-1.81.dat (AmberTools 24.8) X-cp-cp-X (stand-in: *-cp-cu-* as X-cp-cp-X)"
ca-cu-cp-hc,2,-1,2,"GAFF 1.81, from gaff-1.81.dat (AmberTools 24.8) X-cp-cp-X (stand-in: *-cp-cu-* as X-cp-cp-X)"
ca-cu-c1-ca,0,-1,2,"GAFF 1.81, from gaff-1.81.dat (AmberTools 24.8) X-c1-cu-X"
ca-cu-c1-ha,0,-1,2,"GAFF 1.81, from gaff-1.81.dat (AmberTools 24.8) X-c1-cu-X"
ca-cu-c1-cp,0,-1,2,"GAFF 1.81, from gaff-1.81.dat (AmberTools 24.8) X-c1-cu-X"
ca-cu-c1-c1,0,-1,2,"GAFF 1.81, from gaff-1.81.dat (AmberTools 24.8) X-c1-cu-X"
ca-cu-c1-cg,0,-1,2,"GAFF 1.81, from gaff-1.81.dat (AmberTools 24.8) X-c1-cu-X"
ca-cu-c1-ch,0,-1,2,"GAFF 1.81, from gaff-1.81.dat (AmberTools 24.8) X-c1-cu-X"
ca-cu-c1-ce,0,-1,2,"GAFF 1.81, from gaff-1.81.dat (AmberTools 24.8) X-c1-cu-X"
ca-cu-c1-cu,0,-1,2,"GAFF 1.81, from gaff-1.81.dat (AmberTools 24.8) X-c1-cu-X"
ca-cu-c1-c3,0,-1,2,"GAFF 1.81, from gaff-1.81.dat (AmberTools 24.8) X-c1-cu-X"
ca-cu-c1-hc,0,-1,2,"GAFF 1.81, from gaff-1.81.dat (AmberTools 24.8) X-c1-cu-X"
ca-cu-cg-ca,0,-1,2,"GAFF 1.81, from gaff-1.81.dat (AmberTools 24.8) X-c1-c1-X (stand-in: *-cg-cu-* as X-c1-c1-X)"
ca-cu-cg-ha,0,-1,2,"GAFF 1.81, from gaff-1.81.dat (AmberTools 24.8) X-c1-c1-X (stand-in: *-cg-cu-* as X-c1-c1-X)"
ca-cu-cg-cp,0,-1,2,"GAFF 1.81, from gaff-1.81.dat (AmberTools 24.8) X-c1-c1-X (stand-in: *-cg-cu-* as X-c1-c1-X)"
ca-cu-cg-c1,0,-1,2,"GAFF 1.81, from gaff-1.81.dat (AmberTools 24.8) X-c1-c1-X (stand-in: *-cg-cu-* as X-c1-c1-X)"
ca-cu-cg-cg,0,-1,2,"GAFF 1.81, from gaff-1.81.dat (AmberTools 24.8) X-c1-c1-X (stand-in: *-cg-cu-* as X-c1-c1-X)"
ca-cu-cg-ch,0,-1,2,"GAFF 1.81, from gaff-1.81.dat (AmberTools 24.8) X-c1-c1-X (stand-in: *-cg-cu-* as X-c1-c1-X)"
ca-cu-cg-ce,0,-1,2,"GAFF 1.81, from gaff-1.81.dat (AmberTools 24.8) X-c1-c1-X (stand-in: *-cg-cu-* as X-c1-c1-X)"
ca-cu-cg-cu,0,-1,2,"GAFF 1.81, from gaff-1.81.dat (AmberTools 24.8) X-c1-c1-X (stand-in: *-cg-cu-* as X-c1-c1-X)"
ca-cu-cg-c3,0,-1,2,"GAFF 1.81, from gaff-1.81.dat (AmberTools 24.8) X-c1-c1-X (stand-in: *-cg-cu-* as X-c1-c1-X)"
ca-cu-cg-hc,0,-1,2,"GAFF 1.81, from gaff-1.81.dat (AmberTools 24.8) X-c1-c1-X (stand-in: *-cg-cu-* as X-c1-c1-X)"
ca-cu-ch-ca,0,-1,2,"GAFF 1.81, from gaff-1.81.dat (AmberTools 24.8) X-c1-c1-X (stand-in: *-ch-cu-* as X-c1-c1-X)"
ca-cu-ch-ha,0,-1,2,"GAFF 1.81, from gaff-1.81.dat (AmberTools 24.8) X-c1-c1-X (stand-in: *-ch-cu-* as X-c1-c1-X)"
ca-cu-ch-cp,0,-1,2,"GAFF 1.81, from gaff-1.81.dat (AmberTools 24.8) X-c1-c1-X (stand-in: *-ch-cu-* as X-c1-c1-X)"
ca-cu-ch-c1,0,-1,2,"GAFF 1.81, from gaff-1.81.dat (AmberTools 24.8) X-c1-c1-X (stand-in: *-ch-cu-* as X-c1-c1-X)"
ca-cu-ch-cg,0,-1,2,"GAFF 1.81, from gaff-1.81.dat (AmberTools 24.8) X-c1-c1-X (stand-in: *-ch-cu-* as X-c1-c1-X)"
ca-cu-ch-ch,0,-1,2,"GAFF 1.81, from gaff-1.81.dat (AmberTools 24.8) X-c1-c1-X (stand-in: *-ch-cu-* as X-c1-c1-X)"
ca-cu-ch-ce,0,-1,2,"GAFF 1.81, from gaff-1.81.dat (AmberTools 24.8) X-c1-c1-X (stand-in: *-ch-cu-* as X-c1-c1-X)"
ca-cu-ch-cu,0,-1,2,"GAFF 1.81, from gaff-1.81.dat (AmberTools 24.8) X-c1-c1-X (stand-in: *-ch-cu-* as X-c1-c1-X)"
ca-cu-ch-c3,0,-1,2,"GAFF 1.81, from gaff-1.81.dat (AmberTools 24.8) X-c1-c1-X (stand-in: *-ch-cu-* as X-c1-c1-X)"
ca-cu-ch-hc,0,-1,2,"GAFF 1.81, from gaff-1.81.dat (AmberTools 24.8) X-c1-c1-X (stand-in: *-ch-cu-* as X-c1-c1-X)"
ca-cu-ce-ca,2,-1,2,"GAFF 1.81, from gaff-1.81.dat (AmberTools 24.8) X-cp-cp-X (stand-in: *-ce-cu-* as X-cp-cp-X)"
ca-cu-ce-ha,2,-1,2,"GAFF 1.81, from gaff-1.81.dat (AmberTools 24.8) X-cp-cp-X (stand-in: *-ce-cu-* as X-cp-cp-X)"
ca-cu-ce-cp,2,-1,2,"GAFF 1.81, from gaff-1.81.dat (AmberTools 24.8) X-cp-cp-X (stand-in: *-ce-cu-* as X-cp-cp-X)"
ca-cu-ce-c1,2,-1,2,"GAFF 1.81, from gaff-1.81.dat (AmberTools 24.8) X-cp-cp-X (stand-in: *-ce-cu-* as X-cp-cp-X)"
ca-cu-ce-cg,2,-1,2,"GAFF 1.81, from gaff-1.81.dat (AmberTools 24.8) X-cp-cp-X (stand-in: *-ce-cu-* as X-cp-cp-X)"
ca-cu-ce-ch,2,-1,2,"GAFF 1.81, from gaff-1.81.dat (AmberTools 24.8) X-cp-cp-X (stand-in: *-ce-cu-* as X-cp-cp-X)"
ca-cu-ce-ce,2,-1,2,"GAFF 1.81, from gaff-1.81.dat (AmberTools 24.8) X-cp-cp-X (stand-in: *-ce-cu-* as X-cp-cp-X)"
ca-cu-ce-cu,2,-1,2,"GAFF 1.81, from gaff-1.81.dat (AmberTools 24.8) X-cp-cp-X (stand-in: *-ce-cu-* as X-cp-cp-X)"
ca-cu-ce-c3,2,-1,2,"GAFF 1.81, from gaff-1.81.dat (AmberTools 24.8) X-cp-cp-X (stand-in: *-ce-cu-* as X-cp-cp-X)"
ca-cu-ce-hc,2,-1,2,"GAFF 1.81, from gaff-1.81.dat (AmberTools 24.8) X-cp-cp-X (stand-in: *-ce-cu-* as X-cp-cp-X)"
ca-cu-cu-ca,2,-1,2,"GAFF 1.81, from gaff-1.81.dat (AmberTools 24.8) X-ce-ce-X (cu as ce)"
ca-cu-cu-ha,2,-1,2,"GAFF 1.81, from gaff-1.81.dat (AmberTools 24.8) X-ce-ce-X (cu as ce)"
ca-cu-cu-cp,2,-1,2,"GAFF 1.81, from gaff-1.81.dat (AmberTools 24.8) X-ce-ce-X (cu as ce)"
ca-cu-cu-c1,2,-1,2,"GAFF 1.81, from gaff-1.81.dat (AmberTools 24.8) X-ce-ce-X (cu as ce)"
ca-cu-cu-cg,2,-1,2,"GAFF 1.81, from gaff-1.81.dat (AmberTools 24.8) X-ce-ce-X (cu as ce)"
ca-cu-cu-ch,2,-1,2,"GAFF 1.81, from gaff-1.81.dat (AmberTools 24.8) X-ce-ce-X (cu as ce)"
ca-cu-cu-ce,2,-1,2,"GAFF 1.81, from gaff-1.81.dat (AmberTools 24.8) X-ce-ce-X (cu as ce)"
ca-cu-cu-cu,2,-1,2,"GAFF 1.81, from gaff-1.81.dat (AmberTools 24.8) X-ce-ce-X (cu as ce)"
ca-cu-cu-c3,2,-1,2,"GAFF 1.81, from gaff-1.81.dat (AmberTools 24.8) X-ce-ce-X (cu as ce)"
ca-cu-cu-hc,2,-1,2,"GAFF 1.81, from gaff-1.81.dat (AmberTools 24.8) X-ce-ce-X (cu as ce)"
ca-cu-c3-ca,0,1,2,"GAFF 1.81, from gaff-1.81.dat (AmberTools 24.8) X-c2-c3-X (stand-in: *-c3-cu-* as X-c2-c3-X)"
ca-cu-c3-ha,0,1,2,"GAFF 1.81, from gaff-1.81.dat (AmberTools 24.8) X-c2-c3-X (stand-in: *-c3-cu-* as X-c2-c3-X)"
ca-cu-c3-cp,0,1,2,"GAFF 1.81, from gaff-1.81.dat (AmberTools 24.8) X-c2-c3-X (stand-in: *-c3-cu-* as X-c2-c3-X)"
ca-cu-c3-c1,0,1,2,"GAFF 1.81, from gaff-1.81.dat (AmberTools 24.8) X-c2-c3-X (stand-in: *-c3-cu-* as X-c2-c3-X)"
ca-cu-c3-cg,0,1,2,"GAFF 1.81, from gaff-1.81.dat (AmberTools 24.8) X-c2-c3-X (stand-in: *-c3-cu-* as X-c2-c3-X)"
ca-cu-c3-ch,0,1,2,"GAFF 1.81, from gaff-1.81.dat (AmberTools 24.8) X-c2-c3-X (stand-in: *-c3-cu-* as X-c2-c3-X)"
ca-cu-c3-ce,0,1,2,"GAFF 1.81, from gaff-1.81.dat (AmberTools 24.8) X-c2-c3-X (stand-in: *-c3-cu-* as X-c2-c3-X)"
ca-cu-c3-cu,0,1,2,"GAFF 1.81, from gaff-1.81.dat (AmberTools 24.8) X-c2-c3-X (stand-in: *-c3-cu-* as X-c2-c3-X)"
ca-cu-c3-c3,0,1,2,"GAFF 1.81, from gaff-1.81.dat (AmberTools 24.8) X-c2-c3-X (stand-in: *-c3-cu-* as X-c2-c3-X)"
ca-cu-c3-hc,0,1,2,"GAFF 1.81, from gaff-1.81.dat (AmberTools 24.8) X-c2-c3-X (stand-in: *-c3-cu-* as X-c2-c3-X)"
ca-c3-ca-ca,0,1,2,"GAFF 1.81, from gaff-1.81.dat (AmberTools 24.8) X-c3-ca-X"
ca-c3-ca-ha,0,1,2,"GAFF 1.81, from gaff-1.81.dat (AmberTools 24.8) X-c3-ca-X"
ca-c3-ca-cp,0,1,2,"GAFF 1.81, from gaff-1.81.dat (AmberTools 24.8) X-c3-ca-X"
ca-c3-ca-c1,0,1,2,"GAFF 1.81, from gaff-1.81.dat (AmberTools 24.8) X-c3-ca-X"
ca-c3-ca-cg,0,1,2,"GAFF 1.81, from gaff-1.81.dat (AmberTools 24.8) X-c3-ca-X"
ca-c3-ca-ch,0,1,2,"GAFF 1.81, from gaff-1.81.dat (AmberTools 24.8) X-c3-ca-X"
ca-c3-ca-ce,0,1,2,"GAFF 1.81, from gaff-1.81.dat (AmberTools 24.8) X-c3-ca-X"
ca-c3-ca-cu,0,1,2,"GAFF 1.81, from gaff-1.81.dat (AmberTools 24.8) X-c3-ca-X"
ca-c3-ca-c3,0,1,2,"GAFF 1.81, from gaff-1.81.dat (AmberTools 24.8) X-c3-ca-X"
ca-c3-ca-hc,0,1,2,"GAFF 1.81, from gaff-1.81.dat (AmberTools 24.8) X-c3-ca-X"
ca-c3-cp-ca,0,1,2,"GAFF 1.81, from gaff-1.81.dat (AmberTools 24.8) X-c3-ca-X (cp as ca)"
ca-c3-cp-ha,0,1,2,"GAFF 1.81, from gaff-1.81.dat (AmberTools 24.8) X-c3-ca-X (cp as ca)"
ca-c3-cp-cp,0,1,2,"GAFF 1.81, from gaff-1.81.dat (AmberTools 24.8) X-c3-ca-X (cp as ca)"
ca-c3-cp-c1,0,1,2,"GAFF 1.81, from gaff-1.81.dat (AmberTools 24.8) X-c3-ca-X (cp as ca)"
ca-c3-cp-cg,0,1,2,"GAFF 1.81, from gaff-1.81.dat (AmberTools 24.8) X-c3-ca-X (cp as ca)"
ca-c3-cp-ch,0,1,2,"GAFF 1.81, from gaff-1.81.dat (AmberTools 24.8) X-c3-ca-X (cp as ca)"
ca-c3-cp-ce,0,1,2,"GAFF 1.81, from gaff-1.81.dat (AmberTools 24.8) X-c3-ca-X (cp as ca)"
ca-c3-cp-cu,0,1,2,"GAFF 1.81, from gaff-1.81.dat (AmberTools 24.8) X-c3-ca-X (cp as ca)"
ca-c3-cp-c3,0,1,2,"GAFF 1.81, from gaff-1.81.dat (AmberTools 24.8) X-c3-ca-X (cp as ca)"
ca-c3-cp-hc,0,1,2,"GAFF 1.81, from gaff-1.81.dat (AmberTools 24.8) X-c3-ca-X (cp as ca)"
ca-c3-c1-ca,0,-1,2,"GAFF 1.81, from gaff-1.81.dat (AmberTools 24.8) X-c1-c3-X"
ca-c3-c1-ha,0,-1,2,"GAFF 1.81, from gaff-1.81.dat (AmberTools 24.8) X-c1-c3-X"
ca-c3-c1-cp,0,-1,2,"GAFF 1.81, from gaff-1.81.dat (AmberTools 24.8) X-c1-c3-X"
ca-c3-c1-c1,0,-1,2,"GAFF 1.81, from gaff-1.81.dat (AmberTools 24.8) X-c1-c3-X"
ca-c3-c1-cg,0,-1,2,"GAFF 1.81, from gaff-1.81.dat (AmberTools 24.8) X-c1-c3-X"
ca-c3-c1-ch,0,-1,2,"GAFF 1.81, from gaff-1.81.dat (AmberTools 24.8) X-c1-c3-X"
ca-c3-c1-ce,0,-1,2,"GAFF 1.81, from gaff-1.81.dat (AmberTools 24.8) X-c1-c3-X"
ca-c3-c1-cu,0,-1,2,"GAFF 1.81, from gaff-1.81.dat (AmberTools 24.8) X-c1-c3-X"
ca-c3-c1-c3,0,-1,2,"GAFF 1.81, from gaff-1.81.dat (AmberTools 24.8) X-c1-c3-X"
ca-c3-c1-hc,0,-1,2,"GAFF 1.81, from gaff-1.81.dat (AmberTools 24.8) X-c1-c3-X"
ca-c3-cg-ca,0,-1,2,"GAFF 1.81, from gaff-1.81.dat (AmberTools 24.8) X-c1-c3-X (cg as c1)"
ca-c3-cg-ha,0,-1,2,"GAFF 1.81, from gaff-1.81.dat (AmberTools 24.8) X-c1-c3-X (cg as c1)"
ca-c3-cg-cp,0,-1,2,"GAFF 1.81, from gaff-1.81.dat (AmberTools 24.8) X-c1-c3-X (cg as c1)"
ca-c3-cg-c1,0,-1,2,"GAFF 1.81, from gaff-1.81.dat (AmberTools 24.8) X-c1-c3-X (cg as c1)"
ca-c3-cg-cg,0,-1,2,"GAFF 1.81, from gaff-1.81.dat (AmberTools 24.8) X-c1-c3-X (cg as c1)"
ca-c3-cg-ch,0,-1,2,"GAFF 1.81, from gaff-1.81.dat (AmberTools 24.8) X-c1-c3-X (cg as c1)"
ca-c3-cg-ce,0,-1,2,"GAFF 1.81, from gaff-1.81.dat (AmberTools 24.8) X-c1-c3-X (cg as c1)"
ca-c3-cg-cu,0,-1,2,"GAFF 1.81, from gaff-1.81.dat (AmberTools 24.8) X-c1-c3-X (cg as c1)"
ca-c3-cg-c3,0,-1,2,"GAFF 1.81, from gaff-1.81.dat (AmberTools 24.8) X-c1-c3-X (cg as c1)"
ca-c3-cg-hc,0,-1,2,"GAFF 1.81, from gaff-1.81.dat (AmberTools 24.8) X-c1-c3-X (cg as c1)"
ca-c3-ch-ca,0,-1,2,"GAFF 1.81, from gaff-1.81.dat (AmberTools 24.8) X-c1-c3-X (ch as c1)"
ca-c3-ch-ha,0,-1,2,"GAFF 1.81, from gaff-1.81.dat (AmberTools 24.8) X-c1-c3-X (ch as c1)"
ca-c3-ch-cp,0,-1,2,"GAFF 1.81, from gaff-1.81.dat (AmberTools 24.8) X-c1-c3-X (ch as c1)"
ca-c3-ch-c1,0,-1,2,"GAFF 1.81, from gaff-1.81.dat (AmberTools 24.8) X-c1-c3-X (ch as c1)"
ca-c3-ch-cg,0,-1,2,"GAFF 1.81, from gaff-1.81.dat (AmberTools 24.8) X-c1-c3-X (ch as c1)"
ca-c3-ch-ch,0,-1,2,"GAFF 1.81, from gaff-1.81.dat (AmberTools 24.8) X-c1-c3-X (ch as c1)"
ca-c3-ch-ce,0,-1,2,"GAFF 1.81, from gaff-1.81.dat (AmberTools 24.8) X-c1-c3-X (ch as c1)"
ca-c3-ch-cu,0,-1,2,"GAFF 1.81, from gaff-1.81.dat (AmberTools 24.8) X-c1-c3-X (ch as c1)"
ca-c3-ch-c3,0,-1,2,"GAFF 1.81, from gaff-1.81.dat (AmberTools 24.8) X-c1-c3-X (ch as c1)"
ca-c3-ch-hc,0,-1,2,"GAFF 1.81, from gaff-1.81.dat (AmberTools 24.8) X-c1-c3-X (ch as c1)"
ca-c3-ce-ca,0,1,2,"GAFF 1.81, from gaff-1.81.dat (AmberTools 24.8) X-c2-c3-X (ce as c2)"
ca-c3-ce-ha,0,1,2,"GAFF 1.81, from gaff-1.81.dat (AmberTools 24.8) X-c2-c3-X (ce as c2)"
ca-c3-ce-cp,0,1,2,"GAFF 1.81, from gaff-1.81.dat (AmberTools 24.8) X-c2-c3-X (ce as c2)"
ca-c3-ce-c1,0,1,2,"GAFF 1.81, from gaff-1.81.dat (AmberTools 24.8) X-c2-c3-X (ce as c2)"
ca-c3-ce-cg,0,1,2,"GAFF 1.81, from gaff-1.81.dat (AmberTools 24.8) X-c2-c3-X (ce as c2)"
ca-c3-ce-ch,0,1,2,"GAFF 1.81, from gaff-1.81.dat (AmberTools 24.8) X-c2-c3-X (ce as c2)"
ca-c3-ce-ce,0,1,2,"GAFF 1.81, from gaff-1.81.dat (AmberTools 24.8) X-c2-c3-X (ce as c2)"
ca-c3-ce-cu,0,1,2,"GAFF 1.81, from gaff-1.81.dat (AmberTools 24.8) X-c2-c3-X (ce as c2)"
ca-c3-ce-c3,0,1,2,"GAFF 1.81, from gaff-1.81.dat (AmberTools 24.8) X-c2-c3-X (ce as c2)"
ca-c3-ce-hc,0,1,2,"GAFF 1.81, from gaff-1.81.dat (AmberTools 24.8) X-c2-c3-X (ce as c2)"
ca-c3-cu-ca,0,1,2,"GAFF 1.81, from gaff-1.81.dat (AmberTools 24.8) X-c2-c3-X (stand-in: *-c3-cu-* as X-c2-c3-X)"
ca-c3-cu-ha,0,1,2,"GAFF 1.81, from gaff-1.81.dat (AmberTools 24.8) X-c2-c3-X (stand-in: *-c3-cu-* as X-c2-c3-X)"
ca-c3-cu-cp,0,1,2,"GAFF 1.81, from gaff-1.81.dat (AmberTools 24.8) X-c2-c3-X (stand-in: *-c3-cu-* as X-c2-c3-X)"
ca-c3-cu-c1,0,1,2,"GAFF 1.81, from gaff-1.81.dat (AmberTools 24.8) X-c2-c3-X (stand-in: *-c3-cu-* as X-c2-c3-X)"
ca-c3-cu-cg,0,1,2,"GAFF 1.81, from gaff-1.81.dat (AmberTools 24.8) X-c2-c3-X (stand-in: *-c3-cu-* as X-c2-c3-X)"
ca-c3-cu-ch,0,1,2,"GAFF 1.81, from gaff-1.81.dat (AmberTools 24.8) X-c2-c3-X (stand-in: *-c3-cu-* as X-c2-c3-X)"
ca-c3-cu-ce,0,1,2,"GAFF 1.81, from gaff-1.81.dat (AmberTools 24.8) X-c2-c3-X (stand-in: *-c3-cu-* as X-c2-c3-X)"
ca-c3-cu-cu,0,1,2,"GAFF 1.81, from gaff-1.81.dat (AmberTools 24.8) X-c2-c3-X (stand-in: *-c3-cu-* as X-c2-c3-X)"
ca-c3-cu-c3,0,1,2,"GAFF 1.81, from gaff-1.81.dat (AmberTools 24.8) X-c2-c3-X (stand-in: *-c3-cu-* as X-c2-c3-X)"
ca-c3-cu-hc,0,1,2,"GAFF 1.81, from gaff-1.81.dat (AmberTools 24.8) X-c2-c3-X (stand-in: *-c3-cu-* as X-c2-c3-X)"
ca-c3-c3-ca,0.311111,1,3,"GAFF 1.81, from gaff-1.81.dat (AmberTools 24.8) X-c3-c3-X"
ca-c3-c3-ha,0.311111,1,3,"GAFF 1.81, from gaff-1.81.dat (AmberTools 24.8) X-c3-c3-X"
ca-c3-c3-cp,0.311111,1,3,"GAFF 1.81, from gaff-1.81.dat (AmberTools 24.8) X-c3-c3-X"
ca-c3-c3-c1,0.311111,1,3,"GAFF 1.81, from gaff-1.81.dat (AmberTools 24.8) X-c3-c3-X"
ca-c3-c3-cg,0.311111,1,3,"GAFF 1.81, from gaff-1.81.dat (AmberTools 24.8) X-c3-c3-X"
ca-c3-c3-ch,0.311111,1,3,"GAFF 1.81, from gaff-1.81.dat (AmberTools 24.8) X-c3-c3-X"
ca-c3-c3-ce,0.311111,1,3,"GAFF 1.81, from gaff-1.81.dat (AmberTools 24.8) X-c3-c3-X"
ca-c3-c3-cu,0.311111,1,3,"GAFF 1.81, from gaff-1.81.dat (AmberTools 24.8) X-c3-c3-X"
ca-c3-c3-c3,0.311111,1,3,"GAFF 1.81, from gaff-1.81.dat (AmberTools 24.8) X-c3-c3-X"
ca-c3-c3-hc,0.311111,1,3,"GAFF 1.81, from gaff-1.81.dat (AmberTools 24.8) X-c3-c3-X"
ha-ca-ca-ca,7.25,-1,2,"GAFF 1.81, from gaff-1.81.dat (AmberTools 24.8) X-ca-ca-X"
ha-ca-ca-ha,7.25,-1,2,"GAFF 1.81, from gaff-1.81.dat (AmberTools 24.8) X-ca-ca-X"
ha-ca-ca-cp,7.25,-1,2,"GAFF 1.81, from gaff-1.81.dat (AmberTools 24.8) X-ca-ca-X"
ha-ca-ca-c1,7.25,-1,2,"GAFF 1.81, from gaff-1.81.dat (AmberTools 24.8) X-ca-ca-X"
ha-ca-ca-cg,7.25,-1,2,"GAFF 1.81, from gaff-1.81.dat (AmberTools 24.8) X-ca-ca-X"
ha-ca-ca-ch,7.25,-1,2,"GAFF 1.81, from gaff-1.81.dat (AmberTools 24.8) X-ca-ca-X"
ha-ca-ca-ce,7.25,-1,2,"GAFF 1.81, from gaff-1.81.dat (AmberTools 24.8) X-ca-ca-X"
ha-ca-ca-cu,7.25,-1,2,"GAFF 1.81, from gaff-1.81.dat (AmberTools 24.8) X-ca-ca-X"
ha-ca-ca-c3,7.25,-1,2,"GAFF 1.81, from gaff-1.81.dat (AmberTools 24.8) X-ca-ca-X"
ha-ca-ca-hc,7.25,-1,2,"GAFF 1.81, from gaff-1.81.dat (AmberTools 24.8) X-ca-ca-X"
ha-ca-cp-ca,7.25,-1,2,"GAFF 1.81, from gaff-1.81.dat (AmberTools 24.8) X-ca-cp-X"
ha-ca-cp-ha,7.25,-1,2,"GAFF 1.81, from gaff-1.81.dat (AmberTools 24.8) X-ca-cp-X"
ha-ca-cp-cp,7.25,-1,2,"GAFF 1.81, from gaff-1.81.dat (AmberTools 24.8) X-ca-cp-X"
ha-ca-cp-c1,7.25,-1,2,"GAFF 1.81, from gaff-1.81.dat (AmberTools 24.8) X-ca-cp-X"
ha-ca-cp-cg,7.25,-1,2,"GAFF 1.81, from gaff-1.81.dat (AmberTools 24.8) X-ca-cp-X"
ha-ca-cp-ch,7.25,-1,2,"GAFF 1.81, from gaff-1.81.dat (AmberTools 24.8) X-ca-cp-X"
ha-ca-cp-ce,7.25,-1,2,"GAFF 1.81, from gaff-1.81.dat (AmberTools 24.8) X-ca-cp-X"
ha-ca-cp-cu,7.25,-1,2,"GAFF 1.81, from gaff-1.81.dat (AmberTools 24.8) X-ca-cp-X"
ha-ca-cp-c3,7.25,-1,2,"GAFF 1.81, from gaff-1.81.dat (AmberTools 24.8) X-ca-cp-X"
ha-ca-cp-hc,7.25,-1,2,"GAFF 1.81, from gaff-1.81.dat (AmberTools 24.8) X-ca-cp-X"
ha-ca-c1-ca,0,-1,2,"GAFF 1.81, from gaff-1.81.dat (AmberTools 24.8) X-c1-ca-X"
ha-ca-c1-ha,0,-1,2,"GAFF 1.81, from gaff-1.81.dat (AmberTools 24.8) X-c1-ca-X"
ha-ca-c1-cp,0,-1,2,"GAFF 1.81, from gaff-1.81.dat (AmberTools 24.8) X-c1-ca-X"
ha-ca-c1-c1,0,-1,2,"GAFF 1.81, from gaff-1.81.dat (AmberTools 24.8) X-c1-ca-X"
ha-ca-c1-cg,0,-1,2,"GAFF 1.81, from gaff-1.81.dat (AmberTools 24.8) X-c1-ca-X"
ha-ca-c1-ch,0,-1,2,"GAFF 1.81, from gaff-1.81.dat (AmberTools 24.8) X-c1-ca-X"
ha-ca-c1-ce,0,-1,2,"GAFF 1.81, from gaff-1.81.dat (AmberTools 24.8) X-c1-ca-X"
ha-ca-c1-cu,0,-1,2,"GAFF 1.81, from gaff-1.81.dat (AmberTools 24.8) X-c1-ca-X"
ha-ca-c1-c3,0,-1,2,"GAFF 1.81, from gaff-1.81.dat (AmberTools 24.8) X-c1-ca-X"
ha-ca-c1-hc,0,-1,2,"GAFF 1.81, from gaff-1.81.dat (AmberTools 24.8) X-c1-ca-X"
ha-ca-cg-ca,0,-1,2,"GAFF 1.81, from gaff-1.81.dat (AmberTools 24.8) X-c1-ca-X (cg as c1)"
ha-ca-cg-ha,0,-1,2,"GAFF 1.81, from gaff-1.81.dat (AmberTools 24.8) X-c1-ca-X (cg as c1)"
ha-ca-cg-cp,0,-1,2,"GAFF 1.81, from gaff-1.81.dat (AmberTools 24.8) X-c1-ca-X (cg as c1)"
ha-ca-cg-c1,0,-1,2,"GAFF 1.81, from gaff-1.81.dat (AmberTools 24.8) X-c1-ca-X (cg as c1)"
ha-ca-cg-cg,0,-1,2,"GAFF 1.81, from gaff-1.81.dat (AmberTools 24.8) X-c1-ca-X (cg as c1)"
ha-ca-cg-ch,0,-1,2,"GAFF 1.81, from gaff-1.81.dat (AmberTools 24.8) X-c1-ca-X (cg as c1)"
ha-ca-cg-ce,0,-1,2,"GAFF 1.81, from gaff-1.81.dat (AmberTools 24.8) X-c1-ca-X (cg as c1)"
ha-ca-cg-cu,0,-1,2,"GAFF 1.81, from gaff-1.81.dat (AmberTools 24.8) X-c1-ca-X (cg as c1)"
ha-ca-cg-c3,0,-1,2,"GAFF 1.81, from gaff-1.81.dat (AmberTools 24.8) X-c1-ca-X (cg as c1)"
ha-ca-cg-hc,0,-1,2,"GAFF 1.81, from gaff-1.81.dat (AmberTools 24.8) X-c1-ca-X (cg as c1)"
ha-ca-ch-ca,0,-1,2,"GAFF 1.81, from gaff-1.81.dat (AmberTools 24.8) X-c1-ca-X (ch as c1)"
ha-ca-ch-ha,0,-1,2,"GAFF 1.81, from gaff-1.81.dat (AmberTools 24.8) X-c1-ca-X (ch as c1)"
ha-ca-ch-cp,0,-1,2,"GAFF 1.81, from gaff-1.81.dat (AmberTools 24.8) X-c1-ca-X (ch as c1)"
ha-ca-ch-c1,0,-1,2,"GAFF 1.81, from gaff-1.81.dat (AmberTools 24.8) X-c1-ca-X (ch as c1)"
ha-ca-ch-cg,0,-1,2,"GAFF 1.81, from gaff-1.81.dat (AmberTools 24.8) X-c1-ca-X (ch as c1)"
ha-ca-ch-ch,0,-1,2,"GAFF 1.81, from gaff-1.81.dat (AmberTools 24.8) X-c1-ca-X (ch as c1)"
ha-ca-ch-ce,0,-1,2,"GAFF 1.81, from gaff-1.81.dat (AmberTools 24.8) X-c1-ca-X (ch as c1)"
ha-ca-ch-cu,0,-1,2,"GAFF 1.81, from gaff-1.81.dat (AmberTools 24.8) X-c1-ca-X (ch as c1)"
ha-ca-ch-c3,0,-1,2,"GAFF 1.81, from gaff-1.81.dat (AmberTools 24.8) X-c1-ca-X (ch as c1)"
ha-ca-ch-hc,0,-1,2,"GAFF 1.81, from gaff-1.81.dat (AmberTools 24.8) X-c1-ca-X (ch as c1)"
ha-ca-ce-ca,1.4,-1,2,"GAFF 1.81, from gaff-1.81.dat (AmberTools 24.8) X-c2-ca-X (ce as c2)"
ha-ca-ce-ha,1.4,-1,2,"GAFF 1.81, from gaff-1.81.dat (AmberTools 24.8) X-c2-ca-X (ce as c2)"
ha-ca-ce-cp,1.4,-1,2,"GAFF 1.81, from gaff-1.81.dat (AmberTools 24.8) X-c2-ca-X (ce as c2)"
ha-ca-ce-c1,1.4,-1,2,"GAFF 1.81, from gaff-1.81.dat (AmberTools 24.8) X-c2-ca-X (ce as c2)"
ha-ca-ce-cg,1.4,-1,2,"GAFF 1.81, from gaff-1.81.dat (AmberTools 24.8) X-c2-ca-X (ce as c2)"
ha-ca-ce-ch,1.4,-1,2,"GAFF 1.81, from gaff-1.81.dat (AmberTools 24.8) X-c2-ca-X (ce as c2)"
ha-ca-ce-ce,1.4,-1,2,"GAFF 1.81, from gaff-1.81.dat (AmberTools 24.8) X-c2-ca-X (ce as c2)"
ha-ca-ce-cu,1.4,-1,2,"GAFF 1.81, from gaff-1.81.dat (AmberTools 24.8) X-c2-ca-X (ce as c2)"
ha-ca-ce-c3,1.4,-1,2,"GAFF 1.81, from gaff-1.81.dat (AmberTools 24.8) X-c2-ca-X (ce as c2)"
ha-ca-ce-hc,1.4,-1,2,"GAFF 1.81, from gaff-1.81.dat (AmberTools 24.8) X-c2-ca-X (ce as c2)"
ha-ca-cu-ca,2,-1,2,"GAFF 1.81, from gaff-1.81.dat (AmberTools 24.8) X-cp-cp-X (stand-in: *-ca-cu-* as X-cp-cp-X)"
ha-ca-cu-ha,2,-1,2,"GAFF 1.81, from gaff-1.81.dat (AmberTools 24.8) X-cp-cp-X (stand-in: *-ca-cu-* as X-cp-cp-X)"
ha-ca-cu-cp,2,-1,2,"GAFF 1.81, from gaff-1.81.dat (AmberTools 24.8) X-cp-cp-X (stand-in: *-ca-cu-* as X-cp-cp-X)"
ha-ca-cu-c1,2,-1,2,"GAFF 1.81, from gaff-1.81.dat (AmberTools 24.8) X-cp-cp-X (stand-in: *-ca-cu-* as X-cp-cp-X)"
ha-ca-cu-cg,2,-1,2,"GAFF 1.81, from gaff-1.81.dat (AmberTools 24.8) X-cp-cp-X (stand-in: *-ca-cu-* as X-cp-cp-X)"
ha-ca-cu-ch,2,-1,2,"GAFF 1.81, from gaff-1.81.dat (AmberTools 24.8) X-cp-cp-X (stand-in: *-ca-cu-* as X-cp-cp-X)"
ha-ca-cu-ce,2,-1,2,"GAFF 1.81, from gaff-1.81.dat (AmberTools 24.8) X-cp-cp-X (stand-in: *-ca-cu-* as X-cp-cp-X)"
ha-ca-cu-cu,2,-1,2,"GAFF 1.81, from gaff-1.81.dat (AmberTools 24.8) X-cp-cp-X (stand-in: *-ca-cu-* as X-cp-cp-X)"
ha-ca-cu-c3,2,-1,2,"GAFF 1.81, from gaff-1.81.dat (AmberTools 24.8) X-cp-cp-X (stand-in: *-ca-cu-* as X-cp-cp-X)"
ha-ca-cu-hc,2,-1,2,"GAFF 1.81, from gaff-1.81.dat (AmberTools 24.8) X-cp-cp-X (stand-in: *-ca-cu-* as X-cp-cp-X)"
ha-ca-c3-ca,0,1,2,"GAFF 1.81, from gaff-1.81.dat (AmberTools 24.8) X-c3-ca-X"
ha-ca-c3-ha,0,1,2,"GAFF 1.81, from gaff-1.81.dat (AmberTools 24.8) X-c3-ca-X"
ha-ca-c3-cp,0,1,2,"GAFF 1.81, from gaff-1.81.dat (AmberTools 24.8) X-c3-ca-X"
ha-ca-c3-c1,0,1,2,"GAFF 1.81, from gaff-1.81.dat (AmberTools 24.8) X-c3-ca-X"
ha-ca-c3-cg,0,1,2,"GAFF 1.81, from gaff-1.81.dat (AmberTools 24.8) X-c3-ca-X"
ha-ca-c3-ch,0,1,2,"GAFF 1.81, from gaff-1.81.dat (AmberTools 24.8) X-c3-ca-X"
ha-ca-c3-ce,0,1,2,"GAFF 1.81, from gaff-1.81.dat (AmberTools 24.8) X-c3-ca-X"
ha-ca-c3-cu,0,1,2,"GAFF 1.81, from gaff-1.81.dat (AmberTools 24.8) X-c3-ca-X"
ha-ca-c3-c3,0,1,2,"GAFF 1.81, from gaff-1.81.dat (AmberTools 24.8) X-c3-ca-X"
ha-ca-c3-hc,0,1,2,"GAFF 1.81, from gaff-1.81.dat (AmberTools 24.8) X-c3-ca-X"
ha-cp-ca-ca,7.25,-1,2,"GAFF 1.81, from gaff-1.81.dat (AmberTools 24.8) X-ca-cp-X"
ha-cp-ca-ha,7.25,-1,2,"GAFF 1.81, from gaff-1.81.dat (AmberTools 24.8) X-ca-cp-X"
ha-cp-ca-cp,7.25,-1,2,"GAFF 1.81, from gaff-1.81.dat (AmberTools 24.8) X-ca-cp-X"
ha-cp-ca-c1,7.25,-1,2,"GAFF 1.81, from gaff-1.81.dat (AmberTools 24.8) X-ca-cp-X"
ha-cp-ca-cg,7.25,-1,2,"GAFF 1.81, from gaff-1.81.dat (AmberTools 24.8) X-ca-cp-X"
ha-cp-ca-ch,7.25,-1,2,"GAFF 1.81, from gaff-1.81.dat (AmberTools 24.8) X-ca-cp-X"
ha-cp-ca-ce,7.25,-1,2,"GAFF 1.81, from gaff-1.81.dat (AmberTools 24.8) X-ca-cp-X"
ha-cp-ca-cu,7.25,-1,2,"GAFF 1.81, from gaff-1.81.dat (AmberTools 24.8) X-ca-cp-X"
ha-cp-ca-c3,7.25,-1,2,"GAFF 1.81, from gaff-1.81.dat (AmberTools 24.8) X-ca-cp-X"
ha-cp-ca-hc,7.25,-1,2,"GAFF 1.81, from gaff-1.81.dat (AmberTools 24.8) X-ca-cp-X"
ha-cp-cp-ca,2,-1,2,"GAFF 1.81, from gaff-1.81.dat (AmberTools 24.8) X-cp-cp-X"
ha-cp-cp-ha,2,-1,2,"GAFF 1.81, from gaff-1.81.dat (AmberTools 24.8) X-cp-cp-X"
ha-cp-cp-cp,2,-1,2,"GAFF 1.81, from gaff-1.81.dat (AmberTools 24.8) X-cp-cp-X"
ha-cp-cp-c1,2,-1,2,"GAFF 1.81, from gaff-1.81.dat (AmberTools 24.8) X-cp-cp-X"
ha-cp-cp-cg,2,-1,2,"GAFF 1.81, from gaff-1.81.dat (AmberTools 24.8) X-cp-cp-X"
ha-cp-cp-ch,2,-1,2,"GAFF 1.81, from gaff-1.81.dat (AmberTools 24.8) X-cp-cp-X"
ha-cp-cp-ce,2,-1,2,"GAFF 1.81, from gaff-1.81.dat (AmberTools 24.8) X-cp-cp-X"
ha-cp-cp-cu,2,-1,2,"GAFF 1.81, from gaff-1.81.dat (AmberTools 24.8) X-cp-cp-X"
ha-cp-cp-c3,2,-1,2,"GAFF 1.81, from gaff-1.81.dat (AmberTools 24.8) X-cp-cp-X"
ha-cp-cp-hc,2,-1,2,"GAFF 1.81, from gaff-1.81.dat (AmberTools 24.8) X-cp-cp-X"
ha-cp-c1-ca,0,-1,2,"GAFF 1.81, from gaff-1.81.dat (AmberTools 24.8) X-c1-ca-X (cp as ca)"
ha-cp-c1-ha,0,-1,2,"GAFF 1.81, from gaff-1.81.dat (AmberTools 24.8) X-c1-ca-X (cp as ca)"
ha-cp-c1-cp,0,-1,2,"GAFF 1.81, from gaff-1.81.dat (AmberTools 24.8) X-c1-ca-X (cp as ca)"
ha-cp-c1-c1,0,-1,2,"GAFF 1.81, from gaff-1.81.dat (AmberTools 24.8) X-c1-ca-X (cp as ca)"
ha-cp-c1-cg,0,-1,2,"GAFF 1.81, from gaff-1.81.dat (AmberTools 24.8) X-c1-ca-X (cp as ca)"
ha-cp-c1-ch,0,-1,2,"GAFF 1.81, from gaff-1.81.dat (AmberTools 24.8) X-c1-ca-X (cp as ca)"
ha-cp-c1-ce,0,-1,2,"GAFF 1.81, from gaff-1.81.dat (AmberTools 24.8) X-c1-ca-X (cp as ca)"
ha-cp-c1-cu,0,-1,2,"GAFF 1.81, from gaff-1.81.dat (AmberTools 24.8) X-c1-ca-X (cp as ca)"
ha-cp-c1-c3,0,-1,2,"GAFF 1.81, from gaff-1.81.dat (AmberTools 24.8) X-c1-ca-X (cp as ca)"
ha-cp-c1-hc,0,-1,2,"GAFF 1.81, from gaff-1.81.dat (AmberTools 24.8) X-c1-ca-X (cp as ca)"
ha-cp-cg-ca,0,-1,2,"GAFF 1.81, from gaff-1.81.dat (AmberTools 24.8) X-c1-ca-X (cg as c1, cp as ca)"
ha-cp-cg-ha,0,-1,2,"GAFF 1.81, from gaff-1.81.dat (AmberTools 24.8) X-c1-ca-X (cg as c1, cp as ca)"
ha-cp-cg-cp,0,-1,2,"GAFF 1.81, from gaff-1.81.dat (AmberTools 24.8) X-c1-ca-X (cg as c1, cp as ca)"
ha-cp-cg-c1,0,-1,2,"GAFF 1.81, from gaff-1.81.dat (AmberTools 24.8) X-c1-ca-X (cg as c1, cp as ca)"
ha-cp-cg-cg,0,-1,2,"GAFF 1.81, from gaff-1.81.dat (AmberTools 24.8) X-c1-ca-X (cg as c1, cp as ca)"
ha-cp-cg-ch,0,-1,2,"GAFF 1.81, from gaff-1.81.dat (AmberTools 24.8) X-c1-ca-X (cg as c1, cp as ca)"
ha-cp-cg-ce,0,-1,2,"GAFF 1.81, from gaff-1.81.dat (AmberTools 24.8) X-c1-ca-X (cg as c1, cp as ca)"
ha-cp-cg-cu,0,-1,2,"GAFF 1.81, from gaff-1.81.dat (AmberTools 24.8) X-c1-ca-X (cg as c1, cp as ca)"
ha-cp-cg-c3,0,-1,2,"GAFF 1.81, from gaff-1.81.dat (AmberTools 24.8) X-c1-ca-X (cg as c1, cp as ca)"
ha-cp-cg-hc,0,-1,2,"GAFF 1.81, from gaff-1.81.dat (AmberTools 24.8) X-c1-ca-X (cg as c1, cp as ca)"
ha-cp-ch-ca,0,-1,2,"GAFF 1.81, from gaff-1.81.dat (AmberTools 24.8) X-c1-ca-X (ch as c1, cp as ca)"
ha-cp-ch-ha,0,-1,2,"GAFF 1.81, from gaff-1.81.dat (AmberTools 24.8) X-c1-ca-X (ch as c1, cp as ca)"
ha-cp-ch-cp,0,-1,2,"GAFF 1.81, from gaff-1.81.dat (AmberTools 24.8) X-c1-ca-X (ch as c1, cp as ca)"
ha-cp-ch-c1,0,-1,2,"GAFF 1.81, from gaff-1.81.dat (AmberTools 24.8) X-c1-ca-X (ch as c1, cp as ca)"
ha-cp-ch-cg,0,-1,2,"GAFF 1.81, from gaff-1.81.dat (AmberTools 24.8) X-c1-ca-X (ch as c1, cp as ca)"
ha-cp-ch-ch,0,-1,2,"GAFF 1.81, from gaff-1.81.dat (AmberTools 24.8) X-c1-ca-X (ch as c1, cp as ca)"
ha-cp-ch-ce,0,-1,2,"GAFF 1.81, from gaff-1.81.dat (AmberTools 24.8) X-c1-ca-X (ch as c1, cp as ca)"
ha-cp-ch-cu,0,-1,2,"GAFF 1.81, from gaff-1.81.dat (AmberTools 24.8) X-c1-ca-X (ch as c1, cp as ca)"
ha-cp-ch-c3,0,-1,2,"GAFF 1.81, from gaff-1.81.dat (AmberTools 24.8) X-c1-ca-X (ch as c1, cp as ca)"
ha-cp-ch-hc,0,-1,2,"GAFF 1.81, from gaff-1.81.dat (AmberTools 24.8) X-c1-ca-X (ch as c1, cp as ca)"
ha-cp-ce-ca,1.4,-1,2,"GAFF 1.81, from gaff-1.81.dat (AmberTools 24.8) X-c2-ca-X (ce as c2, cp as ca)"
ha-cp-ce-ha,1.4,-1,2,"GAFF 1.81, from gaff-1.81.dat (AmberTools 24.8) X-c2-ca-X (ce as c2, cp as ca)"
ha-cp-ce-cp,1.4,-1,2,"GAFF 1.81, from gaff-1.81.dat (AmberTools 24.8) X-c2-ca-X (ce as c2, cp as ca)"
ha-cp-ce-c1,1.4,-1,2,"GAFF 1.81, from gaff-1.81.dat (AmberTools 24.8) X-c2-ca-X (ce as c2, cp as ca)"
ha-cp-ce-cg,1.4,-1,2,"GAFF 1.81, from gaff-1.81.dat (AmberTools 24.8) X-c2-ca-X (ce as c2, cp as ca)"
ha-cp-ce-ch,1.4,-1,2,"GAFF 1.81, from gaff-1.81.dat (AmberTools 24.8) X-c2-ca-X (ce as c2, cp as ca)"
ha-cp-ce-ce,1.4,-1,2,"GAFF 1.81, from gaff-1.81.dat (AmberTools 24.8) X-c2-ca-X (ce as c2, cp as ca)"
ha-cp-ce-cu,1.4,-1,2,"GAFF 1.81, from gaff-1.81.dat (AmberTools 24.8) X-c2-ca-X (ce as c2, cp as ca)"
ha-cp-ce-c3,1.4,-1,2,"GAFF 1.81, from gaff-1.81.dat (AmberTools 24.8) X-c2-ca-X (ce as c2, cp as ca)"
ha-cp-ce-hc,1.4,-1,2,"GAFF 1.81, from gaff-1.81.dat (AmberTools 24.8) X-c2-ca-X (ce as c2, cp as ca)"
ha-cp-cu-ca,2,-1,2,"GAFF 1.81, from gaff-1.81.dat (AmberTools 24.8) X-cp-cp-X (stand-in: *-cp-cu-* as X-cp-cp-X)"
ha-cp-cu-ha,2,-1,2,"GAFF 1.81, from gaff-1.81.dat (AmberTools 24.8) X-cp-cp-X (stand-in: *-cp-cu-* as X-cp-cp-X)"
ha-cp-cu-cp,2,-1,2,"GAFF 1.81, from gaff-1.81.dat (AmberTools 24.8) X-cp-cp-X (stand-in: *-cp-cu-* as X-cp-cp-X)"
ha-cp-cu-c1,2,-1,2,"GAFF 1.81, from gaff-1.81.dat (AmberTools 24.8) X-cp-cp-X (stand-in: *-cp-cu-* as X-cp-cp-X)"
ha-cp-cu-cg,2,-1,2,"GAFF 1.81, from gaff-1.81.dat (AmberTools 24.8) X-cp-cp-X (stand-in: *-cp-cu-* as X-cp-cp-X)"
ha-cp-cu-ch,2,-1,2,"GAFF 1.81, from gaff-1.81.dat (AmberTools 24.8) X-cp-cp-X (stand-in: *-cp-cu-* as X-cp-cp-X)"
ha-cp-cu-ce,2,-1,2,"GAFF 1.81, from gaff-1.81.dat (AmberTools 24.8) X-cp-cp-X (stand-in: *-cp-cu-* as X-cp-cp-X)"
ha-cp-cu-cu,2,-1,2,"GAFF 1.81, from gaff-1.81.dat (AmberTools 24.8) X-cp-cp-X (stand-in: *-cp-cu-* as X-cp-cp-X)"
ha-cp-cu-c3,2,-1,2,"GAFF 1.81, from gaff-1.81.dat (AmberTools 24.8) X-cp-cp-X (stand-in: *-cp-cu-* as X-cp-cp-X)"
ha-cp-cu-hc,2,-1,2,"GAFF 1.81, from gaff-1.81.dat (AmberTools 24.8) X-cp-cp-X (stand-in: *-cp-cu-* as X-cp-cp-X)"
ha-cp-c3-ca,0,1,2,"GAFF 1.81, from gaff-1.81.dat (AmberTools 24.8) X-c3-ca-X (cp as ca)"
ha-cp-c3-ha,0,1,2,"GAFF 1.81, from gaff-1.81.dat (AmberTools 24.8) X-c3-ca-X (cp as ca)"
ha-cp-c3-cp,0,1,2,"GAFF 1.81, from gaff-1.81.dat (AmberTools 24.8) X-c3-ca-X (cp as ca)"
ha-cp-c3-c1,0,1,2,"GAFF 1.81, from gaff-1.81.dat (AmberTools 24.8) X-c3-ca-X (cp as ca)"
ha-cp-c3-cg,0,1,2,"GAFF 1.81, from gaff-1.81.dat (AmberTools 24.8) X-c3-ca-X (cp as ca)"
ha-cp-c3-ch,0,1,2,"GAFF 1.81, from gaff-1.81.dat (AmberTools 24.8) X-c3-ca-X (cp as ca)"
ha-cp-c3-ce,0,1,2,"GAFF 1.81, from gaff-1.81.dat (AmberTools 24.8) X-c3-ca-X (cp as ca)"
ha-cp-c3-cu,0,1,2,"GAFF 1.81, from gaff-1.81.dat (AmberTools 24.8) X-c3-ca-X (cp as ca)"
ha-cp-c3-c3,0,1,2,"GAFF 1.81, from gaff-1.81.dat (AmberTools 24.8) X-c3-ca-X (cp as ca)"
ha-cp-c3-hc,0,1,2,"GAFF 1.81, from gaff-1.81.dat (AmberTools 24.8) X-c3-ca-X (cp as ca)"
ha-c1-ca-ca,0,-1,2,"GAFF 1.81, from gaff-1.81.dat (AmberTools 24.8) X-c1-ca-X"
ha-c1-ca-ha,0,-1,2,"GAFF 1.81, from gaff-1.81.dat (AmberTools 24.8) X-c1-ca-X"
ha-c1-ca-cp,0,-1,2,"GAFF 1.81, from gaff-1.81.dat (AmberTools 24.8) X-c1-ca-X"
ha-c1-ca-c1,0,-1,2,"GAFF 1.81, from gaff-1.81.dat (AmberTools 24.8) X-c1-ca-X"
ha-c1-ca-cg,0,-1,2,"GAFF 1.81, from gaff-1.81.dat (AmberTools 24.8) X-c1-ca-X"
ha-c1-ca-ch,0,-1,2,"GAFF 1.81, from gaff-1.81.dat (AmberTools 24.8) X-c1-ca-X"
ha-c1-ca-ce,0,-1,2,"GAFF 1.81, from gaff-1.81.dat (AmberTools 24.8) X-c1-ca-X"
ha-c1-ca-cu,0,-1,2,"GAFF 1.81, from gaff-1.81.dat (AmberTools 24.8) X-c1-ca-X"
ha-c1-ca-c3,0,-1,2,"GAFF 1.81, from gaff-1.81.dat (AmberTools 24.8) X-c1-ca-X"
ha-c1-ca-hc,0,-1,2,"GAFF 1.81, from gaff-1.81.dat (AmberTools 24.8) X-c1-ca-X"
ha-c1-cp-ca,0,-1,2,"GAFF 1.81, from gaff-1.81.dat (AmberTools 24.8) X-c1-ca-X (cp as ca)"
ha-c1-cp-ha,0,-1,2,"GAFF 1.81, from gaff-1.81.dat (AmberTools 24.8) X-c1-ca-X (cp as ca)"
ha-c1-cp-cp,0,-1,2,"GAFF 1.81, from gaff-1.81.dat (AmberTools 24.8) X-c1-ca-X (cp as ca)"
ha-c1-cp-c1,0,-1,2,"GAFF 1.81, from gaff-1.81.dat (AmberTools 24.8) X-c1-ca-X (cp as ca)"
ha-c1-cp-cg,0,-1,2,"GAFF 1.81, from gaff-1.81.dat (AmberTools 24.8) X-c1-ca-X (cp as ca)"
ha-c1-cp-ch,0,-1,2,"GAFF 1.81, from gaff-1.81.dat (AmberTools 24.8) X-c1-ca-X (cp as ca)"
ha-c1-cp-ce,0,-1,2,"GAFF 1.81, from gaff-1.81.dat (AmberTools 24.8) X-c1-ca-X (cp as ca)"
ha-c1-cp-cu,0,-1,2,"GAFF 1.81, from gaff-1.81.dat (AmberTools 24.8) X-c1-ca-X (cp as ca)"
ha-c1-cp-c3,0,-1,2,"GAFF 1.81, from gaff-1.81.dat (AmberTools 24.8) X-c1-ca-X (cp as ca)"
ha-c1-cp-hc,0,-1,2,"GAFF 1.81, from gaff-1.81.dat (AmberTools 24.8) X-c1-ca-X (cp as ca)"
ha-c1-c1-ca,0,-1,2,"GAFF 1.81, from gaff-1.81.dat (AmberTools 24.8) X-c1-c1-X"
ha-c1-c1-ha,0,-1,2,"GAFF 1.81, from gaff-1.81.dat (AmberTools 24.8) X-c1-c1-X"
ha-c1-c1-cp,0,-1,2,"GAFF 1.81, from gaff-1.81.dat (AmberTools 24.8) X-c1-c1-X"
ha-c1-c1-c1,0,-1,2,"GAFF 1.81, from gaff-1.81.dat (AmberTools 24.8) X-c1-c1-X"
ha-c1-c1-cg,0,-1,2,"GAFF 1.81, from gaff-1.81.dat (AmberTools 24.8) X-c1-c1-X"
ha-c1-c1-ch,0,-1,2,"GAFF 1.81, from gaff-1.81.dat (AmberTools 24.8) X-c1-c1-X"
ha-c1-c1-ce,0,-1,2,"GAFF 1.81, from gaff-1.81.dat (AmberTools 24.8) X-c1-c1-X"
ha-c1-c1-cu,0,-1,2,"GAFF 1.81, from gaff-1.81.dat (AmberTools 24.8) X-c1-c1-X"
ha-c1-c1-c3,0,-1,2,"GAFF 1.81, from gaff-1.81.dat (AmberTools 24.8) X-c1-c1-X"
ha-c1-c1-hc,0,-1,2,"GAFF 1.81, from gaff-1.81.dat (AmberTools 24.8) X-c1-c1-X"
ha-c1-cg-ca,0,-1,2,"GAFF 1.81, from gaff-1.81.dat (AmberTools 24.8) X-c1-cg-X"
ha-c1-cg-ha,0,-1,2,"GAFF 1.81, from gaff-1.81.dat (AmberTools 24.8) X-c1-cg-X"
ha-c1-cg-cp,0,-1,2,"GAFF 1.81, from gaff-1.81.dat (AmberTools 24.8) X-c1-cg-X"
ha-c1-cg-c1,0,-1,2,"GAFF 1.81, from gaff-1.81.dat (AmberTools 24.8) X-c1-cg-X"
ha-c1-cg-cg,0,-1,2,"GAFF 1.81, from gaff-1.81.dat (AmberTools 24.8) X-c1-cg-X"
ha-c1-cg-ch,0,-1,2,"GAFF 1.81, from gaff-1.81.dat (AmberTools 24.8) X-c1-cg-X"
ha-c1-cg-ce,0,-1,2,"GAFF 1.81, from gaff-1.81.dat (AmberTools 24.8) X-c1-cg-X"
ha-c1-cg-cu,0,-1,2,"GAFF 1.81, from gaff-1.81.dat (AmberTools 24.8) X-c1-cg-X"
ha-c1-cg-c3,0,-1,2,"GAFF 1.81, from gaff-1.81.dat (AmberTools 24.8) X-c1-cg-X"
ha-c1-cg-hc,0,-1,2,"GAFF 1.81, from gaff-1.81.dat (AmberTools 24.8) X-c1-cg-X"
ha-c1-ch-ca,0,-1,2,"GAFF 1.81, from gaff-1.81.dat (AmberTools 24.8) X-c1-ch-X"
ha-c1-ch-ha,0,-1,2,"GAFF 1.81, from gaff-1.81.dat (AmberTools 24.8) X-c1-ch-X"
ha-c1-ch-cp,0,-1,2,"GAFF 1.81, from gaff-1.81.dat (AmberTools 24.8) X-c1-ch-X"
ha-c1-ch-c1,0,-1,2,"GAFF 1.81, from gaff-1.81.dat (AmberTools 24.8) X-c1-ch-X"
ha-c1-ch-cg,0,-1,2,"GAFF 1.81, from gaff-1.81.dat (AmberTools 24.8) X-c1-ch-X"
ha-c1-ch-ch,0,-1,2,"GAFF 1.81, from gaff-1.81.dat (AmberTools 24.8) X-c1-ch-X"
ha-c1-ch-ce,0,-1,2,"GAFF 1.81, from gaff-1.81.dat (AmberTools 24.8) X-c1-ch-X"
ha-c1-ch-cu,0,-1,2,"GAFF 1.81, from gaff-1.81.dat (AmberTools 24.8) X-c1-ch-X"
ha-c1-ch-c3,0,-1,2,"GAFF 1.81, from gaff-1.81.dat (AmberTools 24.8) X-c1-ch-X"
ha-c1-ch-hc,0,-1,2,"GAFF 1.81, from gaff-1.81.dat (AmberTools 24.8) X-c1-ch-X"
ha-c1-ce-ca,0,-1,2,"GAFF 1.81, from gaff-1.81.dat (AmberTools 24.8) X-c1-ce-X"
ha-c1-ce-ha,0,-1,2,"GAFF 1.81, from gaff-1.81.dat (AmberTools 24.8) X-c1-ce-X"
ha-c1-ce-cp,0,-1,2,"GAFF 1.81, from gaff-1.81.dat (AmberTools 24.8) X-c1-ce-X"
ha-c1-ce-c1,0,-1,2,"GAFF 1.81, from gaff-1.81.dat (AmberTools 24.8) X-c1-ce-X"
ha-c1-ce-cg,0,-1,2,"GAFF 1.81, from gaff-1.81.dat (AmberTools 24.8) X-c1-ce-X"
ha-c1-ce-ch,0,-1,2,"GAFF 1.81, from gaff-1.81.dat (AmberTools 24.8) X-c1-ce-X"
ha-c1-ce-ce,0,-1,2,"GAFF 1.81, from gaff-1.81.dat (AmberTools 24.8) X-c1-ce-X"
ha-c1-ce-cu,0,-1,2,"GAFF 1.81, from gaff-1.81.dat (AmberTools 24.8) X-c1-ce-X"
ha-c1-ce-c3,0,-1,2,"GAFF 1.81, from gaff-1.81.dat (AmberTools 24.8) X-c1-ce-X"
ha-c1-ce-hc,0,-1,2,"GAFF 1.81, from gaff-1.81.dat (AmberTools 24.8) X-c1-ce-X"
ha-c1-cu-ca,0,-1,2,"GAFF 1.81, from gaff-1.81.dat (AmberTools 24.8) X-c1-cu-X"
ha-c1-cu-ha,0,-1,2,"GAFF 1.81, from gaff-1.81.dat (AmberTools 24.8) X-c1-cu-X"
ha-c1-cu-cp,0,-1,2,"GAFF 1.81, from gaff-1.81.dat (AmberTools 24.8) X-c1-cu-X"
ha-c1-cu-c1,0,-1,2,"GAFF 1.81, from gaff-1.81.dat (AmberTools 24.8) X-c1-cu-X"
ha-c1-cu-cg,0,-1,2,"GAFF 1.81, from gaff-1.81.dat (AmberTools 24.8) X-c1-cu-X"
ha-c1-cu-ch,0,-1,2,"GAFF 1.81, from gaff-1.81.dat (AmberTools 24.8) X-c1-cu-X"
ha-c1-cu-ce,0,-1,2,"GAFF 1.81, from gaff-1.81.dat (AmberTools 24.8) X-c1-cu-X"
ha-c1-cu-cu,0,-1,2,"GAFF 1.81, from gaff-1.81.dat (AmberTools 24.8) X-c1-cu-X"
ha-c1-cu-c3,0,-1,2,"GAFF 1.81, from gaff-1.81.dat (AmberTools 24.8) X-c1-cu-X"
ha-c1-cu-hc,0,-1,2,"GAFF 1.81, from gaff-1.81.dat (AmberTools 24.8) X-c1-cu-X"
ha-c1-c3-ca,0,-1,2,"GAFF 1.81, from gaff-1.81.dat (AmberTools 24.8) X-c1-c3-X"
ha-c1-c3-ha,0,-1,2,"GAFF 1.81, from gaff-1.81.dat (AmberTools 24.8) X-c1-c3-X"
ha-c1-c3-cp,0,-1,2,"GAFF 1.81, from gaff-1.81.dat (AmberTools 24.8) X-c1-c3-X"
ha-c1-c3-c1,0,-1,2,"GAFF 1.81, from gaff-1.81.dat (AmberTools 24.8) X-c1-c3-X"
ha-c1-c3-cg,0,-1,2,"GAFF 1.81, from gaff-1.81.dat (AmberTools 24.8) X-c1-c3-X"
ha-c1-c3-ch,0,-1,2,"GAFF 1.81, from gaff-1.81.dat (AmberTools 24.8) X-c1-c3-X"
ha-c1-c3-ce,0,-1,2,"GAFF 1.81, from gaff-1.81.dat (AmberTools 24.8) X-c1-c3-X"
ha-c1-c3-cu,0,-1,2,"GAFF 1.81, from gaff-1.81.dat (AmberTools 24.8) X-c1-c3-X"
ha-c1-c3-c3,0,-1,2,"GAFF 1.81, from gaff-1.81.dat (AmberTools 24.8) X-c1-c3-X"
ha-c1-c3-hc,0,-1,2,"GAFF 1.81, from gaff-1.81.dat (AmberTools 24.8) X-c1-c3-X"
ha-cg-ca-ca,0,-1,2,"GAFF 1.81, from gaff-1.81.dat (AmberTools 24.8) X-c1-ca-X (cg as c1)"
ha-cg-ca-ha,0,-1,2,"GAFF 1.81, from gaff-1.81.dat (AmberTools 24.8) X-c1-ca-X (cg as c1)"
ha-cg-ca-cp,0,-1,2,"GAFF 1.81, from gaff-1.81.dat (AmberTools 24.8) X-c1-ca-X (cg as c1)"
ha-cg-ca-c1,0,-1,2,"GAFF 1.81, from gaff-1.81.dat (AmberTools 24.8) X-c1-ca-X (cg as c1)"
ha-cg-ca-cg,0,-1,2,"GAFF 1.81, from gaff-1.81.dat (AmberTools 24.8) X-c1-ca-X (cg as c1)"
ha-cg-ca-ch,0,-1,2,"GAFF 1.81, from gaff-1.81.dat (AmberTools 24.8) X-c1-ca-X (cg as c1)"
ha-cg-ca-ce,0,-1,2,"GAFF 1.81, from gaff-1.81.dat (AmberTools 24.8) X-c1-ca-X (cg as c1)"
ha-cg-ca-cu,0,-1,2,"GAFF 1.81, from gaff-1.81.dat (AmberTools 24.8) X-c1-ca-X (cg as c1)"
ha-cg-ca-c3,0,-1,2,"GAFF 1.81, from gaff-1.81.dat (AmberTools 24.8) X-c1-ca-X (cg as c1)"
ha-cg-ca-hc,0,-1,2,"GAFF 1.81, from gaff-1.81.dat (AmberTools 24.8) X-c1-ca-X (cg as c1)"
ha-cg-cp-ca,0,-1,2,"GAFF 1.81, from gaff-1.81.dat (AmberTools 24.8) X-c1-ca-X (cg as c1, cp as ca)"
ha-cg-cp-ha,0,-1,2,"GAFF 1.81, from gaff-1.81.dat (AmberTools 24.8) X-c1-ca-X (cg as c1, cp as ca)"
ha-cg-cp-cp,0,-1,2,"GAFF 1.81, from gaff-1.81.dat (AmberTools 24.8) X-c1-ca-X (cg as c1, cp as ca)"
ha-cg-cp-c1,0,-1,2,"GAFF 1.81, from gaff-1.81.dat (AmberTools 24.8) X-c1-ca-X (cg as c1, cp as ca)"
ha-cg-cp-cg,0,-1,2,"GAFF 1.81, from gaff-1.81.dat (AmberTools 24.8) X-c1-ca-X (cg as c1, cp as ca)"
ha-cg-cp-ch,0,-1,2,"GAFF 1.81, from gaff-1.81.dat (AmberTools 24.8) X-c1-ca-X (cg as c1, cp as ca)"
ha-cg-cp-ce,0,-1,2,"GAFF 1.81, from gaff-1.81.dat (AmberTools 24.8) X-c1-ca-X (cg as c1, cp as ca)"
ha-cg-cp-cu,0,-1,2,"GAFF 1.81, from gaff-1.81.dat (AmberTools 24.8) X-c1-ca-X (cg as c1, cp as ca)"
ha-cg-cp-c3,0,-1,2,"GAFF 1.81, from gaff-1.81.dat (AmberTools 24.8) X-c1-ca-X (cg as c1, cp as ca)"
ha-cg-cp-hc,0,-1,2,"GAFF 1.81, from gaff-1.81.dat (AmberTools 24.8) X-c1-ca-X (cg as c1, cp as ca)"
ha-cg-c1-ca,0,-1,2,"GAFF 1.81, from gaff-1.81.dat (AmberTools 24.8) X-c1-cg-X"
ha-cg-c1-ha,0,-1,2,"GAFF 1.81, from gaff-1.81.dat (AmberTools 24.8) X-c1-cg-X"
ha-cg-c1-cp,0,-1,2,"GAFF 1.81, from gaff-1.81.dat (AmberTools 24.8) X-c1-cg-X"
ha-cg-c1-c1,0,-1,2,"GAFF 1.81, from gaff-1.81.dat (AmberTools 24.8) X-c1-cg-X"
ha-cg-c1-cg,0,-1,2,"GAFF 1.81, from gaff-1.81.dat (AmberTools 24.8) X-c1-cg-X"
ha-cg-c1-ch,0,-1,2,"GAFF 1.81, from gaff-1.81.dat (AmberTools 24.8) X-c1-cg-X"
ha-cg-c1-ce,0,-1,2,"GAFF 1.81, from gaff-1.81.dat (AmberTools 24.8) X-c1-cg-X"
ha-cg-c1-cu,0,-1,2,"GAFF 1.81, from gaff-1.81.dat (AmberTools 24.8) X-c1-cg-X"
ha-cg-c1-c3,0,-1,2,"GAFF 1.81, from gaff-1.81.dat (AmberTools 24.8) X-c1-cg-X"
ha-cg-c1-hc,0,-1,2,"GAFF 1.81, from gaff-1.81.dat (AmberTools 24.8) X-c1-cg-X"
ha-cg-cg-ca,0,-1,2,"GAFF 1.81, from gaff-1.81.dat (AmberTools 24.8) X-cg-cg-X"
ha-cg-cg-ha,0,-1,2,"GAFF 1.81, from gaff-1.81.dat (AmberTools 24.8) X-cg-cg-X"
ha-cg-cg-cp,0,-1,2,"GAFF 1.81, from gaff-1.81.dat (AmberTools 24.8) X-cg-cg-X"
ha-cg-cg-c1,0,-1,2,"GAFF 1.81, from gaff-1.81.dat (AmberTools 24.8) X-cg-cg-X"
ha-cg-cg-cg,0,-1,2,"GAFF 1.81, from gaff-1.81.dat (AmberTools 24.8) X-cg-cg-X"
ha-cg-cg-ch,0,-1,2,"GAFF 1.81, from gaff-1.81.dat (AmberTools 24.8) X-cg-cg-X"
ha-cg-cg-ce,0,-1,2,"GAFF 1.81, from gaff-1.81.dat (AmberTools 24.8) X-cg-cg-X"
ha-cg-cg-cu,0,-1,2,"GAFF 1.81, from gaff-1.81.dat (AmberTools 24.8) X-cg-cg-X"
ha-cg-cg-c3,0,-1,2,"GAFF 1.81, from gaff-1.81.dat (AmberTools 24.8) X-cg-cg-X"
ha-cg-cg-hc,0,-1,2,"GAFF 1.81, from gaff-1.81.dat (AmberTools 24.8) X-cg-cg-X"
ha-cg-ch-ca,0,-1,2,"GAFF 1.81, from gaff-1.81.dat (AmberTools 24.8) X-cg-ch-X"
ha-cg-ch-ha,0,-1,2,"GAFF 1.81, from gaff-1.81.dat (AmberTools 24.8) X-cg-ch-X"
ha-cg-ch-cp,0,-1,2,"GAFF 1.81, from gaff-1.81.dat (AmberTools 24.8) X-cg-ch-X"
ha-cg-ch-c1,0,-1,2,"GAFF 1.81, from gaff-1.81.dat (AmberTools 24.8) X-cg-ch-X"
ha-cg-ch-cg,0,-1,2,"GAFF 1.81, from gaff-1.81.dat (AmberTools 24.8) X-cg-ch-X"
ha-cg-ch-ch,0,-1,2,"GAFF 1.81, from gaff-1.81.dat (AmberTools 24.8) X-cg-ch-X"
ha-cg-ch-ce,0,-1,2,"GAFF 1.81, from gaff-1.81.dat (AmberTools 24.8) X-cg-ch-X"
ha-cg-ch-cu,0,-1,2,"GAFF 1.81, from gaff-1.81.dat (AmberTools 24.8) X-cg-ch-X"
ha-cg-ch-c3,0,-1,2,"GAFF 1.81, from gaff-1.81.dat (AmberTools 24.8) X-cg-ch-X"
ha-cg-ch-hc,0,-1,2,"GAFF 1.81, from gaff-1.81.dat (AmberTools 24.8) X-cg-ch-X"
ha-cg-ce-ca,0,-1,2,"GAFF 1.81, from gaff-1.81.dat (AmberTools 24.8) X-c1-ce-X (cg as c1)"
ha-cg-ce-ha,0,-1,2,"GAFF 1.81, from gaff-1.81.dat (AmberTools 24.8) X-c1-ce-X (cg as c1)"
ha-cg-ce-cp,0,-1,2,"GAFF 1.81, from gaff-1.81.dat (AmberTools 24.8) X-c1-ce-X (cg as c1)"
ha-cg-ce-c1,0,-1,2,"GAFF 1.81, from gaff-1.81.dat (AmberTools 24.8) X-c1-ce-X (cg as c1)"
ha-cg-ce-cg,0,-1,2,"GAFF 1.81, from gaff-1.81.dat (AmberTools 24.8) X-c1-ce-X (cg as c1)"
ha-cg-ce-ch,0,-1,2,"GAFF 1.81, from gaff-1.81.dat (AmberTools 24.8) X-c1-ce-X (cg as c1)"
ha-cg-ce-ce,0,-1,2,"GAFF 1.81, from gaff-1.81.dat (AmberTools 24.8) X-c1-ce-X (cg as c1)"
ha-cg-ce-cu,0,-1,2,"GAFF 1.81, from gaff-1.81.dat (AmberTools 24.8) X-c1-ce-X (cg as c1)"
ha-cg-ce-c3,0,-1,2,"GAFF 1.81, from gaff-1.81.dat (AmberTools 24.8) X-c1-ce-X (cg as c1)"
ha-cg-ce-hc,0,-1,2,"GAFF 1.81, from gaff-1.81.dat (AmberTools 24.8) X-c1-ce-X (cg as c1)"
ha-cg-cu-ca,0,-1,2,"GAFF 1.81, from gaff-1.81.dat (AmberTools 24.8) X-c1-c1-X (stand-in: *-cg-cu-* as X-c1-c1-X)"
ha-cg-cu-ha,0,-1,2,"GAFF 1.81, from gaff-1.81.dat (AmberTools 24.8) X-c1-c1-X (stand-in: *-cg-cu-* as X-c1-c1-X)"
ha-cg-cu-cp,0,-1,2,"GAFF 1.81, from gaff-1.81.dat (AmberTools 24.8) X-c1-c1-X (stand-in: *-cg-cu-* as X-c1-c1-X)"
ha-cg-cu-c1,0,-1,2,"GAFF 1.81, from gaff-1.81.dat (AmberTools 24.8) X-c1-c1-X (stand-in: *-cg-cu-* as X-c1-c1-X)"
ha-cg-cu-cg,0,-1,2,"GAFF 1.81, from gaff-1.81.dat (AmberTools 24.8) X-c1-c1-X (stand-in: *-cg-cu-* as X-c1-c1-X)"
ha-cg-cu-ch,0,-1,2,"GAFF 1.81, from gaff-1.81.dat (AmberTools 24.8) X-c1-c1-X (stand-in: *-cg-cu-* as X-c1-c1-X)"
ha-cg-cu-ce,0,-1,2,"GAFF 1.81, from gaff-1.81.dat (AmberTools 24.8) X-c1-c1-X (stand-in: *-cg-cu-* as X-c1-c1-X)"
ha-cg-cu-cu,0,-1,2,"GAFF 1.81, from gaff-1.81.dat (AmberTools 24.8) X-c1-c1-X (stand-in: *-cg-cu-* as X-c1-c1-X)"
ha-cg-cu-c3,0,-1,2,"GAFF 1.81, from gaff-1.81.dat (AmberTools 24.8) X-c1-c1-X (stand-in: *-cg-cu-* as X-c1-c1-X)"
ha-cg-cu-hc,0,-1,2,"GAFF 1.81, from gaff-1.81.dat (AmberTools 24.8) X-c1-c1-X (stand-in: *-cg-cu-* as X-c1-c1-X)"
ha-cg-c3-ca,0,-1,2,"GAFF 1.81, from gaff-1.81.dat (AmberTools 24.8) X-c1-c3-X (cg as c1)"
ha-cg-c3-ha,0,-1,2,"GAFF 1.81, from gaff-1.81.dat (AmberTools 24.8) X-c1-c3-X (cg as c1)"
ha-cg-c3-cp,0,-1,2,"GAFF 1.81, from gaff-1.81.dat (AmberTools 24.8) X-c1-c3-X (cg as c1)"
ha-cg-c3-c1,0,-1,2,"GAFF 1.81, from gaff-1.81.dat (AmberTools 24.8) X-c1-c3-X (cg as c1)"
ha-cg-c3-cg,0,-1,2,"GAFF 1.81, from gaff-1.81.dat (AmberTools 24.8) X-c1-c3-X (cg as c1)"
ha-cg-c3-ch,0,-1,2,"GAFF 1.81, from gaff-1.81.dat (AmberTools 24.8) X-c1-c3-X (cg as c1)"
ha-cg-c3-ce,0,-1,2,"GAFF 1.81, from gaff-1.81.dat (AmberTools 24.8) X-c1-c3-X (cg as c1)"
ha-cg-c3-cu,0,-1,2,"GAFF 1.81, from gaff-1.81.dat (AmberTools 24.8) X-c1-c3-X (cg as c1)"
ha-cg-c3-c3,0,-1,2,"GAFF 1.81, from gaff-1.81.dat (AmberTools 24.8) X-c1-c3-X (cg as c1)"
ha-cg-c3-hc,0,-1,2,"GAFF 1.81, from gaff-1.81.dat (AmberTools 24.8) X-c1-c3-X (cg as c1)"
ha-ch-ca-ca,0,-1,2,"GAFF 1.81, from gaff-1.81.dat (AmberTools 24.8) X-c1-ca-X (ch as c1)"
ha-ch-ca-ha,0,-1,2,"GAFF 1.81, from gaff-1.81.dat (AmberTools 24.8) X-c1-ca-X (ch as c1)"
ha-ch-ca-cp,0,-1,2,"GAFF 1.81, from gaff-1.81.dat (AmberTools 24.8) X-c1-ca-X (ch as c1)"
ha-ch-ca-c1,0,-1,2,"GAFF 1.81, from gaff-1.81.dat (AmberTools 24.8) X-c1-ca-X (ch as c1)"
ha-ch-ca-cg,0,-1,2,"GAFF 1.81, from gaff-1.81.dat (AmberTools 24.8) X-c1-ca-X (ch as c1)"
ha-ch-ca-ch,0,-1,2,"GAFF 1.81, from gaff-1.81.dat (AmberTools 24.8) X-c1-ca-X (ch as c1)"
ha-ch-ca-ce,0,-1,2,"GAFF 1.81, from gaff-1.81.dat (AmberTools 24.8) X-c1-ca-X (ch as c1)"
ha-ch-ca-cu,0,-1,2,"GAFF 1.81, from gaff-1.81.dat (AmberTools 24.8) X-c1-ca-X (ch as c1)"
ha-ch-ca-c3,0,-1,2,"GAFF 1.81, from gaff-1.81.dat (AmberTools 24.8) X-c1-ca-X (ch as c1)"
ha-ch-ca-hc,0,-1,2,"GAFF 1.81, from gaff-1.81.dat (AmberTools 24.8) X-c1-ca-X (ch as c1)"
ha-ch-cp-ca,0,-1,2,"GAFF 1.81, from gaff-1.81.dat (AmberTools 24.8) X-c1-ca-X (ch as c1, cp as ca)"
ha-ch-cp-ha,0,-1,2,"GAFF 1.81, from gaff-1.81.dat (AmberTools 24.8) X-c1-ca-X (ch as c1, cp as ca)"
ha-ch-cp-cp,0,-1,2,"GAFF 1.81, from gaff-1.81.dat (AmberTools 24.8) X-c1-ca-X (ch as c1, cp as ca)"
ha-ch-cp-c1,0,-1,2,"GAFF 1.81, from gaff-1.81.dat (AmberTools 24.8) X-c1-ca-X (ch as c1, cp as ca)"
ha-ch-cp-cg,0,-1,2,"GAFF 1.81, from gaff-1.81.dat (AmberTools 24.8) X-c1-ca-X (ch as c1, cp as ca)"
ha-ch-cp-ch,0,-1,2,"GAFF 1.81, from gaff-1.81.dat (AmberTools 24.8) X-c1-ca-X (ch as c1, cp as ca)"
ha-ch-cp-ce,0,-1,2,"GAFF 1.81, from gaff-1.81.dat (AmberTools 24.8) X-c1-ca-X (ch as c1, cp as ca)"
ha-ch-cp-cu,0,-1,2,"GAFF 1.81, from gaff-1.81.dat (AmberTools 24.8) X-c1-ca-X (ch as c1, cp as ca)"
ha-ch-cp-c3,0,-1,2,"GAFF 1.81, from gaff-1.81.dat (AmberTools 24.8) X-c1-ca-X (ch as c1, cp as ca)"
ha-ch-cp-hc,0,-1,2,"GAFF 1.81, from gaff-1.81.dat (AmberTools 24.8) X-c1-ca-X (ch as c1, cp as ca)"
ha-ch-c1-ca,0,-1,2,"GAFF 1.81, from gaff-1.81.dat (AmberTools 24.8) X-c1-ch-X"
ha-ch-c1-ha,0,-1,2,"GAFF 1.81, from gaff-1.81.dat (AmberTools 24.8) X-c1-ch-X"
ha-ch-c1-cp,0,-1,2,"GAFF 1.81, from gaff-1.81.dat (AmberTools 24.8) X-c1-ch-X"
ha-ch-c1-c1,0,-1,2,"GAFF 1.81, from gaff-1.81.dat (AmberTools 24.8) X-c1-ch-X"
ha-ch-c1-cg,0,-1,2,"GAFF 1.81, from gaff-1.81.dat (AmberTools 24.8) X-c1-ch-X"
ha-ch-c1-ch,0,-1,2,"GAFF 1.81, from gaff-1.81.dat (AmberTools 24.8) X-c1-ch-X"
ha-ch-c1-ce,0,-1,2,"GAFF 1.81, from gaff-1.81.dat (AmberTools 24.8) X-c1-ch-X"
ha-ch-c1-cu,0,-1,2,"GAFF 1.81, from gaff-1.81.dat (AmberTools 24.8) X-c1-ch-X"
ha-ch-c1-c3,0,-1,2,"GAFF 1.81, from gaff-1.81.dat (AmberTools 24.8) X-c1-ch-X"
ha-ch-c1-hc,0,-1,2,"GAFF 1.81, from gaff-1.81.dat (AmberTools 24.8) X-c1-ch-X"
ha-ch-cg-ca,0,-1,2,"GAFF 1.81, from gaff-1.81.dat (AmberTools 24.8) X-cg-ch-X"
ha-ch-cg-ha,0,-1,2,"GAFF 1.81, from gaff-1.81.dat (AmberTools 24.8) X-cg-ch-X"
ha-ch-cg-cp,0,-1,2,"GAFF 1.81, from gaff-1.81.dat (AmberTools 24.8) X-cg-ch-X"
ha-ch-cg-c1,0,-1,2,"GAFF 1.81, from gaff-1.81.dat (AmberTools 24.8) X-cg-ch-X"
ha-ch-cg-cg,0,-1,2,"GAFF 1.81, from gaff-1.81.dat (AmberTools 24.8) X-cg-ch-X"
ha-ch-cg-ch,0,-1,2,"GAFF 1.81, from gaff-1.81.dat (AmberTools 24.8) X-cg-ch-X"
ha-ch-cg-ce,0,-1,2,"GAFF 1.81, from gaff-1.81.dat (AmberTools 24.8) X-cg-ch-X"
ha-ch-cg-cu,0,-1,2,"GAFF 1.81, from gaff-1.81.dat (AmberTools 24.8) X-cg-ch-X"
ha-ch-cg-c3,0,-1,2,"GAFF 1.81, from gaff-1.81.dat (AmberTools 24.8) X-cg-ch-X"
ha-ch-cg-hc,0,-1,2,"GAFF 1.81, from gaff-1.81.dat (AmberTools 24.8) X-cg-ch-X"
ha-ch-ch-ca,0,-1,2,"GAFF 1.81, from gaff-1.81.dat (AmberTools 24.8) X-ch-ch-X"
ha-ch-ch-ha,0,-1,2,"GAFF 1.81, from gaff-1.81.dat (AmberTools 24.8) X-ch-ch-X"
ha-ch-ch-cp,0,-1,2,"GAFF 1.81, from gaff-1.81.dat (AmberTools 24.8) X-ch-ch-X"
ha-ch-ch-c1,0,-1,2,"GAFF 1.81, from gaff-1.81.dat (AmberTools 24.8) X-ch-ch-X"
ha-ch-ch-cg,0,-1,2,"GAFF 1.81, from gaff-1.81.dat (AmberTools 24.8) X-ch-ch-X"
ha-ch-ch-ch,0,-1,2,"GAFF 1.81, from gaff-1.81.dat (AmberTools 24.8) X-ch-ch-X"
ha-ch-ch-ce,0,-1,2,"GAFF 1.81, from gaff-1.81.dat (AmberTools 24.8) X-ch-ch-X"
ha-ch-ch-cu,0,-1,2,"GAFF 1.81, from gaff-1.81.dat (AmberTools 24.8) X-ch-ch-X"
ha-ch-ch-c3,0,-1,2,"GAFF 1.81, from gaff-1.81.dat (AmberTools 24.8) X-ch-ch-X"
ha-ch-ch-hc,0,-1,2,"GAFF 1.81, from gaff-1.81.dat (AmberTools 24.8) X-ch-ch-X"
ha-ch-ce-ca,0,-1,2,"GAFF 1.81, from gaff-1.81.dat (AmberTools 24.8) X-c1-ce-X (ch as c1)"
ha-ch-ce-ha,0,-1,2,"GAFF 1.81, from gaff-1.81.dat (AmberTools 24.8) X-c1-ce-X (ch as c1)"
ha-ch-ce-cp,0,-1,2,"GAFF 1.81, from gaff-1.81.dat (AmberTools 24.8) X-c1-ce-X (ch as c1)"
ha-ch-ce-c1,0,-1,2,"GAFF 1.81, from gaff-1.81.dat (AmberTools 24.8) X-c1-ce-X (ch as c1)"
ha-ch-ce-cg,0,-1,2,"GAFF 1.81, from gaff-1.81.dat (AmberTools 24.8) X-c1-ce-X (ch as c1)"
ha-ch-ce-ch,0,-1,2,"GAFF 1.81, from gaff-1.81.dat (AmberTools 24.8) X-c1-ce-X (ch as c1)"
ha-ch-ce-ce,0,-1,2,"GAFF 1.81, from gaff-1.81.dat (AmberTools 24.8) X-c1-ce-X (ch as c1)"
ha-ch-ce-cu,0,-1,2,"GAFF 1.81, from gaff-1.81.dat (AmberTools 24.8) X-c1-ce-X (ch as c1)"
ha-ch-ce-c3,0,-1,2,"GAFF 1.81, from gaff-1.81.dat (AmberTools 24.8) X-c1-ce-X (ch as c1)"
ha-ch-ce-hc,0,-1,2,"GAFF 1.81, from gaff-1.81.dat (AmberTools 24.8) X-c1-ce-X (ch as c1)"
ha-ch-cu-ca,0,-1,2,"GAFF 1.81, from gaff-1.81.dat (AmberTools 24.8) X-c1-c1-X (stand-in: *-ch-cu-* as X-c1-c1-X)"
ha-ch-cu-ha,0,-1,2,"GAFF 1.81, from gaff-1.81.dat (AmberTools 24.8) X-c1-c1-X (stand-in: *-ch-cu-* as X-c1-c1-X)"
ha-ch-cu-cp,0,-1,2,"GAFF 1.81, from gaff-1.81.dat (AmberTools 24.8) X-c1-c1-X (stand-in: *-ch-cu-* as X-c1-c1-X)"
ha-ch-cu-c1,0,-1,2,"GAFF 1.81, from gaff-1.81.dat (AmberTools 24.8) X-c1-c1-X (stand-in: *-ch-cu-* as X-c1-c1-X)"
ha-ch-cu-cg,0,-1,2,"GAFF 1.81, from gaff-1.81.dat (AmberTools 24.8) X-c1-c1-X (stand-in: *-ch-cu-* as X-c1-c1-X)"
ha-ch-cu-ch,0,-1,2,"GAFF 1.81, from gaff-1.81.dat (AmberTools 24.8) X-c1-c1-X (stand-in: *-ch-cu-* as X-c1-c1-X)"
ha-ch-cu-ce,0,-1,2,"GAFF 1.81, from gaff-1.81.dat (AmberTools 24.8) X-c1-c1-X (stand-in: *-ch-cu-* as X-c1-c1-X)"
ha-ch-cu-cu,0,-1,2,"GAFF 1.81, from gaff-1.81.dat (AmberTools 24.8) X-c1-c1-X (stand-in: *-ch-cu-* as X-c1-c1-X)"
ha-ch-cu-c3,0,-1,2,"GAFF 1.81, from gaff-1.81.dat (AmberTools 24.8) X-c1-c1-X (stand-in: *-ch-cu-* as X-c1-c1-X)"
ha-ch-cu-hc,0,-1,2,"GAFF 1.81, from gaff-1.81.dat (AmberTools 24.8) X-c1-c1-X (stand-in: *-ch-cu-* as X-c1-c1-X)"
ha-ch-c3-ca,0,-1,2,"GAFF 1.81, from gaff-1.81.dat (AmberTools 24.8) X-c1-c3-X (ch as c1)"
ha-ch-c3-ha,0,-1,2,"GAFF 1.81, from gaff-1.81.dat (AmberTools 24.8) X-c1-c3-X (ch as c1)"
ha-ch-c3-cp,0,-1,2,"GAFF 1.81, from gaff-1.81.dat (AmberTools 24.8) X-c1-c3-X (ch as c1)"
ha-ch-c3-c1,0,-1,2,"GAFF 1.81, from gaff-1.81.dat (AmberTools 24.8) X-c1-c3-X (ch as c1)"
ha-ch-c3-cg,0,-1,2,"GAFF 1.81, from gaff-1.81.dat (AmberTools 24.8) X-c1-c3-X (ch as c1)"
ha-ch-c3-ch,0,-1,2,"GAFF 1.81, from gaff-1.81.dat (AmberTools 24.8) X-c1-c3-X (ch as c1)"
ha-ch-c3-ce,0,-1,2,"GAFF 1.81, from gaff-1.81.dat (AmberTools 24.8) X-c1-c3-X (ch as c1)"
ha-ch-c3-cu,0,-1,2,"GAFF 1.81, from gaff-1.81.dat (AmberTools 24.8) X-c1-c3-X (ch as c1)"
ha-ch-c3-c3,0,-1,2,"GAFF 1.81, from gaff-1.81.dat (AmberTools 24.8) X-c1-c3-X (ch as c1)"
ha-ch-c3-hc,0,-1,2,"GAFF 1.81, from gaff-1.81.dat (AmberTools 24.8) X-c1-c3-X (ch as c1)"
ha-ce-ca-ca,1.4,-1,2,"GAFF 1.81, from gaff-1.81.dat (AmberTools 24.8) X-c2-ca-X (ce as c2)"
ha-ce-ca-ha,1.4,-1,2,"GAFF 1.81, from gaff-1.81.dat (AmberTools 24.8) X-c2-ca-X (ce as c2)"
ha-ce-ca-cp,1.4,-1,2,"GAFF 1.81, from gaff-1.81.dat (AmberTools 24.8) X-c2-ca-X (ce as c2)"
ha-ce-ca-c1,1.4,-1,2,"GAFF 1.81, from gaff-1.81.dat (AmberTools 24.8) X-c2-ca-X (ce as c2)"
ha-ce-ca-cg,1.4,-1,2,"GAFF 1.81, from gaff-1.81.dat (AmberTools 24.8) X-c2-ca-X (ce as c2)"
ha-ce-ca-ch,1.4,-1,2,"GAFF 1.81, from gaff-1.81.dat (AmberTools 24.8) X-c2-ca-X (ce as c2)"
ha-ce-ca-ce,1.4,-1,2,"GAFF 1.81, from gaff-1.81.dat (AmberTools 24.8) X-c2-ca-X (ce as c2)"
ha-ce-ca-cu,1.4,-1,2,"GAFF 1.81, from gaff-1.81.dat (AmberTools 24.8) X-c2-ca-X (ce as c2)"
ha-ce-ca-c3,1.4,-1,2,"GAFF 1.81, from gaff-1.81.dat (AmberTools 24.8) X-c2-ca-X (ce as c2)"
ha-ce-ca-hc,1.4,-1,2,"GAFF 1.81, from gaff-1.81.dat (AmberTools 24.8) X-c2-ca-X (ce as c2)"
ha-ce-cp-ca,1.4,-1,2,"GAFF 1.81, from gaff-1.81.dat (AmberTools 24.8) X-c2-ca-X (ce as c2, cp as ca)"
ha-ce-cp-ha,1.4,-1,2,"GAFF 1.81, from gaff-1.81.dat (AmberTools 24.8) X-c2-ca-X (ce as c2, cp as ca)"
ha-ce-cp-cp,1.4,-1,2,"GAFF 1.81, from gaff-1.81.dat (AmberTools 24.8) X-c2-ca-X (ce as c2, cp as ca)"
ha-ce-cp-c1,1.4,-1,2,"GAFF 1.81, from gaff-1.81.dat (AmberTools 24.8) X-c2-ca-X (ce as c2, cp as ca)"
ha-ce-cp-cg,1.4,-1,2,"GAFF 1.81, from gaff-1.81.dat (AmberTools 24.8) X-c2-ca-X (ce as c2, cp as ca)"
ha-ce-cp-ch,1.4,-1,2,"GAFF 1.81, from gaff-1.81.dat (AmberTools 24.8) X-c2-ca-X (ce as c2, cp as ca)"
ha-ce-cp-ce,1.4,-1,2,"GAFF 1.81, from gaff-1.81.dat (AmberTools 24.8) X-c2-ca-X (ce as c2, cp as ca)"
ha-ce-cp-cu,1.4,-1,2,"GAFF 1.81, from gaff-1.81.dat (AmberTools 24.8) X-c2-ca-X (ce as c2, cp as ca)"
ha-ce-cp-c3,1.4,-1,2,"GAFF 1.81, from gaff-1.81.dat (AmberTools 24.8) X-c2-ca-X (ce as c2, cp as ca)"
ha-ce-cp-hc,1.4,-1,2,"GAFF 1.81, from gaff-1.81.dat (AmberTools 24.8) X-c2-ca-X (ce as c2, cp as ca)"
ha-ce-c1-ca,0,-1,2,"GAFF 1.81, from gaff-1.81.dat (AmberTools 24.8) X-c1-ce-X"
ha-ce-c1-ha,0,-1,2,"GAFF 1.81, from gaff-1.81.dat (AmberTools 24.8) X-c1-ce-X"
ha-ce-c1-cp,0,-1,2,"GAFF 1.81, from gaff-1.81.dat (AmberTools 24.8) X-c1-ce-X"
ha-ce-c1-c1,0,-1,2,"GAFF 1.81, from gaff-1.81.dat (AmberTools 24.8) X-c1-ce-X"
ha-ce-c1-cg,0,-1,2,"GAFF 1.81, from gaff-1.81.dat (AmberTools 24.8) X-c1-ce-X"
ha-ce-c1-ch,0,-1,2,"GAFF 1.81, from gaff-1.81.dat (AmberTools 24.8) X-c1-ce-X"
ha-ce-c1-ce,0,-1,2,"GAFF 1.81, from gaff-1.81.dat (AmberTools 24.8) X-c1-ce-X"
ha-ce-c1-cu,0,-1,2,"GAFF 1.81, from gaff-1.81.dat (AmberTools 24.8) X-c1-ce-X"
ha-ce-c1-c3,0,-1,2,"GAFF 1.81, from gaff-1.81.dat (AmberTools 24.8) X-c1-ce-X"
ha-ce-c1-hc,0,-1,2,"GAFF 1.81, from gaff-1.81.dat (AmberTools 24.8) X-c1-ce-X"
ha-ce-cg-ca,0,-1,2,"GAFF 1.81, from gaff-1.81.dat (AmberTools 24.8) X-c1-ce-X (cg as c1)"
ha-ce-cg-ha,0,-1,2,"GAFF 1.81, from gaff-1.81.dat (AmberTools 24.8) X-c1-ce-X (cg as c1)"
ha-ce-cg-cp,0,-1,2,"GAFF 1.81, from gaff-1.81.dat (AmberTools 24.8) X-c1-ce-X (cg as c1)"
ha-ce-cg-c1,0,-1,2,"GAFF 1.81, from gaff-1.81.dat (AmberTools 24.8) X-c1-ce-X (cg as c1)"
ha-ce-cg-cg,0,-1,2,"GAFF 1.81, from gaff-1.81.dat (AmberTools 24.8) X-c1-ce-X (cg as c1)"
ha-ce-cg-ch,0,-1,2,"GAFF 1.81, from gaff-1.81.dat (AmberTools 24.8) X-c1-ce-X (cg as c1)"
ha-ce-cg-ce,0,-1,2,"GAFF 1.81, from gaff-1.81.dat (AmberTools 24.8) X-c1-ce-X (cg as c1)"
ha-ce-cg-cu,0,-1,2,"GAFF 1.81, from gaff-1.81.dat (AmberTools 24.8) X-c1-ce-X (cg as c1)"
ha-ce-cg-c3,0,-1,2,"GAFF 1.81, from gaff-1.81.dat (AmberTools 24.8) X-c1-ce-X (cg as c1)"
ha-ce-cg-hc,0,-1,2,"GAFF 1.81, from gaff-1.81.dat (AmberTools 24.8) X-c1-ce-X (cg as c1)"
ha-ce-ch-ca,0,-1,2,"GAFF 1.81, from gaff-1.81.dat (AmberTools 24.8) X-c1-ce-X (ch as c1)"
ha-ce-ch-ha,0,-1,2,"GAFF 1.81, from gaff-1.81.dat (AmberTools 24.8) X-c1-ce-X (ch as c1)"
ha-ce-ch-cp,0,-1,2,"GAFF 1.81, from gaff-1.81.dat (AmberTools 24.8) X-c1-ce-X (ch as c1)"
ha-ce-ch-c1,0,-1,2,"GAFF 1.81, from gaff-1.81.dat (AmberTools 24.8) X-c1-ce-X (ch as c1)"
ha-ce-ch-cg,0,-1,2,"GAFF 1.81, from gaff-1.81.dat (AmberTools 24.8) X-c1-ce-X (ch as c1)"
ha-ce-ch-ch,0,-1,2,"GAFF 1.81, from gaff-1.81.dat (AmberTools 24.8) X-c1-ce-X (ch as c1)"
ha-ce-ch-ce,0,-1,2,"GAFF 1.81, from gaff-1.81.dat (AmberTools 24.8) X-c1-ce-X (ch as c1)"
ha-ce-ch-cu,0,-1,2,"GAFF 1.81, from gaff-1.81.dat (AmberTools 24.8) X-c1-ce-X (ch as c1)"
ha-ce-ch-c3,0,-1,2,"GAFF 1.81, from gaff-1.81.dat (AmberTools 24.8) X-c1-ce-X (ch as c1)"
ha-ce-ch-hc,0,-1,2,"GAFF 1.81, from gaff-1.81.dat (AmberTools 24.8) X-c1-ce-X (ch as c1)"
ha-ce-ce-ca,2,-1,2,"GAFF 1.81, from gaff-1.81.dat (AmberTools 24.8) X-ce-ce-X"
ha-ce-ce-ha,2,-1,2,"GAFF 1.81, from gaff-1.81.dat (AmberTools 24.8) X-ce-ce-X"
ha-ce-ce-cp,2,-1,2,"GAFF 1.81, from gaff-1.81.dat (AmberTools 24.8) X-ce-ce-X"
ha-ce-ce-c1,2,-1,2,"GAFF 1.81, from gaff-1.81.dat (AmberTools 24.8) X-ce-ce-X"
ha-ce-ce-cg,2,-1,2,"GAFF 1.81, from gaff-1.81.dat (AmberTools 24.8) X-ce-ce-X"
ha-ce-ce-ch,2,-1,2,"GAFF 1.81, from gaff-1.81.dat (AmberTools 24.8) X-ce-ce-X"
ha-ce-ce-ce,2,-1,2,"GAFF 1.81, from gaff-1.81.dat (AmberTools 24.8) X-ce-ce-X"
ha-ce-ce-cu,2,-1,2,"GAFF 1.81, from gaff-1.81.dat (AmberTools 24.8) X-ce-ce-X"
ha-ce-ce-c3,2,-1,2,"GAFF 1.81, from gaff-1.81.dat (AmberTools 24.8) X-ce-ce-X"
ha-ce-ce-hc,2,-1,2,"GAFF 1.81, from gaff-1.81.dat (AmberTools 24.8) X-ce-ce-X"
ha-ce-cu-ca,2,-1,2,"GAFF 1.81, from gaff-1.81.dat (AmberTools 24.8) X-cp-cp-X (stand-in: *-ce-cu-* as X-cp-cp-X)"
ha-ce-cu-ha,2,-1,2,"GAFF 1.81, from gaff-1.81.dat (AmberTools 24.8) X-cp-cp-X (stand-in: *-ce-cu-* as X-cp-cp-X)"
ha-ce-cu-cp,2,-1,2,"GAFF 1.81, from gaff-1.81.dat (AmberTools 24.8) X-cp-cp-X (stand-in: *-ce-cu-* as X-cp-cp-X)"
ha-ce-cu-c1,2,-1,2,"GAFF 1.81, from gaff-1.81.dat (AmberTools 24.8) X-cp-cp-X (stand-in: *-ce-cu-* as X-cp-cp-X)"
ha-ce-cu-cg,2,-1,2,"GAFF 1.81, from gaff-1.81.dat (AmberTools 24.8) X-cp-cp-X (stand-in: *-ce-cu-* as X-cp-cp-X)"
ha-ce-cu-ch,2,-1,2,"GAFF 1.81, from gaff-1.81.dat (AmberTools 24.8) X-cp-cp-X (stand-in: *-ce-cu-* as X-cp-cp-X)"
ha-ce-cu-ce,2,-1,2,"GAFF 1.81, from gaff-1.81.dat (AmberTools 24.8) X-cp-cp-X (stand-in: *-ce-cu-* as X-cp-cp-X)"
ha-ce-cu-cu,2,-1,2,"GAFF 1.81, from gaff-1.81.dat (AmberTools 24.8) X-cp-cp-X (stand-in: *-ce-cu-* as X-cp-cp-X)"
ha-ce-cu-c3,2,-1,2,"GAFF 1.81, from gaff-1.81.dat (AmberTools 24.8) X-cp-cp-X (stand-in: *-ce-cu-* as X-cp-cp-X)"
ha-ce-cu-hc,2,-1,2,"GAFF 1.81, from gaff-1.81.dat (AmberTools 24.8) X-cp-cp-X (stand-in: *-ce-cu-* as X-cp-cp-X)"
ha-ce-c3-ca,0,1,2,"GAFF 1.81, from gaff-1.81.dat (AmberTools 24.8) X-c2-c3-X (ce as c2)"
ha-ce-c3-ha,0,1,2,"GAFF 1.81, from gaff-1.81.dat (AmberTools 24.8) X-c2-c3-X (ce as c2)"
ha-ce-c3-cp,0,1,2,"GAFF 1.81, from gaff-1.81.dat (AmberTools 24.8) X-c2-c3-X (ce as c2)"
ha-ce-c3-c1,0,1,2,"GAFF 1.81, from gaff-1.81.dat (AmberTools 24.8) X-c2-c3-X (ce as c2)"
ha-ce-c3-cg,0,1,2,"GAFF 1.81, from gaff-1.81.dat (AmberTools 24.8) X-c2-c3-X (ce as c2)"
ha-ce-c3-ch,0,1,2,"GAFF 1.81, from gaff-1.81.dat (AmberTools 24.8) X-c2-c3-X (ce as c2)"
ha-ce-c3-ce,0,1,2,"GAFF 1.81, from gaff-1.81.dat (AmberTools 24.8) X-c2-c3-X (ce as c2)"
ha-ce-c3-cu,0,1,2,"GAFF 1.81, from gaff-1.81.dat (AmberTools 24.8) X-c2-c3-X (ce as c2)"
ha-ce-c3-c3,0,1,2,"GAFF 1.81, from gaff-1.81.dat (AmberTools 24.8) X-c2-c3-X (ce as c2)"
ha-ce-c3-hc,0,1,2,"GAFF 1.81, from gaff-1.81.dat (AmberTools 24.8) X-c2-c3-X (ce as c2)"
ha-cu-ca-ca,2,-1,2,"GAFF 1.81, from gaff-1.81.dat (AmberTools 24.8) X-cp-cp-X (stand-in: *-ca-cu-* as X-cp-cp-X)"
ha-cu-ca-ha,2,-1,2,"GAFF 1.81, from gaff-1.81.dat (AmberTools 24.8) X-cp-cp-X (stand-in: *-ca-cu-* as X-cp-cp-X)"
ha-cu-ca-cp,2,-1,2,"GAFF 1.81, from gaff-1.81.dat (AmberTools 24.8) X-cp-cp-X (stand-in: *-ca-cu-* as X-cp-cp-X)"
ha-cu-ca-c1,2,-1,2,"GAFF 1.81, from gaff-1.81.dat (AmberTools 24.8) X-cp-cp-X (stand-in: *-ca-cu-* as X-cp-cp-X)"
ha-cu-ca-cg,2,-1,2,"GAFF 1.81, from gaff-1.81.dat (AmberTools 24.8) X-cp-cp-X (stand-in: *-ca-cu-* as X-cp-cp-X)"
ha-cu-ca-ch,2,-1,2,"GAFF 1.81, from gaff-1.81.dat (AmberTools 24.8) X-cp-cp-X (stand-in: *-ca-cu-* as X-cp-cp-X)"
ha-cu-ca-ce,2,-1,2,"GAFF 1.81, from gaff-1.81.dat (AmberTools 24.8) X-cp-cp-X (stand-in: *-ca-cu-* as X-cp-cp-X)"
ha-cu-ca-cu,2,-1,2,"GAFF 1.81, from gaff-1.81.dat (AmberTools 24.8) X-cp-cp-X (stand-in: *-ca-cu-* as X-cp-cp-X)"
ha-cu-ca-c3,2,-1,2,"GAFF 1.81, from gaff-1.81.dat (AmberTools 24.8) X-cp-cp-X (stand-in: *-ca-cu-* as X-cp-cp-X)"
ha-cu-ca-hc,2,-1,2,"GAFF 1.81, from gaff-1.81.dat (AmberTools 24.8) X-cp-cp-X (stand-in: *-ca-cu-* as X-cp-cp-X)"
ha-cu-cp-ca,2,-1,2,"GAFF 1.81, from gaff-1.81.dat (AmberTools 24.8) X-cp-cp-X (stand-in: *-cp-cu-* as X-cp-cp-X)"
ha-cu-cp-ha,2,-1,2,"GAFF 1.81, from gaff-1.81.dat (AmberTools 24.8) X-cp-cp-X (stand-in: *-cp-cu-* as X-cp-cp-X)"
ha-cu-cp-cp,2,-1,2,"GAFF 1.81, from gaff-1.81.dat (AmberTools 24.8) X-cp-cp-X (stand-in: *-cp-cu-* as X-cp-cp-X)"
ha-cu-cp-c1,2,-1,2,"GAFF 1.81, from gaff-1.81.dat (AmberTools 24.8) X-cp-cp-X (stand-in: *-cp-cu-* as X-cp-cp-X)"
ha-cu-cp-cg,2,-1,2,"GAFF 1.81, from gaff-1.81.dat (AmberTools 24.8) X-cp-cp-X (stand-in: *-cp-cu-* as X-cp-cp-X)"
ha-cu-cp-ch,2,-1,2,"GAFF 1.81, from gaff-1.81.dat (AmberTools 24.8) X-cp-cp-X (stand-in: *-cp-cu-* as X-cp-cp-X)"
ha-cu-cp-ce,2,-1,2,"GAFF 1.81, from gaff-1.81.dat (AmberTools 24.8) X-cp-cp-X (stand-in: *-cp-cu-* as X-cp-cp-X)"
ha-cu-cp-cu,2,-1,2,"GAFF 1.81, from gaff-1.81.dat (AmberTools 24.8) X-cp-cp-X (stand-in: *-cp-cu-* as X-cp-cp-X)"
ha-cu-cp-c3,2,-1,2,"GAFF 1.81, from gaff-1.81.dat (AmberTools 24.8) X-cp-cp-X (stand-in: *-cp-cu-* as X-cp-cp-X)"
ha-cu-cp-hc,2,-1,2,"GAFF 1.81, from gaff-1.81.dat (AmberTools 24.8) X-cp-cp-X (stand-in: *-cp-cu-* as X-cp-cp-X)"
ha-cu-c1-ca,0,-1,2,"GAFF 1.81, from gaff-1.81.dat (AmberTools 24.8) X-c1-cu-X"
ha-cu-c1-ha,0,-1,2,"GAFF 1.81, from gaff-1.81.dat (AmberTools 24.8) X-c1-cu-X"
ha-cu-c1-cp,0,-1,2,"GAFF 1.81, from gaff-1.81.dat (AmberTools 24.8) X-c1-cu-X"
ha-cu-c1-c1,0,-1,2,"GAFF 1.81, from gaff-1.81.dat (AmberTools 24.8) X-c1-cu-X"
ha-cu-c1-cg,0,-1,2,"GAFF 1.81, from gaff-1.81.dat (AmberTools 24.8) X-c1-cu-X"
ha-cu-c1-ch,0,-1,2,"GAFF 1.81, from gaff-1.81.dat (AmberTools 24.8) X-c1-cu-X"
ha-cu-c1-ce,0,-1,2,"GAFF 1.81, from gaff-1.81.dat (AmberTools 24.8) X-c1-cu-X"
ha-cu-c1-cu,0,-1,2,"GAFF 1.81, from gaff-1.81.dat (AmberTools 24.8) X-c1-cu-X"
ha-cu-c1-c3,0,-1,2,"GAFF 1.81, from gaff-1.81.dat (AmberTools 24.8) X-c1-cu-X"
ha-cu-c1-hc,0,-1,2,"GAFF 1.81, from gaff-1.81.dat (AmberTools 24.8) X-c1-cu-X"
ha-cu-cg-ca,0,-1,2,"GAFF 1.81, from gaff-1.81.dat (AmberTools 24.8) X-c1-c1-X (stand-in: *-cg-cu-* as X-c1-c1-X)"
ha-cu-cg-ha,0,-1,2,"GAFF 1.81, from gaff-1.81.dat (AmberTools 24.8) X-c1-c1-X (stand-in: *-cg-cu-* as X-c1-c1-X)"
ha-cu-cg-cp,0,-1,2,"GAFF 1.81, from gaff-1.81.dat (AmberTools 24.8) X-c1-c1-X (stand-in: *-cg-cu-* as X-c1-c1-X)"
ha-cu-cg-c1,0,-1,2,"GAFF 1.81, from gaff-1.81.dat (AmberTools 24.8) X-c1-c1-X (stand-in: *-cg-cu-* as X-c1-c1-X)"
ha-cu-cg-cg,0,-1,2,"GAFF 1.81, from gaff-1.81.dat (AmberTools 24.8) X-c1-c1-X (stand-in: *-cg-cu-* as X-c1-c1-X)"
ha-cu-cg-ch,0,-1,2,"GAFF 1.81, from gaff-1.81.dat (AmberTools 24.8) X-c1-c1-X (stand-in: *-cg-cu-* as X-c1-c1-X)"
ha-cu-cg-ce,0,-1,2,"GAFF 1.81, from gaff-1.81.dat (AmberTools 24.8) X-c1-c1-X (stand-in: *-cg-cu-* as X-c1-c1-X)"
ha-cu-cg-cu,0,-1,2,"GAFF 1.81, from gaff-1.81.dat (AmberTools 24.8) X-c1-c1-X (stand-in: *-cg-cu-* as X-c1-c1-X)"
ha-cu-cg-c3,0,-1,2,"GAFF 1.81, from gaff-1.81.dat (AmberTools 24.8) X-c1-c1-X (stand-in: *-cg-cu-* as X-c1-c1-X)"
ha-cu-cg-hc,0,-1,2,"GAFF 1.81, from gaff-1.81.dat (AmberTools 24.8) X-c1-c1-X (stand-in: *-cg-cu-* as X-c1-c1-X)"
ha-cu-ch-ca,0,-1,2,"GAFF 1.81, from gaff-1.81.dat (AmberTools 24.8) X-c1-c1-X (stand-in: *-ch-cu-* as X-c1-c1-X)"
ha-cu-ch-ha,0,-1,2,"GAFF 1.81, from gaff-1.81.dat (AmberTools 24.8) X-c1-c1-X (stand-in: *-ch-cu-* as X-c1-c1-X)"
ha-cu-ch-cp,0,-1,2,"GAFF 1.81, from gaff-1.81.dat (AmberTools 24.8) X-c1-c1-X (stand-in: *-ch-cu-* as X-c1-c1-X)"
ha-cu-ch-c1,0,-1,2,"GAFF 1.81, from gaff-1.81.dat (AmberTools 24.8) X-c1-c1-X (stand-in: *-ch-cu-* as X-c1-c1-X)"
ha-cu-ch-cg,0,-1,2,"GAFF 1.81, from gaff-1.81.dat (AmberTools 24.8) X-c1-c1-X (stand-in: *-ch-cu-* as X-c1-c1-X)"
ha-cu-ch-ch,0,-1,2,"GAFF 1.81, from gaff-1.81.dat (AmberTools 24.8) X-c1-c1-X (stand-in: *-ch-cu-* as X-c1-c1-X)"
ha-cu-ch-ce,0,-1,2,"GAFF 1.81, from gaff-1.81.dat (AmberTools 24.8) X-c1-c1-X (stand-in: *-ch-cu-* as X-c1-c1-X)"
ha-cu-ch-cu,0,-1,2,"GAFF 1.81, from gaff-1.81.dat (AmberTools 24.8) X-c1-c1-X (stand-in: *-ch-cu-* as X-c1-c1-X)"
ha-cu-ch-c3,0,-1,2,"GAFF 1.81, from gaff-1.81.dat (AmberTools 24.8) X-c1-c1-X (stand-in: *-ch-cu-* as X-c1-c1-X)"
ha-cu-ch-hc,0,-1,2,"GAFF 1.81, from gaff-1.81.dat (AmberTools 24.8) X-c1-c1-X (stand-in: *-ch-cu-* as X-c1-c1-X)"
ha-cu-ce-ca,2,-1,2,"GAFF 1.81, from gaff-1.81.dat (AmberTools 24.8) X-cp-cp-X (stand-in: *-ce-cu-* as X-cp-cp-X)"
ha-cu-ce-ha,2,-1,2,"GAFF 1.81, from gaff-1.81.dat (AmberTools 24.8) X-cp-cp-X (stand-in: *-ce-cu-* as X-cp-cp-X)"
ha-cu-ce-cp,2,-1,2,"GAFF 1.81, from gaff-1.81.dat (AmberTools 24.8) X-cp-cp-X (stand-in: *-ce-cu-* as X-cp-cp-X)"
ha-cu-ce-c1,2,-1,2,"GAFF 1.81, from gaff-1.81.dat (AmberTools 24.8) X-cp-cp-X (stand-in: *-ce-cu-* as X-cp-cp-X)"
ha-cu-ce-cg,2,-1,2,"GAFF 1.81, from gaff-1.81.dat (AmberTools 24.8) X-cp-cp-X (stand-in: *-ce-cu-* as X-cp-cp-X)"
ha-cu-ce-ch,2,-1,2,"GAFF 1.81, from gaff-1.81.dat (AmberTools 24.8) X-cp-cp-X (stand-in: *-ce-cu-* as X-cp-cp-X)"
ha-cu-ce-ce,2,-1,2,"GAFF 1.81, from gaff-1.81.dat (AmberTools 24.8) X-cp-cp-X (stand-in: *-ce-cu-* as X-cp-cp-X)"
ha-cu-ce-cu,2,-1,2,"GAFF 1.81, from gaff-1.81.dat (AmberTools 24.8) X-cp-cp-X (stand-in: *-ce-cu-* as X-cp-cp-X)"
ha-cu-ce-c3,2,-1,2,"GAFF 1.81, from gaff-1.81.dat (AmberTools 24.8) X-cp-cp-X (stand-in: *-ce-cu-* as X-cp-cp-X)"
ha-cu-ce-hc,2,-1,2,"GAFF 1.81, from gaff-1.81.dat (AmberTools 24.8) X-cp-cp-X (stand-in: *-ce-cu-* as X-cp-cp-X)"
ha-cu-cu-ca,2,-1,2,"GAFF 1.81, from gaff-1.81.dat (AmberTools 24.8) X-ce-ce-X (cu as ce)"
ha-cu-cu-ha,2,-1,2,"GAFF 1.81, from gaff-1.81.dat (AmberTools 24.8) X-ce-ce-X (cu as ce)"
ha-cu-cu-cp,2,-1,2,"GAFF 1.81, from gaff-1.81.dat (AmberTools 24.8) X-ce-ce-X (cu as ce)"
ha-cu-cu-c1,2,-1,2,"GAFF 1.81, from gaff-1.81.dat (AmberTools 24.8) X-ce-ce-X (cu as ce)"
ha-cu-cu-cg,2,-1,2,"GAFF 1.81, from gaff-1.81.dat (AmberTools 24.8) X-ce-ce-X (cu as ce)"
ha-cu-cu-ch,2,-1,2,"GAFF 1.81, from gaff-1.81.dat (AmberTools 24.8) X-ce-ce-X (cu as ce)"
ha-cu-cu-ce,2,-1,2,"GAFF 1.81, from gaff-1.81.dat (AmberTools 24.8) X-ce-ce-X (cu as ce)"
ha-cu-cu-cu,2,-1,2,"GAFF 1.81, from gaff-1.81.dat (AmberTools 24.8) X-ce-ce-X (cu as ce)"
ha-cu-cu-c3,2,-1,2,"GAFF 1.81, from gaff-1.81.dat (AmberTools 24.8) X-ce-ce-X (cu as ce)"
ha-cu-cu-hc,2,-1,2,"GAFF 1.81, from gaff-1.81.dat (AmberTools 24.8) X-ce-ce-X (cu as ce)"
ha-cu-c3-ca,0,1,2,"GAFF 1.81, from gaff-1.81.dat (AmberTools 24.8) X-c2-c3-X (stand-in: *-c3-cu-* as X-c2-c3-X)"
ha-cu-c3-ha,0,1,2,"GAFF 1.81, from gaff-1.81.dat (AmberTools 24.8) X-c2-c3-X (stand-in: *-c3-cu-* as X-c2-c3-X)"
ha-cu-c3-cp,0,1,2,"GAFF 1.81, from gaff-1.81.dat (AmberTools 24.8) X-c2-c3-X (stand-in: *-c3-cu-* as X-c2-c3-X)"
ha-cu-c3-c1,0,1,2,"GAFF 1.81, from gaff-1.81.dat (AmberTools 24.8) X-c2-c3-X (stand-in: *-c3-cu-* as X-c2-c3-X)"
ha-cu-c3-cg,0,1,2,"GAFF 1.81, from gaff-1.81.dat (AmberTools 24.8) X-c2-c3-X (stand-in: *-c3-cu-* as X-c2-c3-X)"
ha-cu-c3-ch,0,1,2,"GAFF 1.81, from gaff-1.81.dat (AmberTools 24.8) X-c2-c3-X (stand-in: *-c3-cu-* as X-c2-c3-X)"
ha-cu-c3-ce,0,1,2,"GAFF 1.81, from gaff-1.81.dat (AmberTools 24.8) X-c2-c3-X (stand-in: *-c3-cu-* as X-c2-c3-X)"
ha-cu-c3-cu,0,1,2,"GAFF 1.81, from gaff-1.81.dat (AmberTools 24.8) X-c2-c3-X (stand-in: *-c3-cu-* as X-c2-c3-X)"
ha-cu-c3-c3,0,1,2,"GAFF 1.81, from gaff-1.81.dat (AmberTools 24.8) X-c2-c3-X (stand-in: *-c3-cu-* as X-c2-c3-X)"
ha-cu-c3-hc,0,1,2,"GAFF 1.81, from gaff-1.81.dat (AmberTools 24.8) X-c2-c3-X (stand-in: *-c3-cu-* as X-c2-c3-X)"
ha-c3-ca-ca,0,1,2,"GAFF 1.81, from gaff-1.81.dat (AmberTools 24.8) X-c3-ca-X"
ha-c3-ca-ha,0,1,2,"GAFF 1.81, from gaff-1.81.dat (AmberTools 24.8) X-c3-ca-X"
ha-c3-ca-cp,0,1,2,"GAFF 1.81, from gaff-1.81.dat (AmberTools 24.8) X-c3-ca-X"
ha-c3-ca-c1,0,1,2,"GAFF 1.81, from gaff-1.81.dat (AmberTools 24.8) X-c3-ca-X"
ha-c3-ca-cg,0,1,2,"GAFF 1.81, from gaff-1.81.dat (AmberTools 24.8) X-c3-ca-X"
ha-c3-ca-ch,0,1,2,"GAFF 1.81, from gaff-1.81.dat (AmberTools 24.8) X-c3-ca-X"
ha-c3-ca-ce,0,1,2,"GAFF 1.81, from gaff-1.81.dat (AmberTools 24.8) X-c3-ca-X"
ha-c3-ca-cu,0,1,2,"GAFF 1.81, from gaff-1.81.dat (AmberTools 24.8) X-c3-ca-X"
ha-c3-ca-c3,0,1,2,"GAFF 1.81, from gaff-1.81.dat (AmberTools 24.8) X-c3-ca-X"
ha-c3-ca-hc,0,1,2,"GAFF 1.81, from gaff-1.81.dat (AmberTools 24.8) X-c3-ca-X"
ha-c3-cp-ca,0,1,2,"GAFF 1.81, from gaff-1.81.dat (AmberTools 24.8) X-c3-ca-X (cp as ca)"
ha-c3-cp-ha,0,1,2,"GAFF 1.81, from gaff-1.81.dat (AmberTools 24.8) X-c3-ca-X (cp as ca)"
ha-c3-cp-cp,0,1,2,"GAFF 1.81, from gaff-1.81.dat (AmberTools 24.8) X-c3-ca-X (cp as ca)"
ha-c3-cp-c1,0,1,2,"GAFF 1.81, from gaff-1.81.dat (AmberTools 24.8) X-c3-ca-X (cp as ca)"
ha-c3-cp-cg,0,1,2,"GAFF 1.81, from gaff-1.81.dat (AmberTools 24.8) X-c3-ca-X (cp as ca)"
ha-c3-cp-ch,0,1,2,"GAFF 1.81, from gaff-1.81.dat (AmberTools 24.8) X-c3-ca-X (cp as ca)"
ha-c3-cp-ce,0,1,2,"GAFF 1.81, from gaff-1.81.dat (AmberTools 24.8) X-c3-ca-X (cp as ca)"
ha-c3-cp-cu,0,1,2,"GAFF 1.81, from gaff-1.81.dat (AmberTools 24.8) X-c3-ca-X (cp as ca)"
ha-c3-cp-c3,0,1,2,"GAFF 1.81, from gaff-1.81.dat (AmberTools 24.8) X-c3-ca-X (cp as ca)"
ha-c3-cp-hc,0,1,2,"GAFF 1.81, from gaff-1.81.dat (AmberTools 24.8) X-c3-ca-X (cp as ca)"
ha-c3-c1-ca,0,-1,2,"GAFF 1.81, from gaff-1.81.dat (AmberTools 24.8) X-c1-c3-X"
ha-c3-c1-ha,0,-1,2,"GAFF 1.81, from gaff-1.81.dat (AmberTools 24.8) X-c1-c3-X"
ha-c3-c1-cp,0,-1,2,"GAFF 1.81, from gaff-1.81.dat (AmberTools 24.8) X-c1-c3-X"
ha-c3-c1-c1,0,-1,2,"GAFF 1.81, from gaff-1.81.dat (AmberTools 24.8) X-c1-c3-X"
ha-c3-c1-cg,0,-1,2,"GAFF 1.81, from gaff-1.81.dat (AmberTools 24.8) X-c1-c3-X"
ha-c3-c1-ch,0,-1,2,"GAFF 1.81, from gaff-1.81.dat (AmberTools 24.8) X-c1-c3-X"
ha-c3-c1-ce,0,-1,2,"GAFF 1.81, from gaff-1.81.dat (AmberTools 24.8) X-c1-c3-X"
ha-c3-c1-cu,0,-1,2,"GAFF 1.81, from gaff-1.81.dat (AmberTools 24.8) X-c1-c3-X"
ha-c3-c1-c3,0,-1,2,"GAFF 1.81, from gaff-1.81.dat (AmberTools 24.8) X-c1-c3-X"
ha-c3-c1-hc,0,-1,2,"GAFF 1.81, from gaff-1.81.dat (AmberTools 24.8) X-c1-c3-X"
ha-c3-cg-ca,0,-1,2,"GAFF 1.81, from gaff-1.81.dat (AmberTools 24.8) X-c1-c3-X (cg as c1)"
ha-c3-cg-ha,0,-1,2,"GAFF 1.81, from gaff-1.81.dat (AmberTools 24.8) X-c1-c3-X (cg as c1)"
ha-c3-cg-cp,0,-1,2,"GAFF 1.81, from gaff-1.81.dat (AmberTools 24.8) X-c1-c3-X (cg as c1)"
ha-c3-cg-c1,0,-1,2,"GAFF 1.81, from gaff-1.81.dat (AmberTools 24.8) X-c1-c3-X (cg as c1)"
ha-c3-cg-cg,0,-1,2,"GAFF 1.81, from gaff-1.81.dat (AmberTools 24.8) X-c1-c3-X (cg as c1)"
ha-c3-cg-ch,0,-1,2,"GAFF 1.81, from gaff-1.81.dat (AmberTools 24.8) X-c1-c3-X (cg as c1)"
ha-c3-cg-ce,0,-1,2,"GAFF 1.81, from gaff-1.81.dat (AmberTools 24.8) X-c1-c3-X (cg as c1)"
ha-c3-cg-cu,0,-1,2,"GAFF 1.81, from gaff-1.81.dat (AmberTools 24.8) X-c1-c3-X (cg as c1)"
ha-c3-cg-c3,0,-1,2,"GAFF 1.81, from gaff-1.81.dat (AmberTools 24.8) X-c1-c3-X (cg as c1)"
ha-c3-cg-hc,0,-1,2,"GAFF 1.81, from gaff-1.81.dat (AmberTools 24.8) X-c1-c3-X (cg as c1)"
ha-c3-ch-ca,0,-1,2,"GAFF 1.81, from gaff-1.81.dat (AmberTools 24.8) X-c1-c3-X (ch as c1)"
ha-c3-ch-ha,0,-1,2,"GAFF 1.81, from gaff-1.81.dat (AmberTools 24.8) X-c1-c3-X (ch as c1)"
ha-c3-ch-cp,0,-1,2,"GAFF 1.81, from gaff-1.81.dat (AmberTools 24.8) X-c1-c3-X (ch as c1)"
ha-c3-ch-c1,0,-1,2,"GAFF 1.81, from gaff-1.81.dat (AmberTools 24.8) X-c1-c3-X (ch as c1)"
ha-c3-ch-cg,0,-1,2,"GAFF 1.81, from gaff-1.81.dat (AmberTools 24.8) X-c1-c3-X (ch as c1)"
ha-c3-ch-ch,0,-1,2,"GAFF 1.81, from gaff-1.81.dat (AmberTools 24.8) X-c1-c3-X (ch as c1)"
ha-c3-ch-ce,0,-1,2,"GAFF 1.81, from gaff-1.81.dat (AmberTools 24.8) X-c1-c3-X (ch as c1)"
ha-c3-ch-cu,0,-1,2,"GAFF 1.81, from gaff-1.81.dat (AmberTools 24.8) X-c1-c3-X (ch as c1)"
ha-c3-ch-c3,0,-1,2,"GAFF 1.81, from gaff-1.81.dat (AmberTools 24.8) X-c1-c3-X (ch as c1)"
ha-c3-ch-hc,0,-1,2,"GAFF 1.81, from gaff-1.81.dat (AmberTools 24.8) X-c1-c3-X (ch as c1)"
ha-c3-ce-ca,0,1,2,"GAFF 1.81, from gaff-1.81.dat (AmberTools 24.8) X-c2-c3-X (ce as c2)"
ha-c3-ce-ha,0,1,2,"GAFF 1.81, from gaff-1.81.dat (AmberTools 24.8) X-c2-c3-X (ce as c2)"
ha-c3-ce-cp,0,1,2,"GAFF 1.81, from gaff-1.81.dat (AmberTools 24.8) X-c2-c3-X (ce as c2)"
ha-c3-ce-c1,0,1,2,"GAFF 1.81, from gaff-1.81.dat (AmberTools 24.8) X-c2-c3-X (ce as c2)"
ha-c3-ce-cg,0,1,2,"GAFF 1.81, from gaff-1.81.dat (AmberTools 24.8) X-c2-c3-X (ce as c2)"
ha-c3-ce-ch,0,1,2,"GAFF 1.81, from gaff-1.81.dat (AmberTools 24.8) X-c2-c3-X (ce as c2)"
ha-c3-ce-ce,0,1,2,"GAFF 1.81, from gaff-1.81.dat (AmberTools 24.8) X-c2-c3-X (ce as c2)"
ha-c3-ce-cu,0,1,2,"GAFF 1.81, from gaff-1.81.dat (AmberTools 24.8) X-c2-c3-X (ce as c2)"
ha-c3-ce-c3,0,1,2,"GAFF 1.81, from gaff-1.81.dat (AmberTools 24.8) X-c2-c3-X (ce as c2)"
ha-c3-ce-hc,0,1,2,"GAFF 1.81, from gaff-1.81.dat (AmberTools 24.8) X-c2-c3-X (ce as c2)"
ha-c3-cu-ca,0,1,2,"GAFF 1.81, from gaff-1.81.dat (AmberTools 24.8) X-c2-c3-X (stand-in: *-c3-cu-* as X-c2-c3-X)"
ha-c3-cu-ha,0,1,2,"GAFF 1.81, from gaff-1.81.dat (AmberTools 24.8) X-c2-c3-X (stand-in: *-c3-cu-* as X-c2-c3-X)"
ha-c3-cu-cp,0,1,2,"GAFF 1.81, from gaff-1.81.dat (AmberTools 24.8) X-c2-c3-X (stand-in: *-c3-cu-* as X-c2-c3-X)"
ha-c3-cu-c1,0,1,2,"GAFF 1.81, from gaff-1.81.dat (AmberTools 24.8) X-c2-c3-X (stand-in: *-c3-cu-* as X-c2-c3-X)"
ha-c3-cu-cg,0,1,2,"GAFF 1.81, from gaff-1.81.dat (AmberTools 24.8) X-c2-c3-X (stand-in: *-c3-cu-* as X-c2-c3-X)"
ha-c3-cu-ch,0,1,2,"GAFF 1.81, from gaff-1.81.dat (AmberTools 24.8) X-c2-c3-X (stand-in: *-c3-cu-* as X-c2-c3-X)"
ha-c3-cu-ce,0,1,2,"GAFF 1.81, from gaff-1.81.dat (AmberTools 24.8) X-c2-c3-X (stand-in: *-c3-cu-* as X-c2-c3-X)"
ha-c3-cu-cu,0,1,2,"GAFF 1.81, from gaff-1.81.dat (AmberTools 24.8) X-c2-c3-X (stand-in: *-c3-cu-* as X-c2-c3-X)"
ha-c3-cu-c3,0,1,2,"GAFF 1.81, from gaff-1.81.dat (AmberTools 24.8) X-c2-c3-X (stand-in: *-c3-cu-* as X-c2-c3-X)"
ha-c3-cu-hc,0,1,2,"GAFF 1.81, from gaff-1.81.dat (AmberTools 24.8) X-c2-c3-X (stand-in: *-c3-cu-* as X-c2-c3-X)"
ha-c3-c3-ca,0.311111,1,3,"GAFF 1.81, from gaff-1.81.dat (AmberTools 24.8) X-c3-c3-X"
ha-c3-c3-ha,0.311111,1,3,"GAFF 1.81, from gaff-1.81.dat (AmberTools 24.8) X-c3-c3-X"
ha-c3-c3-cp,0.311111,1,3,"GAFF 1.81, from gaff-1.81.dat (AmberTools 24.8) X-c3-c3-X"
ha-c3-c3-c1,0.311111,1,3,"GAFF 1.81, from gaff-1.81.dat (AmberTools 24.8) X-c3-c3-X"
ha-c3-c3-cg,0.311111,1,3,"GAFF 1.81, from gaff-1.81.dat (AmberTools 24.8) X-c3-c3-X"
ha-c3-c3-ch,0.311111,1,3,"GAFF 1.81, from gaff-1.81.dat (AmberTools 24.8) X-c3-c3-X"
ha-c3-c3-ce,0.311111,1,3,"GAFF 1.81, from gaff-1.81.dat (AmberTools 24.8) X-c3-c3-X"
ha-c3-c3-cu,0.311111,1,3,"GAFF 1.81, from gaff-1.81.dat (AmberTools 24.8) X-c3-c3-X"
ha-c3-c3-c3,0.311111,1,3,"GAFF 1.81, from gaff-1.81.dat (AmberTools 24.8) X-c3-c3-X"
ha-c3-c3-hc,0.311111,1,3,"GAFF 1.81, from gaff-1.81.dat (AmberTools 24.8) X-c3-c3-X"
cp-ca-ca-ca,7.25,-1,2,"GAFF 1.81, from gaff-1.81.dat (AmberTools 24.8) X-ca-ca-X"
cp-ca-ca-ha,7.25,-1,2,"GAFF 1.81, from gaff-1.81.dat (AmberTools 24.8) X-ca-ca-X"
cp-ca-ca-cp,7.25,-1,2,"GAFF 1.81, from gaff-1.81.dat (AmberTools 24.8) X-ca-ca-X"
cp-ca-ca-c1,7.25,-1,2,"GAFF 1.81, from gaff-1.81.dat (AmberTools 24.8) X-ca-ca-X"
cp-ca-ca-cg,7.25,-1,2,"GAFF 1.81, from gaff-1.81.dat (AmberTools 24.8) X-ca-ca-X"
cp-ca-ca-ch,7.25,-1,2,"GAFF 1.81, from gaff-1.81.dat (AmberTools 24.8) X-ca-ca-X"
cp-ca-ca-ce,7.25,-1,2,"GAFF 1.81, from gaff-1.81.dat (AmberTools 24.8) X-ca-ca-X"
cp-ca-ca-cu,7.25,-1,2,"GAFF 1.81, from gaff-1.81.dat (AmberTools 24.8) X-ca-ca-X"
cp-ca-ca-c3,7.25,-1,2,"GAFF 1.81, from gaff-1.81.dat (AmberTools 24.8) X-ca-ca-X"
cp-ca-ca-hc,7.25,-1,2,"GAFF 1.81, from gaff-1.81.dat (AmberTools 24.8) X-ca-ca-X"
cp-ca-cp-ca,7.25,-1,2,"GAFF 1.81, from gaff-1.81.dat (AmberTools 24.8) X-ca-cp-X"
cp-ca-cp-ha,7.25,-1,2,"GAFF 1.81, from gaff-1.81.dat (AmberTools 24.8) X-ca-cp-X"
cp-ca-cp-cp,7.25,-1,2,"GAFF 1.81, from gaff-1.81.dat (AmberTools 24.8) X-ca-cp-X"
cp-ca-cp-c1,7.25,-1,2,"GAFF 1.81, from gaff-1.81.dat (AmberTools 24.8) X-ca-cp-X"
cp-ca-cp-cg,7.25,-1,2,"GAFF 1.81, from gaff-1.81.dat (AmberTools 24.8) X-ca-cp-X"
cp-ca-cp-ch,7.25,-1,2,"GAFF 1.81, from gaff-1.81.dat (AmberTools 24.8) X-ca-cp-X"
cp-ca-cp-ce,7.25,-1,2,"GAFF 1.81, from gaff-1.81.dat (AmberTools 24.8) X-ca-cp-X"
cp-ca-cp-cu,7.25,-1,2,"GAFF 1.81, from gaff-1.81.dat (AmberTools 24.8) X-ca-cp-X"
cp-ca-cp-c3,7.25,-1,2,"GAFF 1.81, from gaff-1.81.dat (AmberTools 24.8) X-ca-cp-X"
cp-ca-cp-hc,7.25,-1,2,"GAFF 1.81, from gaff-1.81.dat (AmberTools 24.8) X-ca-cp-X"
cp-ca-c1-ca,0,-1,2,"GAFF 1.81, from gaff-1.81.dat (AmberTools 24.8) X-c1-ca-X"
cp-ca-c1-ha,0,-1,2,"GAFF 1.81, from gaff-1.81.dat (AmberTools 24.8) X-c1-ca-X"
cp-ca-c1-cp,0,-1,2,"GAFF 1.81, from gaff-1.81.dat (AmberTools 24.8) X-c1-ca-X"
cp-ca-c1-c1,0,-1,2,"GAFF 1.81, from gaff-1.81.dat (AmberTools 24.8) X-c1-ca-X"
cp-ca-c1-cg,0,-1,2,"GAFF 1.81, from gaff-1.81.dat (AmberTools 24.8) X-c1-ca-X"
cp-ca-c1-ch,0,-1,2,"GAFF 1.81, from gaff-1.81.dat (AmberTools 24.8) X-c1-ca-X"
cp-ca-c1-ce,0,-1,2,"GAFF 1.81, from gaff-1.81.dat (AmberTools 24.8) X-c1-ca-X"
cp-ca-c1-cu,0,-1,2,"GAFF 1.81, from gaff-1.81.dat (AmberTools 24.8) X-c1-ca-X"
cp-ca-c1-c3,0,-1,2,"GAFF 1.81, from gaff-1.81.dat (AmberTools 24.8) X-c1-ca-X"
cp-ca-c1-hc,0,-1,2,"GAFF 1.81, from gaff-1.81.dat (AmberTools 24.8) X-c1-ca-X"
cp-ca-cg-ca,0,-1,2,"GAFF 1.81, from gaff-1.81.dat (AmberTools 24.8) X-c1-ca-X (cg as c1)"
cp-ca-cg-ha,0,-1,2,"GAFF 1.81, from gaff-1.81.dat (AmberTools 24.8) X-c1-ca-X (cg as c1)"
cp-ca-cg-cp,0,-1,2,"GAFF 1.81, from gaff-1.81.dat (AmberTools 24.8) X-c1-ca-X (cg as c1)"
cp-ca-cg-c1,0,-1,2,"GAFF 1.81, from gaff-1.81.dat (AmberTools 24.8) X-c1-ca-X (cg as c1)"
cp-ca-cg-cg,0,-1,2,"GAFF 1.81, from gaff-1.81.dat (AmberTools 24.8) X-c1-ca-X (cg as c1)"
cp-ca-cg-ch,0,-1,2,"GAFF 1.81, from gaff-1.81.dat (AmberTools 24.8) X-c1-ca-X (cg as c1)"
cp-ca-cg-ce,0,-1,2,"GAFF 1.81, from gaff-1.81.dat (AmberTools 24.8) X-c1-ca-X (cg as c1)"
cp-ca-cg-cu,0,-1,2,"GAFF 1.81, from gaff-1.81.dat (AmberTools 24.8) X-c1-ca-X (cg as c1)"
cp-ca-cg-c3,0,-1,2,"GAFF 1.81, from gaff-1.81.dat (AmberTools 24.8) X-c1-ca-X (cg as c1)"
cp-ca-cg-hc,0,-1,2,"GAFF 1.81, from gaff-1.81.dat (AmberTools 24.8) X-c1-ca-X (cg as c1)"
cp-ca-ch-ca,0,-1,2,"GAFF 1.81, from gaff-1.81.dat (AmberTools 24.8) X-c1-ca-X (ch as c1)"
cp-ca-ch-ha,0,-1,2,"GAFF 1.81, from gaff-1.81.dat (AmberTools 24.8) X-c1-ca-X (ch as c1)"
cp-ca-ch-cp,0,-1,2,"GAFF 1.81, from gaff-1.81.dat (AmberTools 24.8) X-c1-ca-X (ch as c1)"
cp-ca-ch-c1,0,-1,2,"GAFF 1.81, from gaff-1.81.dat (AmberTools 24.8) X-c1-ca-X (ch as c1)"
cp-ca-ch-cg,0,-1,2,"GAFF 1.81, from gaff-1.81.dat (AmberTools 24.8) X-c1-ca-X (ch as c1)"
cp-ca-ch-ch,0,-1,2,"GAFF 1.81, from gaff-1.81.dat (AmberTools 24.8) X-c1-ca-X (ch as c1)"
cp-ca-ch-ce,0,-1,2,"GAFF 1.81, from gaff-1.81.dat (AmberTools 24.8) X-c1-ca-X (ch as c1)"
cp-ca-ch-cu,0,-1,2,"GAFF 1.81, from gaff-1.81.dat (AmberTools 24.8) X-c1-ca-X (ch as c1)"
cp-ca-ch-c3,0,-1,2,"GAFF 1.81, from gaff-1.81.dat (AmberTools 24.8) X-c1-ca-X (ch as c1)"
cp-ca-ch-hc,0,-1,2,"GAFF 1.81, from gaff-1.81.dat (AmberTools 24.8) X-c1-ca-X (ch as c1)"
cp-ca-ce-ca,1.4,-1,2,"GAFF 1.81, from gaff-1.81.dat (AmberTools 24.8) X-c2-ca-X (ce as c2)"
cp-ca-ce-ha,1.4,-1,2,"GAFF 1.81, from gaff-1.81.dat (AmberTools 24.8) X-c2-ca-X (ce as c2)"
cp-ca-ce-cp,1.4,-1,2,"GAFF 1.81, from gaff-1.81.dat (AmberTools 24.8) X-c2-ca-X (ce as c2)"
cp-ca-ce-c1,1.4,-1,2,"GAFF 1.81, from gaff-1.81.dat (AmberTools 24.8) X-c2-ca-X (ce as c2)"
cp-ca-ce-cg,1.4,-1,2,"GAFF 1.81, from gaff-1.81.dat (AmberTools 24.8) X-c2-ca-X (ce as c2)"
cp-ca-ce-ch,1.4,-1,2,"GAFF 1.81, from gaff-1.81.dat (AmberTools 24.8) X-c2-ca-X (ce as c2)"
cp-ca-ce-ce,1.4,-1,2,"GAFF 1.81, from gaff-1.81.dat (AmberTools 24.8) X-c2-ca-X (ce as c2)"
cp-ca-ce-cu,1.4,-1,2,"GAFF 1.81, from gaff-1.81.dat (AmberTools 24.8) X-c2-ca-X (ce as c2)"
cp-ca-ce-c3,1.4,-1,2,"GAFF 1.81, from gaff-1.81.dat (AmberTools 24.8) X-c2-ca-X (ce as c2)"
cp-ca-ce-hc,1.4,-1,2,"GAFF 1.81, from gaff-1.81.dat (AmberTools 24.8) X-c2-ca-X (ce as c2)"
cp-ca-cu-ca,2,-1,2,"GAFF 1.81, from gaff-1.81.dat (AmberTools 24.8) X-cp-cp-X (stand-in: *-ca-cu-* as X-cp-cp-X)"
cp-ca-cu-ha,2,-1,2,"GAFF 1.81, from gaff-1.81.dat (AmberTools 24.8) X-cp-cp-X (stand-in: *-ca-cu-* as X-cp-cp-X)"
cp-ca-cu-cp,2,-1,2,"GAFF 1.81, from gaff-1.81.dat (AmberTools 24.8) X-cp-cp-X (stand-in: *-ca-cu-* as X-cp-cp-X)"
cp-ca-cu-c1,2,-1,2,"GAFF 1.81, from gaff-1.81.dat (AmberTools 24.8) X-cp-cp-X (stand-in: *-ca-cu-* as X-cp-cp-X)"
cp-ca-cu-cg,2,-1,2,"GAFF 1.81, from gaff-1.81.dat (AmberTools 24.8) X-cp-cp-X (stand-in: *-ca-cu-* as X-cp-cp-X)"
cp-ca-cu-ch,2,-1,2,"GAFF 1.81, from gaff-1.81.dat (AmberTools 24.8) X-cp-cp-X (stand-in: *-ca-cu-* as X-cp-cp-X)"
cp-ca-cu-ce,2,-1,2,"GAFF 1.81, from gaff-1.81.dat (AmberTools 24.8) X-cp-cp-X (stand-in: *-ca-cu-* as X-cp-cp-X)"
cp-ca-cu-cu,2,-1,2,"GAFF 1.81, from gaff-1.81.dat (AmberTools 24.8) X-cp-cp-X (stand-in: *-ca-cu-* as X-cp-cp-X)"
cp-ca-cu-c3,2,-1,2,"GAFF 1.81, from gaff-1.81.dat (AmberTools 24.8) X-cp-cp-X (stand-in: *-ca-cu-* as X-cp-cp-X)"
cp-ca-cu-hc,2,-1,2,"GAFF 1.81, from gaff-1.81.dat (AmberTools 24.8) X-cp-cp-X (stand-in: *-ca-cu-* as X-cp-cp-X)"
cp-ca-c3-ca,0,1,2,"GAFF 1.81, from gaff-1.81.dat (AmberTools 24.8) X-c3-ca-X"
cp-ca-c3-ha,0,1,2,"GAFF 1.81, from gaff-1.81.dat (AmberTools 24.8) X-c3-ca-X"
cp-ca-c3-cp,0,1,2,"GAFF 1.81, from gaff-1.81.dat (AmberTools 24.8) X-c3-ca-X"
cp-ca-c3-c1,0,1,2,"GAFF 1.81, from gaff-1.81.dat (AmberTools 24.8) X-c3-ca-X"
cp-ca-c3-cg,0,1,2,"GAFF 1.81, from gaff-1.81.dat (AmberTools 24.8) X-c3-ca-X"
cp-ca-c3-ch,0,1,2,"GAFF 1.81, from gaff-1.81.dat (AmberTools 24.8) X-c3-ca-X"
cp-ca-c3-ce,0,1,2,"GAFF 1.81, from gaff-1.81.dat (AmberTools 24.8) X-c3-ca-X"
cp-ca-c3-cu,0,1,2,"GAFF 1.81, from gaff-1.81.dat (AmberTools 24.8) X-c3-ca-X"
cp-ca-c3-c3,0,1,2,"GAFF 1.81, from gaff-1.81.dat (AmberTools 24.8) X-c3-ca-X"
cp-ca-c3-hc,0,1,2,"GAFF 1.81, from gaff-1.81.dat (AmberTools 24.8) X-c3-ca-X"
cp-cp-ca-ca,7.25,-1,2,"GAFF 1.81, from gaff-1.81.dat (AmberTools 24.8) X-ca-cp-X"
cp-cp-ca-ha,7.25,-1,2,"GAFF 1.81, from gaff-1.81.dat (AmberTools 24.8) X-ca-cp-X"
cp-cp-ca-cp,7.25,-1,2,"GAFF 1.81, from gaff-1.81.dat (AmberTools 24.8) X-ca-cp-X"
cp-cp-ca-c1,7.25,-1,2,"GAFF 1.81, from gaff-1.81.dat (AmberTools 24.8) X-ca-cp-X"
cp-cp-ca-cg,7.25,-1,2,"GAFF 1.81, from gaff-1.81.dat (AmberTools 24.8) X-ca-cp-X"
cp-cp-ca-ch,7.25,-1,2,"GAFF 1.81, from gaff-1.81.dat (AmberTools 24.8) X-ca-cp-X"
cp-cp-ca-ce,7.25,-1,2,"GAFF 1.81, from gaff-1.81.dat (AmberTools 24.8) X-ca-cp-X"
cp-cp-ca-cu,7.25,-1,2,"GAFF 1.81, from gaff-1.81.dat (AmberTools 24.8) X-ca-cp-X"
cp-cp-ca-c3,7.25,-1,2,"GAFF 1.81, from gaff-1.81.dat (AmberTools 24.8) X-ca-cp-X"
cp-cp-ca-hc,7.25,-1,2,"GAFF 1.81, from gaff-1.81.dat (AmberTools 24.8) X-ca-cp-X"
cp-cp-cp-ca,2,-1,2,"GAFF 1.81, from gaff-1.81.dat (AmberTools 24.8) X-cp-cp-X"
cp-cp-cp-ha,2,-1,2,"GAFF 1.81, from gaff-1.81.dat (AmberTools 24.8) X-cp-cp-X"
cp-cp-cp-cp,2,-1,2,"GAFF 1.81, from gaff-1.81.dat (AmberTools 24.8) X-cp-cp-X"
cp-cp-cp-c1,2,-1,2,"GAFF 1.81, from gaff-1.81.dat (AmberTools 24.8) X-cp-cp-X"
cp-cp-cp-cg,2,-1,2,"GAFF 1.81, from gaff-1.81.dat (AmberTools 24.8) X-cp-cp-X"
cp-cp-cp-ch,2,-1,2,"GAFF 1.81, from gaff-1.81.dat (AmberTools 24.8) X-cp-cp-X"
cp-cp-cp-ce,2,-1,2,"GAFF 1.81, from gaff-1.81.dat (AmberTools 24.8) X-cp-cp-X"
cp-cp-cp-cu,2,-1,2,"GAFF 1.81, from gaff-1.81.dat (AmberTools 24.8) X-cp-cp-X"
cp-cp-cp-c3,2,-1,2,"GAFF 1.81, from gaff-1.81.dat (AmberTools 24.8) X-cp-cp-X"
cp-cp-cp-hc,2,-1,2,"GAFF 1.81, from gaff-1.81.dat (AmberTools 24.8) X-cp-cp-X"
cp-cp-c1-ca,0,-1,2,"GAFF 1.81, from gaff-1.81.dat (AmberTools 24.8) X-c1-ca-X (cp as ca)"
cp-cp-c1-ha,0,-1,2,"GAFF 1.81, from gaff-1.81.dat (AmberTools 24.8) X-c1-ca-X (cp as ca)"
cp-cp-c1-cp,0,-1,2,"GAFF 1.81, from gaff-1.81.dat (AmberTools 24.8) X-c1-ca-X (cp as ca)"
cp-cp-c1-c1,0,-1,2,"GAFF 1.81, from gaff-1.81.dat (AmberTools 24.8) X-c1-ca-X (cp as ca)"
cp-cp-c1-cg,0,-1,2,"GAFF 1.81, from gaff-1.81.dat (AmberTools 24.8) X-c1-ca-X (cp as ca)"
cp-cp-c1-ch,0,-1,2,"GAFF 1.81, from gaff-1.81.dat (AmberTools 24.8) X-c1-ca-X (cp as ca)"
cp-cp-c1-ce,0,-1,2,"GAFF 1.81, from gaff-1.81.dat (AmberTools 24.8) X-c1-ca-X (cp as ca)"
cp-cp-c1-cu,0,-1,2,"GAFF 1.81, from gaff-1.81.dat (AmberTools 24.8) X-c1-ca-X (cp as ca)"
cp-cp-c1-c3,0,-1,2,"GAFF 1.81, from gaff-1.81.dat (AmberTools 24.8) X-c1-ca-X (cp as ca)"
cp-cp-c1-hc,0,-1,2,"GAFF 1.81, from gaff-1.81.dat (AmberTools 24.8) X-c1-ca-X (cp as ca)"
cp-cp-cg-ca,0,-1,2,"GAFF 1.81, from gaff-1.81.dat (AmberTools 24.8) X-c1-ca-X (cg as c1, cp as ca)"
cp-cp-cg-ha,0,-1,2,"GAFF 1.81, from gaff-1.81.dat (AmberTools 24.8) X-c1-ca-X (cg as c1, cp as ca)"
cp-cp-cg-cp,0,-1,2,"GAFF 1.81, from gaff-1.81.dat (AmberTools 24.8) X-c1-ca-X (cg as c1, cp as ca)"
cp-cp-cg-c1,0,-1,2,"GAFF 1.81, from gaff-1.81.dat (AmberTools 24.8) X-c1-ca-X (cg as c1, cp as ca)"
cp-cp-cg-cg,0,-1,2,"GAFF 1.81, from gaff-1.81.dat (AmberTools 24.8) X-c1-ca-X (cg as c1, cp as ca)"
cp-cp-cg-ch,0,-1,2,"GAFF 1.81, from gaff-1.81.dat (AmberTools 24.8) X-c1-ca-X (cg as c1, cp as ca)"
cp-cp-cg-ce,0,-1,2,"GAFF 1.81, from gaff-1.81.dat (AmberTools 24.8) X-c1-ca-X (cg as c1, cp as ca)"
cp-cp-cg-cu,0,-1,2,"GAFF 1.81, from gaff-1.81.dat (AmberTools 24.8) X-c1-ca-X (cg as c1, cp as ca)"
cp-cp-cg-c3,0,-1,2,"GAFF 1.81, from gaff-1.81.dat (AmberTools 24.8) X-c1-ca-X (cg as c1, cp as ca)"
cp-cp-cg-hc,0,-1,2,"GAFF 1.81, from gaff-1.81.dat (AmberTools 24.8) X-c1-ca-X (cg as c1, cp as ca)"
cp-cp-ch-ca,0,-1,2,"GAFF 1.81, from gaff-1.81.dat (AmberTools 24.8) X-c1-ca-X (ch as c1, cp as ca)"
cp-cp-ch-ha,0,-1,2,"GAFF 1.81, from gaff-1.81.dat (AmberTools 24.8) X-c1-ca-X (ch as c1, cp as ca)"
cp-cp-ch-cp,0,-1,2,"GAFF 1.81, from gaff-1.81.dat (AmberTools 24.8) X-c1-ca-X (ch as c1, cp as ca)"
cp-cp-ch-c1,0,-1,2,"GAFF 1.81, from gaff-1.81.dat (AmberTools 24.8) X-c1-ca-X (ch as c1, cp as ca)"
cp-cp-ch-cg,0,-1,2,"GAFF 1.81, from gaff-1.81.dat (AmberTools 24.8) X-c1-ca-X (ch as c1, cp as ca)"
cp-cp-ch-ch,0,-1,2,"GAFF 1.81, from gaff-1.81.dat (AmberTools 24.8) X-c1-ca-X (ch as c1, cp as ca)"
cp-cp-ch-ce,0,-1,2,"GAFF 1.81, from gaff-1.81.dat (AmberTools 24.8) X-c1-ca-X (ch as c1, cp as ca)"
cp-cp-ch-cu,0,-1,2,"GAFF 1.81, from gaff-1.81.dat (AmberTools 24.8) X-c1-ca-X (ch as c1, cp as ca)"
cp-cp-ch-c3,0,-1,2,"GAFF 1.81, from gaff-1.81.dat (AmberTools 24.8) X-c1-ca-X (ch as c1, cp as ca)"
cp-cp-ch-hc,0,-1,2,"GAFF 1.81, from gaff-1.81.dat (AmberTools 24.8) X-c1-ca-X (ch as c1, cp as ca)"
cp-cp-ce-ca,1.4,-1,2,"GAFF 1.81, from gaff-1.81.dat (AmberTools 24.8) X-c2-ca-X (ce as c2, cp as ca)"
cp-cp-ce-ha,1.4,-1,2,"GAFF 1.81, from gaff-1.81.dat (AmberTools 24.8) X-c2-ca-X (ce as c2, cp as ca)"
cp-cp-ce-cp,1.4,-1,2,"GAFF 1.81, from gaff-1.81.dat (AmberTools 24.8) X-c2-ca-X (ce as c2, cp as ca)"
cp-cp-ce-c1,1.4,-1,2,"GAFF 1.81, from gaff-1.81.dat (AmberTools 24.8) X-c2-ca-X (ce as c2, cp as ca)"
cp-cp-ce-cg,1.4,-1,2,"GAFF 1.81, from gaff-1.81.dat (AmberTools 24.8) X-c2-ca-X (ce as c2, cp as ca)"
cp-cp-ce-ch,1.4,-1,2,"GAFF 1.81, from gaff-1.81.dat (AmberTools 24.8) X-c2-ca-X (ce as c2, cp as ca)"
cp-cp-ce-ce,1.4,-1,2,"GAFF 1.81, from gaff-1.81.dat (AmberTools 24.8) X-c2-ca-X (ce as c2, cp as ca)"
cp-cp-ce-cu,1.4,-1,2,"GAFF 1.81, from gaff-1.81.dat (AmberTools 24.8) X-c2-ca-X (ce as c2, cp as ca)"
cp-cp-ce-c3,1.4,-1,2,"GAFF 1.81, from gaff-1.81.dat (AmberTools 24.8) X-c2-ca-X (ce as c2, cp as ca)"
cp-cp-ce-hc,1.4,-1,2,"GAFF 1.81, from gaff-1.81.dat (AmberTools 24.8) X-c2-ca-X (ce as c2, cp as ca)"
cp-cp-cu-ca,2,-1,2,"GAFF 1.81, from gaff-1.81.dat (AmberTools 24.8) X-cp-cp-X (stand-in: *-cp-cu-* as X-cp-cp-X)"
cp-cp-cu-ha,2,-1,2,"GAFF 1.81, from gaff-1.81.dat (AmberTools 24.8) X-cp-cp-X (stand-in: *-cp-cu-* as X-cp-cp-X)"
cp-cp-cu-cp,2,-1,2,"GAFF 1.81, from gaff-1.81.dat (AmberTools 24.8) X-cp-cp-X (stand-in: *-cp-cu-* as X-cp-cp-X)"
cp-cp-cu-c1,2,-1,2,"GAFF 1.81, from gaff-1.81.dat (AmberTools 24.8) X-cp-cp-X (stand-in: *-cp-cu-* as X-cp-cp-X)"
cp-cp-cu-cg,2,-1,2,"GAFF 1.81, from gaff-1.81.dat (AmberTools 24.8) X-cp-cp-X (stand-in: *-cp-cu-* as X-cp-cp-X)"
cp-cp-cu-ch,2,-1,2,"GAFF 1.81, from gaff-1.81.dat (AmberTools 24.8) X-cp-cp-X (stand-in: *-cp-cu-* as X-cp-cp-X)"
cp-cp-cu-ce,2,-1,2,"GAFF 1.81, from gaff-1.81.dat (AmberTools 24.8) X-cp-cp-X (stand-in: *-cp-cu-* as X-cp-cp-X)"
cp-cp-cu-cu,2,-1,2,"GAFF 1.81, from gaff-1.81.dat (AmberTools 24.8) X-cp-cp-X (stand-in: *-cp-cu-* as X-cp-cp-X)"
cp-cp-cu-c3,2,-1,2,"GAFF 1.81, from gaff-1.81.dat (AmberTools 24.8) X-cp-cp-X (stand-in: *-cp-cu-* as X-cp-cp-X)"
cp-cp-cu-hc,2,-1,2,"GAFF 1.81, from gaff-1.81.dat (AmberTools 24.8) X-cp-cp-X (stand-in: *-cp-cu-* as X-cp-cp-X)"
cp-cp-c3-ca,0,1,2,"GAFF 1.81, from gaff-1.81.dat (AmberTools 24.8) X-c3-ca-X (cp as ca)"
cp-cp-c3-ha,0,1,2,"GAFF 1.81, from gaff-1.81.dat (AmberTools 24.8) X-c3-ca-X (cp as ca)"
cp-cp-c3-cp,0,1,2,"GAFF 1.81, from gaff-1.81.dat (AmberTools 24.8) X-c3-ca-X (cp as ca)"
cp-cp-c3-c1,0,1,2,"GAFF 1.81, from gaff-1.81.dat (AmberTools 24.8) X-c3-ca-X (cp as ca)"
cp-cp-c3-cg,0,1,2,"GAFF 1.81, from gaff-1.81.dat (AmberTools 24.8) X-c3-ca-X (cp as ca)"
cp-cp-c3-ch,0,1,2,"GAFF 1.81, from gaff-1.81.dat (AmberTools 24.8) X-c3-ca-X (cp as ca)"
cp-cp-c3-ce,0,1,2,"GAFF 1.81, from gaff-1.81.dat (AmberTools 24.8) X-c3-ca-X (cp as ca)"
cp-cp-c3-cu,0,1,2,"GAFF 1.81, from gaff-1.81.dat (AmberTools 24.8) X-c3-ca-X (cp as ca)"
cp-cp-c3-c3,0,1,2,"GAFF 1.81, from gaff-1.81.dat (AmberTools 24.8) X-c3-ca-X (cp as ca)"
cp-cp-c3-hc,0,1,2,"GAFF 1.81, from gaff-1.81.dat (AmberTools 24.8) X-c3-ca-X (cp as ca)"
cp-c1-ca-ca,0,-1,2,"GAFF 1.81, from gaff-1.81.dat (AmberTools 24.8) X-c1-ca-X"
cp-c1-ca-ha,0,-1,2,"GAFF 1.81, from gaff-1.81.dat (AmberTools 24.8) X-c1-ca-X"
cp-c1-ca-cp,0,-1,2,"GAFF 1.81, from gaff-1.81.dat (AmberTools 24.8) X-c1-ca-X"
cp-c1-ca-c1,0,-1,2,"GAFF 1.81, from gaff-1.81.dat (AmberTools 24.8) X-c1-ca-X"
cp-c1-ca-cg,0,-1,2,"GAFF 1.81, from gaff-1.81.dat (AmberTools 24.8) X-c1-ca-X"
cp-c1-ca-ch,0,-1,2,"GAFF 1.81, from gaff-1.81.dat (AmberTools 24.8) X-c1-ca-X"
cp-c1-ca-ce,0,-1,2,"GAFF 1.81, from gaff-1.81.dat (AmberTools 24.8) X-c1-ca-X"
cp-c1-ca-cu,0,-1,2,"GAFF 1.81, from gaff-1.81.dat (AmberTools 24.8) X-c1-ca-X"
cp-c1-ca-c3,0,-1,2,"GAFF 1.81, from gaff-1.81.dat (AmberTools 24.8) X-c1-ca-X"
cp-c1-ca-hc,0,-1,2,"GAFF 1.81, from gaff-1.81.dat (AmberTools 24.8) X-c1-ca-X"
cp-c1-cp-ca,0,-1,2,"GAFF 1.81, from gaff-1.81.dat (AmberTools 24.8) X-c1-ca-X (cp as ca)"
cp-c1-cp-ha,0,-1,2,"GAFF 1.81, from gaff-1.81.dat (AmberTools 24.8) X-c1-ca-X (cp as ca)"
cp-c1-cp-cp,0,-1,2,"GAFF 1.81, from gaff-1.81.dat (AmberTools 24.8) X-c1-ca-X (cp as ca)"
cp-c1-cp-c1,0,-1,2,"GAFF 1.81, from gaff-1.81.dat (AmberTools 24.8) X-c1-ca-X (cp as ca)"
cp-c1-cp-cg,0,-1,2,"GAFF 1.81, from gaff-1.81.dat (AmberTools 24.8) X-c1-ca-X (cp as ca)"
cp-c1-cp-ch,0,-1,2,"GAFF 1.81, from gaff-1.81.dat (AmberTools 24.8) X-c1-ca-X (cp as ca)"
cp-c1-cp-ce,0,-1,2,"GAFF 1.81, from gaff-1.81.dat (AmberTools 24.8) X-c1-ca-X (cp as ca)"
cp-c1-cp-cu,0,-1,2,"GAFF 1.81, from gaff-1.81.dat (AmberTools 24.8) X-c1-ca-X (cp as ca)"
cp-c1-cp-c3,0,-1,2,"GAFF 1.81, from gaff-1.81.dat (AmberTools 24.8) X-c1-ca-X (cp as ca)"
cp-c1-cp-hc,0,-1,2,"GAFF 1.81, from gaff-1.81.dat (AmberTools 24.8) X-c1-ca-X (cp as ca)"
cp-c1-c1-ca,0,-1,2,"GAFF 1.81, from gaff-1.81.dat (AmberTools 24.8) X-c1-c1-X"
cp-c1-c1-ha,0,-1,2,"GAFF 1.81, from gaff-1.81.dat (AmberTools 24.8) X-c1-c1-X"
cp-c1-c1-cp,0,-1,2,"GAFF 1.81, from gaff-1.81.dat (AmberTools 24.8) X-c1-c1-X"
cp-c1-c1-c1,0,-1,2,"GAFF 1.81, from gaff-1.81.dat (AmberTools 24.8) X-c1-c1-X"
cp-c1-c1-cg,0,-1,2,"GAFF 1.81, from gaff-1.81.dat (AmberTools 24.8) X-c1-c1-X"
cp-c1-c1-ch,0,-1,2,"GAFF 1.81, from gaff-1.81.dat (AmberTools 24.8) X-c1-c1-X"
cp-c1-c1-ce,0,-1,2,"GAFF 1.81, from gaff-1.81.dat (AmberTools 24.8) X-c1-c1-X"
cp-c1-c1-cu,0,-1,2,"GAFF 1.81, from gaff-1.81.dat (AmberTools 24.8) X-c1-c1-X"
cp-c1-c1-c3,0,-1,2,"GAFF 1.81, from gaff-1.81.dat (AmberTools 24.8) X-c1-c1-X"
cp-c1-c1-hc,0,-1,2,"GAFF 1.81, from gaff-1.81.dat (AmberTools 24.8) X-c1-c1-X"
cp-c1-cg-ca,0,-1,2,"GAFF 1.81, from gaff-1.81.dat (AmberTools 24.8) X-c1-cg-X"
cp-c1-cg-ha,0,-1,2,"GAFF 1.81, from gaff-1.81.dat (AmberTools 24.8) X-c1-cg-X"
cp-c1-cg-cp,0,-1,2,"GAFF 1.81, from gaff-1.81.dat (AmberTools 24.8) X-c1-cg-X"
cp-c1-cg-c1,0,-1,2,"GAFF 1.81, from gaff-1.81.dat (AmberTools 24.8) X-c1-cg-X"
cp-c1-cg-cg,0,-1,2,"GAFF 1.81, from gaff-1.81.dat (AmberTools 24.8) X-c1-cg-X"
cp-c1-cg-ch,0,-1,2,"GAFF 1.81, from gaff-1.81.dat (AmberTools 24.8) X-c1-cg-X"
cp-c1-cg-ce,0,-1,2,"GAFF 1.81, from gaff-1.81.dat (AmberTools 24.8) X-c1-cg-X"
cp-c1-cg-cu,0,-1,2,"GAFF 1.81, from gaff-1.81.dat (AmberTools 24.8) X-c1-cg-X"
cp-c1-cg-c3,0,-1,2,"GAFF 1.81, from gaff-1.81.dat (AmberTools 24.8) X-c1-cg-X"
cp-c1-cg-hc,0,-1,2,"GAFF 1.81, from gaff-1.81.dat (AmberTools 24.8) X-c1-cg-X"
cp-c1-ch-ca,0,-1,2,"GAFF 1.81, from gaff-1.81.dat (AmberTools 24.8) X-c1-ch-X"
cp-c1-ch-ha,0,-1,2,"GAFF 1.81, from gaff-1.81.dat (AmberTools 24.8) X-c1-ch-X"
cp-c1-ch-cp,0,-1,2,"GAFF 1.81, from gaff-1.81.dat (AmberTools 24.8) X-c1-ch-X"
cp-c1-ch-c1,0,-1,2,"GAFF 1.81, from gaff-1.81.dat (AmberTools 24.8) X-c1-ch-X"
cp-c1-ch-cg,0,-1,2,"GAFF 1.81, from gaff-1.81.dat (AmberTools 24.8) X-c1-ch-X"
cp-c1-ch-ch,0,-1,2,"GAFF 1.81, from gaff-1.81.dat (AmberTools 24.8) X-c1-ch-X"
cp-c1-ch-ce,0,-1,2,"GAFF 1.81, from gaff-1.81.dat (AmberTools 24.8) X-c1-ch-X"
cp-c1-ch-cu,0,-1,2,"GAFF 1.81, from gaff-1.81.dat (AmberTools 24.8) X-c1-ch-X"
cp-c1-ch-c3,0,-1,2,"GAFF 1.81, from gaff-1.81.dat (AmberTools 24.8) X-c1-ch-X"
cp-c1-ch-hc,0,-1,2,"GAFF 1.81, from gaff-1.81.dat (AmberTools 24.8) X-c1-ch-X"
cp-c1-ce-ca,0,-1,2,"GAFF 1.81, from gaff-1.81.dat (AmberTools 24.8) X-c1-ce-X"
cp-c1-ce-ha,0,-1,2,"GAFF 1.81, from gaff-1.81.dat (AmberTools 24.8) X-c1-ce-X"
cp-c1-ce-cp,0,-1,2,"GAFF 1.81, from gaff-1.81.dat (AmberTools 24.8) X-c1-ce-X"
cp-c1-ce-c1,0,-1,2,"GAFF 1.81, from gaff-1.81.dat (AmberTools 24.8) X-c1-ce-X"
cp-c1-ce-cg,0,-1,2,"GAFF 1.81, from gaff-1.81.dat (AmberTools 24.8) X-c1-ce-X"
cp-c1-ce-ch,0,-1,2,"GAFF 1.81, from gaff-1.81.dat (AmberTools 24.8) X-c1-ce-X"
cp-c1-ce-ce,0,-1,2,"GAFF 1.81, from gaff-1.81.dat (AmberTools 24.8) X-c1-ce-X"
cp-c1-ce-cu,0,-1,2,"GAFF 1.81, from gaff-1.81.dat (AmberTools 24.8) X-c1-ce-X"
cp-c1-ce-c3,0,-1,2,"GAFF 1.81, from gaff-1.81.dat (AmberTools 24.8) X-c1-ce-X"
cp-c1-ce-hc,0,-1,2,"GAFF 1.81, from gaff-1.81.dat (AmberTools 24.8) X-c1-ce-X"
cp-c1-cu-ca,0,-1,2,"GAFF 1.81, from gaff-1.81.dat (AmberTools 24.8) X-c1-cu-X"
cp-c1-cu-ha,0,-1,2,"GAFF 1.81, from gaff-1.81.dat (AmberTools 24.8) X-c1-cu-X"
cp-c1-cu-cp,0,-1,2,"GAFF 1.81, from gaff-1.81.dat (AmberTools 24.8) X-c1-cu-X"
cp-c1-cu-c1,0,-1,2,"GAFF 1.81, from gaff-1.81.dat (AmberTools 24.8) X-c1-cu-X"
cp-c1-cu-cg,0,-1,2,"GAFF 1.81, from gaff-1.81.dat (AmberTools 24.8) X-c1-cu-X"
cp-c1-cu-ch,0,-1,2,"GAFF 1.81, from gaff-1.81.dat (AmberTools 24.8) X-c1-cu-X"
cp-c1-cu-ce,0,-1,2,"GAFF 1.81, from gaff-1.81.dat (AmberTools 24.8) X-c1-cu-X"
cp-c1-cu-cu,0,-1,2,"GAFF 1.81, from gaff-1.81.dat (AmberTools 24.8) X-c1-cu-X"
cp-c1-cu-c3,0,-1,2,"GAFF 1.81, from gaff-1.81.dat (AmberTools 24.8) X-c1-cu-X"
cp-c1-cu-hc,0,-1,2,"GAFF 1.81, from gaff-1.81.dat (AmberTools 24.8) X-c1-cu-X"
cp-c1-c3-ca,0,-1,2,"GAFF 1.81, from gaff-1.81.dat (AmberTools 24.8) X-c1-c3-X"
cp-c1-c3-ha,0,-1,2,"GAFF 1.81, from gaff-1.81.dat (AmberTools 24.8) X-c1-c3-X"
cp-c1-c3-cp,0,-1,2,"GAFF 1.81, from gaff-1.81.dat (AmberTools 24.8) X-c1-c3-X"
cp-c1-c3-c1,0,-1,2,"GAFF 1.81, from gaff-1.81.dat (AmberTools 24.8) X-c1-c3-X"
cp-c1-c3-cg,0,-1,2,"GAFF 1.81, from gaff-1.81.dat (AmberTools 24.8) X-c1-c3-X"
cp-c1-c3-ch,0,-1,2,"GAFF 1.81, from gaff-1.81.dat (AmberTools 24.8) X-c1-c3-X"
cp-c1-c3-ce,0,-1,2,"GAFF 1.81, from gaff-1.81.dat (AmberTools 24.8) X-c1-c3-X"
cp-c1-c3-cu,0,-1,2,"GAFF 1.81, from gaff-1.81.dat (AmberTools 24.8) X-c1-c3-X"
cp-c1-c3-c3,0,-1,2,"GAFF 1.81, from gaff-1.81.dat (AmberTools 24.8) X-c1-c3-X"
cp-c1-c3-hc,0,-1,2,"GAFF 1.81, from gaff-1.81.dat (AmberTools 24.8) X-c1-c3-X"
cp-cg-ca-ca,0,-1,2,"GAFF 1.81, from gaff-1.81.dat (AmberTools 24.8) X-c1-ca-X (cg as c1)"
cp-cg-ca-ha,0,-1,2,"GAFF 1.81, from gaff-1.81.dat (AmberTools 24.8) X-c1-ca-X (cg as c1)"
cp-cg-ca-cp,0,-1,2,"GAFF 1.81, from gaff-1.81.dat (AmberTools 24.8) X-c1-ca-X (cg as c1)"
cp-cg-ca-c1,0,-1,2,"GAFF 1.81, from gaff-1.81.dat (AmberTools 24.8) X-c1-ca-X (cg as c1)"
cp-cg-ca-cg,0,-1,2,"GAFF 1.81, from gaff-1.81.dat (AmberTools 24.8) X-c1-ca-X (cg as c1)"
cp-cg-ca-ch,0,-1,2,"GAFF 1.81, from gaff-1.81.dat (AmberTools 24.8) X-c1-ca-X (cg as c1)"
cp-cg-ca-ce,0,-1,2,"GAFF 1.81, from gaff-1.81.dat (AmberTools 24.8) X-c1-ca-X (cg as c1)"
cp-cg-ca-cu,0,-1,2,"GAFF 1.81, from gaff-1.81.dat (AmberTools 24.8) X-c1-ca-X (cg as c1)"
cp-cg-ca-c3,0,-1,2,"GAFF 1.81, from gaff-1.81.dat (AmberTools 24.8) X-c1-ca-X (cg as c1)"
cp-cg-ca-hc,0,-1,2,"GAFF 1.81, from gaff-1.81.dat (AmberTools 24.8) X-c1-ca-X (cg as c1)"
cp-cg-cp-ca,0,-1,2,"GAFF 1.81, from gaff-1.81.dat (AmberTools 24.8) X-c1-ca-X (cg as c1, cp as ca)"
cp-cg-cp-ha,0,-1,2,"GAFF 1.81, from gaff-1.81.dat (AmberTools 24.8) X-c1-ca-X (cg as c1, cp as ca)"
cp-cg-cp-cp,0,-1,2,"GAFF 1.81, from gaff-1.81.dat (AmberTools 24.8) X-c1-ca-X (cg as c1, cp as ca)"
cp-cg-cp-c1,0,-1,2,"GAFF 1.81, from gaff-1.81.dat (AmberTools 24.8) X-c1-ca-X (cg as c1, cp as ca)"
cp-cg-cp-cg,0,-1,2,"GAFF 1.81, from gaff-1.81.dat (AmberTools 24.8) X-c1-ca-X (cg as c1, cp as ca)"
cp-cg-cp-ch,0,-1,2,"GAFF 1.81, from gaff-1.81.dat (AmberTools 24.8) X-c1-ca-X (cg as c1, cp as ca)"
cp-cg-cp-ce,0,-1,2,"GAFF 1.81, from gaff-1.81.dat (AmberTools 24.8) X-c1-ca-X (cg as c1, cp as ca)"
cp-cg-cp-cu,0,-1,2,"GAFF 1.81, from gaff-1.81.dat (AmberTools 24.8) X-c1-ca-X (cg as c1, cp as ca)"
cp-cg-cp-c3,0,-1,2,"GAFF 1.81, from gaff-1.81.dat (AmberTools 24.8) X-c1-ca-X (cg as c1, cp as ca)"
cp-cg-cp-hc,0,-1,2,"GAFF 1.81, from gaff-1.81.dat (AmberTools 24.8) X-c1-ca-X (cg as c1, cp as ca)"
cp-cg-c1-ca,0,-1,2,"GAFF 1.81, from gaff-1.81.dat (AmberTools 24.8) X-c1-cg-X"
cp-cg-c1-ha,0,-1,2,"GAFF 1.81, from gaff-1.81.dat (AmberTools 24.8) X-c1-cg-X"
cp-cg-c1-cp,0,-1,2,"GAFF 1.81, from gaff-1.81.dat (AmberTools 24.8) X-c1-cg-X"
cp-cg-c1-c1,0,-1,2,"GAFF 1.81, from gaff-1.81.dat (AmberTools 24.8) X-c1-cg-X"
cp-cg-c1-cg,0,-1,2,"GAFF 1.81, from gaff-1.81.dat (AmberTools 24.8) X-c1-cg-X"
cp-cg-c1-ch,0,-1,2,"GAFF 1.81, from gaff-1.81.dat (AmberTools 24.8) X-c1-cg-X"
cp-cg-c1-ce,0,-1,2,"GAFF 1.81, from gaff-1.81.dat (AmberTools 24.8) X-c1-cg-X"
cp-cg-c1-cu,0,-1,2,"GAFF 1.81, from gaff-1.81.dat (AmberTools 24.8) X-c1-cg-X"
cp-cg-c1-c3,0,-1,2,"GAFF 1.81, from gaff-1.81.dat (AmberTools 24.8) X-c1-cg-X"
cp-cg-c1-hc,0,-1,2,"GAFF 1.81, from gaff-1.81.dat (AmberTools 24.8) X-c1-cg-X"
cp-cg-cg-ca,0,-1,2,"GAFF 1.81, from gaff-1.81.dat (AmberTools 24.8) X-cg-cg-X"
cp-cg-cg-ha,0,-1,2,"GAFF 1.81, from gaff-1.81.dat (AmberTools 24.8) X-cg-cg-X"
cp-cg-cg-cp,0,-1,2,"GAFF 1.81, from gaff-1.81.dat (AmberTools 24.8) X-cg-cg-X"
cp-cg-cg-c1,0,-1,2,"GAFF 1.81, from gaff-1.81.dat (AmberTools 24.8) X-cg-cg-X"
cp-cg-cg-cg,0,-1,2,"GAFF 1.81, from gaff-1.81.dat (AmberTools 24.8) X-cg-cg-X"
cp-cg-cg-ch,0,-1,2,"GAFF 1.81, from gaff-1.81.dat (AmberTools 24.8) X-cg-cg-X"
cp-cg-cg-ce,0,-1,2,"GAFF 1.81, from gaff-1.81.dat (AmberTools 24.8) X-cg-cg-X"
cp-cg-cg-cu,0,-1,2,"GAFF 1.81, from gaff-1.81.dat (AmberTools 24.8) X-cg-cg-X"
cp-cg-cg-c3,0,-1,2,"GAFF 1.81, from gaff-1.81.dat (AmberTools 24.8) X-cg-cg-X"
cp-cg-cg-hc,0,-1,2,"GAFF 1.81, from gaff-1.81.dat (AmberTools 24.8) X-cg-cg-X"
cp-cg-ch-ca,0,-1,2,"GAFF 1.81, from gaff-1.81.dat (AmberTools 24.8) X-cg-ch-X"
cp-cg-ch-ha,0,-1,2,"GAFF 1.81, from gaff-1.81.dat (AmberTools 24.8) X-cg-ch-X"
cp-cg-ch-cp,0,-1,2,"GAFF 1.81, from gaff-1.81.dat (AmberTools 24.8) X-cg-ch-X"
cp-cg-ch-c1,0,-1,2,"GAFF 1.81, from gaff-1.81.dat (AmberTools 24.8) X-cg-ch-X"
cp-cg-ch-cg,0,-1,2,"GAFF 1.81, from gaff-1.81.dat (AmberTools 24.8) X-cg-ch-X"
cp-cg-ch-ch,0,-1,2,"GAFF 1.81, from gaff-1.81.dat (AmberTools 24.8) X-cg-ch-X"
cp-cg-ch-ce,0,-1,2,"GAFF 1.81, from gaff-1.81.dat (AmberTools 24.8) X-cg-ch-X"
cp-cg-ch-cu,0,-1,2,"GAFF 1.81, from gaff-1.81.dat (AmberTools 24.8) X-cg-ch-X"
cp-cg-ch-c3,0,-1,2,"GAFF 1.81, from gaff-1.81.dat (AmberTools 24.8) X-cg-ch-X"
cp-cg-ch-hc,0,-1,2,"GAFF 1.81, from gaff-1.81.dat (AmberTools 24.8) X-cg-ch-X"
cp-cg-ce-ca,0,-1,2,"GAFF 1.81, from gaff-1.81.dat (AmberTools 24.8) X-c1-ce-X (cg as c1)"
cp-cg-ce-ha,0,-1,2,"GAFF 1.81, from gaff-1.81.dat (AmberTools 24.8) X-c1-ce-X (cg as c1)"
cp-cg-ce-cp,0,-1,2,"GAFF 1.81, from gaff-1.81.dat (AmberTools 24.8) X-c1-ce-X (cg as c1)"
cp-cg-ce-c1,0,-1,2,"GAFF 1.81, from gaff-1.81.dat (AmberTools 24.8) X-c1-ce-X (cg as c1)"
cp-cg-ce-cg,0,-1,2,"GAFF 1.81, from gaff-1.81.dat (AmberTools 24.8) X-c1-ce-X (cg as c1)"
cp-cg-ce-ch,0,-1,2,"GAFF 1.81, from gaff-1.81.dat (AmberTools 24.8) X-c1-ce-X (cg as c1)"
cp-cg-ce-ce,0,-1,2,"GAFF 1.81, from gaff-1.81.dat (AmberTools 24.8) X-c1-ce-X (cg as c1)"
cp-cg-ce-cu,0,-1,2,"GAFF 1.81, from gaff-1.81.dat (AmberTools 24.8) X-c1-ce-X (cg as c1)"
cp-cg-ce-c3,0,-1,2,"GAFF 1.81, from gaff-1.81.dat (AmberTools 24.8) X-c1-ce-X (cg as c1)"
cp-cg-ce-hc,0,-1,2,"GAFF 1.81, from gaff-1.81.dat (AmberTools 24.8) X-c1-ce-X (cg as c1)"
cp-cg-cu-ca,0,-1,2,"GAFF 1.81, from gaff-1.81.dat (AmberTools 24.8) X-c1-c1-X (stand-in: *-cg-cu-* as X-c1-c1-X)"
cp-cg-cu-ha,0,-1,2,"GAFF 1.81, from gaff-1.81.dat (AmberTools 24.8) X-c1-c1-X (stand-in: *-cg-cu-* as X-c1-c1-X)"
cp-cg-cu-cp,0,-1,2,"GAFF 1.81, from gaff-1.81.dat (AmberTools 24.8) X-c1-c1-X (stand-in: *-cg-cu-* as X-c1-c1-X)"
cp-cg-cu-c1,0,-1,2,"GAFF 1.81, from gaff-1.81.dat (AmberTools 24.8) X-c1-c1-X (stand-in: *-cg-cu-* as X-c1-c1-X)"
cp-cg-cu-cg,0,-1,2,"GAFF 1.81, from gaff-1.81.dat (AmberTools 24.8) X-c1-c1-X (stand-in: *-cg-cu-* as X-c1-c1-X)"
cp-cg-cu-ch,0,-1,2,"GAFF 1.81, from gaff-1.81.dat (AmberTools 24.8) X-c1-c1-X (stand-in: *-cg-cu-* as X-c1-c1-X)"
cp-cg-cu-ce,0,-1,2,"GAFF 1.81, from gaff-1.81.dat (AmberTools 24.8) X-c1-c1-X (stand-in: *-cg-cu-* as X-c1-c1-X)"
cp-cg-cu-cu,0,-1,2,"GAFF 1.81, from gaff-1.81.dat (AmberTools 24.8) X-c1-c1-X (stand-in: *-cg-cu-* as X-c1-c1-X)"
cp-cg-cu-c3,0,-1,2,"GAFF 1.81, from gaff-1.81.dat (AmberTools 24.8) X-c1-c1-X (stand-in: *-cg-cu-* as X-c1-c1-X)"
cp-cg-cu-hc,0,-1,2,"GAFF 1.81, from gaff-1.81.dat (AmberTools 24.8) X-c1-c1-X (stand-in: *-cg-cu-* as X-c1-c1-X)"
cp-cg-c3-ca,0,-1,2,"GAFF 1.81, from gaff-1.81.dat (AmberTools 24.8) X-c1-c3-X (cg as c1)"
cp-cg-c3-ha,0,-1,2,"GAFF 1.81, from gaff-1.81.dat (AmberTools 24.8) X-c1-c3-X (cg as c1)"
cp-cg-c3-cp,0,-1,2,"GAFF 1.81, from gaff-1.81.dat (AmberTools 24.8) X-c1-c3-X (cg as c1)"
cp-cg-c3-c1,0,-1,2,"GAFF 1.81, from gaff-1.81.dat (AmberTools 24.8) X-c1-c3-X (cg as c1)"
cp-cg-c3-cg,0,-1,2,"GAFF 1.81, from gaff-1.81.dat (AmberTools 24.8) X-c1-c3-X (cg as c1)"
cp-cg-c3-ch,0,-1,2,"GAFF 1.81, from gaff-1.81.dat (AmberTools 24.8) X-c1-c3-X (cg as c1)"
cp-cg-c3-ce,0,-1,2,"GAFF 1.81, from gaff-1.81.dat (AmberTools 24.8) X-c1-c3-X (cg as c1)"
cp-cg-c3-cu,0,-1,2,"GAFF 1.81, from gaff-1.81.dat (AmberTools 24.8) X-c1-c3-X (cg as c1)"
cp-cg-c3-c3,0,-1,2,"GAFF 1.81, from gaff-1.81.dat (AmberTools 24.8) X-c1-c3-X (cg as c1)"
cp-cg-c3-hc,0,-1,2,"GAFF 1.81, from gaff-1.81.dat (AmberTools 24.8) X-c1-c3-X (cg as c1)"
cp-ch-ca-ca,0,-1,2,"GAFF 1.81, from gaff-1.81.dat (AmberTools 24.8) X-c1-ca-X (ch as c1)"
cp-ch-ca-ha,0,-1,2,"GAFF 1.81, from gaff-1.81.dat (AmberTools 24.8) X-c1-ca-X (ch as c1)"
cp-ch-ca-cp,0,-1,2,"GAFF 1.81, from gaff-1.81.dat (AmberTools 24.8) X-c1-ca-X (ch as c1)"
cp-ch-ca-c1,0,-1,2,"GAFF 1.81, from gaff-1.81.dat (AmberTools 24.8) X-c1-ca-X (ch as c1)"
cp-ch-ca-cg,0,-1,2,"GAFF 1.81, from gaff-1.81.dat (AmberTools 24.8) X-c1-ca-X (ch as c1)"
cp-ch-ca-ch,0,-1,2,"GAFF 1.81, from gaff-1.81.dat (AmberTools 24.8) X-c1-ca-X (ch as c1)"
cp-ch-ca-ce,0,-1,2,"GAFF 1.81, from gaff-1.81.dat (AmberTools 24.8) X-c1-ca-X (ch as c1)"
cp-ch-ca-cu,0,-1,2,"GAFF 1.81, from gaff-1.81.dat (AmberTools 24.8) X-c1-ca-X (ch as c1)"
cp-ch-ca-c3,0,-1,2,"GAFF 1.81, from gaff-1.81.dat (AmberTools 24.8) X-c1-ca-X (ch as c1)"
cp-ch-ca-hc,0,-1,2,"GAFF 1.81, from gaff-1.81.dat (AmberTools 24.8) X-c1-ca-X (ch as c1)"
cp-ch-cp-ca,0,-1,2,"GAFF 1.81, from gaff-1.81.dat (AmberTools 24.8) X-c1-ca-X (ch as c1, cp as ca)"
cp-ch-cp-ha,0,-1,2,"GAFF 1.81, from gaff-1.81.dat (AmberTools 24.8) X-c1-ca-X (ch as c1, cp as ca)"
cp-ch-cp-cp,0,-1,2,"GAFF 1.81, from gaff-1.81.dat (AmberTools 24.8) X-c1-ca-X (ch as c1, cp as ca)"
cp-ch-cp-c1,0,-1,2,"GAFF 1.81, from gaff-1.81.dat (AmberTools 24.8) X-c1-ca-X (ch as c1, cp as ca)"
cp-ch-cp-cg,0,-1,2,"GAFF 1.81, from gaff-1.81.dat (AmberTools 24.8) X-c1-ca-X (ch as c1, cp as ca)"
cp-ch-cp-ch,0,-1,2,"GAFF 1.81, from gaff-1.81.dat (AmberTools 24.8) X-c1-ca-X (ch as c1, cp as ca)"
cp-ch-cp-ce,0,-1,2,"GAFF 1.81, from gaff-1.81.dat (AmberTools 24.8) X-c1-ca-X (ch as c1, cp as ca)"
cp-ch-cp-cu,0,-1,2,"GAFF 1.81, from gaff-1.81.dat (AmberTools 24.8) X-c1-ca-X (ch as c1, cp as ca)"
cp-ch-cp-c3,0,-1,2,"GAFF 1.81, from gaff-1.81.dat (AmberTools 24.8) X-c1-ca-X (ch as c1, cp as ca)"
cp-ch-cp-hc,0,-1,2,"GAFF 1.81, from gaff-1.81.dat (AmberTools 24.8) X-c1-ca-X (ch as c1, cp as ca)"
cp-ch-c1-ca,0,-1,2,"GAFF 1.81, from gaff-1.81.dat (AmberTools 24.8) X-c1-ch-X"
cp-ch-c1-ha,0,-1,2,"GAFF 1.81, from gaff-1.81.dat (AmberTools 24.8) X-c1-ch-X"
cp-ch-c1-cp,0,-1,2,"GAFF 1.81, from gaff-1.81.dat (AmberTools 24.8) X-c1-ch-X"
cp-ch-c1-c1,0,-1,2,"GAFF 1.81, from gaff-1.81.dat (AmberTools 24.8) X-c1-ch-X"
cp-ch-c1-cg,0,-1,2,"GAFF 1.81, from gaff-1.81.dat (AmberTools 24.8) X-c1-ch-X"
cp-ch-c1-ch,0,-1,2,"GAFF 1.81, from gaff-1.81.dat (AmberTools 24.8) X-c1-ch-X"
cp-ch-c1-ce,0,-1,2,"GAFF 1.81, from gaff-1.81.dat (AmberTools 24.8) X-c1-ch-X"
cp-ch-c1-cu,0,-1,2,"GAFF 1.81, from gaff-1.81.dat (AmberTools 24.8) X-c1-ch-X"
cp-ch-c1-c3,0,-1,2,"GAFF 1.81, from gaff-1.81.dat (AmberTools 24.8) X-c1-ch-X"
cp-ch-c1-hc,0,-1,2,"GAFF 1.81, from gaff-1.81.dat (AmberTools 24.8) X-c1-ch-X"
cp-ch-cg-ca,0,-1,2,"GAFF 1.81, from gaff-1.81.dat (AmberTools 24.8) X-cg-ch-X"
cp-ch-cg-ha,0,-1,2,"GAFF 1.81, from gaff-1.81.dat (AmberTools 24.8) X-cg-ch-X"
cp-ch-cg-cp,0,-1,2,"GAFF 1.81, from gaff-1.81.dat (AmberTools 24.8) X-cg-ch-X"
cp-ch-cg-c1,0,-1,2,"GAFF 1.81, from gaff-1.81.dat (AmberTools 24.8) X-cg-ch-X"
cp-ch-cg-cg,0,-1,2,"GAFF 1.81, from gaff-1.81.dat (AmberTools 24.8) X-cg-ch-X"
cp-ch-cg-ch,0,-1,2,"GAFF 1.81, from gaff-1.81.dat (AmberTools 24.8) X-cg-ch-X"
cp-ch-cg-ce,0,-1,2,"GAFF 1.81, from gaff-1.81.dat (AmberTools 24.8) X-cg-ch-X"
cp-ch-cg-cu,0,-1,2,"GAFF 1.81, from gaff-1.81.dat (AmberTools 24.8) X-cg-ch-X"
cp-ch-cg-c3,0,-1,2,"GAFF 1.81, from gaff-1.81.dat (AmberTools 24.8) X-cg-ch-X"
cp-ch-cg-hc,0,-1,2,"GAFF 1.81, from gaff-1.81.dat (AmberTools 24.8) X-cg-ch-X"
cp-ch-ch-ca,0,-1,2,"GAFF 1.81, from gaff-1.81.dat (AmberTools 24.8) X-ch-ch-X"
cp-ch-ch-ha,0,-1,2,"GAFF 1.81, from gaff-1.81.dat (AmberTools 24.8) X-ch-ch-X"
cp-ch-ch-cp,0,-1,2,"GAFF 1.81, from gaff-1.81.dat (AmberTools 24.8) X-ch-ch-X"
cp-ch-ch-c1,0,-1,2,"GAFF 1.81, from gaff-1.81.dat (AmberTools 24.8) X-ch-ch-X"
cp-ch-ch-cg,0,-1,2,"GAFF 1.81, from gaff-1.81.dat (AmberTools 24.8) X-ch-ch-X"
cp-ch-ch-ch,0,-1,2,"GAFF 1.81, from gaff-1.81.dat (AmberTools 24.8) X-ch-ch-X"
cp-ch-ch-ce,0,-1,2,"GAFF 1.81, from gaff-1.81.dat (AmberTools 24.8) X-ch-ch-X"
cp-ch-ch-cu,0,-1,2,"GAFF 1.81, from gaff-1.81.dat (AmberTools 24.8) X-ch-ch-X"
cp-ch-ch-c3,0,-1,2,"GAFF 1.81, from gaff-1.81.dat (AmberTools 24.8) X-ch-ch-X"
cp-ch-ch-hc,0,-1,2,"GAFF 1.81, from gaff-1.81.dat (AmberTools 24.8) X-ch-ch-X"
cp-ch-ce-ca,0,-1,2,"GAFF 1.81, from gaff-1.81.dat (AmberTools 24.8) X-c1-ce-X (ch as c1)"
cp-ch-ce-ha,0,-1,2,"GAFF 1.81, from gaff-1.81.dat (AmberTools 24.8) X-c1-ce-X (ch as c1)"
cp-ch-ce-cp,0,-1,2,"GAFF 1.81, from gaff-1.81.dat (AmberTools 24.8) X-c1-ce-X (ch as c1)"
cp-ch-ce-c1,0,-1,2,"GAFF 1.81, from gaff-1.81.dat (AmberTools 24.8) X-c1-ce-X (ch as c1)"
cp-ch-ce-cg,0,-1,2,"GAFF 1.81, from gaff-1.81.dat (AmberTools 24.8) X-c1-ce-X (ch as c1)"
cp-ch-ce-ch,0,-1,2,"GAFF 1.81, from gaff-1.81.dat (AmberTools 24.8) X-c1-ce-X (ch as c1)"
cp-ch-ce-ce,0,-1,2,"GAFF 1.81, from gaff-1.81.dat (AmberTools 24.8) X-c1-ce-X (ch as c1)"
cp-ch-ce-cu,0,-1,2,"GAFF 1.81, from gaff-1.81.dat (AmberTools 24.8) X-c1-ce-X (ch as c1)"
cp-ch-ce-c3,0,-1,2,"GAFF 1.81, from gaff-1.81.dat (AmberTools 24.8) X-c1-ce-X (ch as c1)"
cp-ch-ce-hc,0,-1,2,"GAFF 1.81, from gaff-1.81.dat (AmberTools 24.8) X-c1-ce-X (ch as c1)"
cp-ch-cu-ca,0,-1,2,"GAFF 1.81, from gaff-1.81.dat (AmberTools 24.8) X-c1-c1-X (stand-in: *-ch-cu-* as X-c1-c1-X)"
cp-ch-cu-ha,0,-1,2,"GAFF 1.81, from gaff-1.81.dat (AmberTools 24.8) X-c1-c1-X (stand-in: *-ch-cu-* as X-c1-c1-X)"
cp-ch-cu-cp,0,-1,2,"GAFF 1.81, from gaff-1.81.dat (AmberTools 24.8) X-c1-c1-X (stand-in: *-ch-cu-* as X-c1-c1-X)"
cp-ch-cu-c1,0,-1,2,"GAFF 1.81, from gaff-1.81.dat (AmberTools 24.8) X-c1-c1-X (stand-in: *-ch-cu-* as X-c1-c1-X)"
cp-ch-cu-cg,0,-1,2,"GAFF 1.81, from gaff-1.81.dat (AmberTools 24.8) X-c1-c1-X (stand-in: *-ch-cu-* as X-c1-c1-X)"
cp-ch-cu-ch,0,-1,2,"GAFF 1.81, from gaff-1.81.dat (AmberTools 24.8) X-c1-c1-X (stand-in: *-ch-cu-* as X-c1-c1-X)"
cp-ch-cu-ce,0,-1,2,"GAFF 1.81, from gaff-1.81.dat (AmberTools 24.8) X-c1-c1-X (stand-in: *-ch-cu-* as X-c1-c1-X)"
cp-ch-cu-cu,0,-1,2,"GAFF 1.81, from gaff-1.81.dat (AmberTools 24.8) X-c1-c1-X (stand-in: *-ch-cu-* as X-c1-c1-X)"
cp-ch-cu-c3,0,-1,2,"GAFF 1.81, from gaff-1.81.dat (AmberTools 24.8) X-c1-c1-X (stand-in: *-ch-cu-* as X-c1-c1-X)"
cp-ch-cu-hc,0,-1,2,"GAFF 1.81, from gaff-1.81.dat (AmberTools 24.8) X-c1-c1-X (stand-in: *-ch-cu-* as X-c1-c1-X)"
cp-ch-c3-ca,0,-1,2,"GAFF 1.81, from gaff-1.81.dat (AmberTools 24.8) X-c1-c3-X (ch as c1)"
cp-ch-c3-ha,0,-1,2,"GAFF 1.81, from gaff-1.81.dat (AmberTools 24.8) X-c1-c3-X (ch as c1)"
cp-ch-c3-cp,0,-1,2,"GAFF 1.81, from gaff-1.81.dat (AmberTools 24.8) X-c1-c3-X (ch as c1)"
cp-ch-c3-c1,0,-1,2,"GAFF 1.81, from gaff-1.81.dat (AmberTools 24.8) X-c1-c3-X (ch as c1)"
cp-ch-c3-cg,0,-1,2,"GAFF 1.81, from gaff-1.81.dat (AmberTools 24.8) X-c1-c3-X (ch as c1)"
cp-ch-c3-ch,0,-1,2,"GAFF 1.81, from gaff-1.81.dat (AmberTools 24.8) X-c1-c3-X (ch as c1)"
cp-ch-c3-ce,0,-1,2,"GAFF 1.81, from gaff-1.81.dat (AmberTools 24.8) X-c1-c3-X (ch as c1)"
cp-ch-c3-cu,0,-1,2,"GAFF 1.81, from gaff-1.81.dat (AmberTools 24.8) X-c1-c3-X (ch as c1)"
cp-ch-c3-c3,0,-1,2,"GAFF 1.81, from gaff-1.81.dat (AmberTools 24.8) X-c1-c3-X (ch as c1)"
cp-ch-c3-hc,0,-1,2,"GAFF 1.81, from gaff-1.81.dat (AmberTools 24.8) X-c1-c3-X (ch as c1)"
cp-ce-ca-ca,1.4,-1,2,"GAFF 1.81, from gaff-1.81.dat (AmberTools 24.8) X-c2-ca-X (ce as c2)"
cp-ce-ca-ha,1.4,-1,2,"GAFF 1.81, from gaff-1.81.dat (AmberTools 24.8) X-c2-ca-X (ce as c2)"
cp-ce-ca-cp,1.4,-1,2,"GAFF 1.81, from gaff-1.81.dat (AmberTools 24.8) X-c2-ca-X (ce as c2)"
cp-ce-ca-c1,1.4,-1,2,"GAFF 1.81, from gaff-1.81.dat (AmberTools 24.8) X-c2-ca-X (ce as c2)"
cp-ce-ca-cg,1.4,-1,2,"GAFF 1.81, from gaff-1.81.dat (AmberTools 24.8) X-c2-ca-X (ce as c2)"
cp-ce-ca-ch,1.4,-1,2,"GAFF 1.81, from gaff-1.81.dat (AmberTools 24.8) X-c2-ca-X (ce as c2)"
cp-ce-ca-ce,1.4,-1,2,"GAFF 1.81, from gaff-1.81.dat (AmberTools 24.8) X-c2-ca-X (ce as c2)"
cp-ce-ca-cu,1.4,-1,2,"GAFF 1.81, from gaff-1.81.dat (AmberTools 24.8) X-c2-ca-X (ce as c2)"
cp-ce-ca-c3,1.4,-1,2,"GAFF 1.81, from gaff-1.81.dat (AmberTools 24.8) X-c2-ca-X (ce as c2)"
cp-ce-ca-hc,1.4,-1,2,"GAFF 1.81, from gaff-1.81.dat (AmberTools 24.8) X-c2-ca-X (ce as c2)"
cp-ce-cp-ca,1.4,-1,2,"GAFF 1.81, from gaff-1.81.dat (AmberTools 24.8) X-c2-ca-X (ce as c2, cp as ca)"
cp-ce-cp-ha,1.4,-1,2,"GAFF 1.81, from gaff-1.81.dat (AmberTools 24.8) X-c2-ca-X (ce as c2, cp as ca)"
cp-ce-cp-cp,1.4,-1,2,"GAFF 1.81, from gaff-1.81.dat (AmberTools 24.8) X-c2-ca-X (ce as c2, cp as ca)"
cp-ce-cp-c1,1.4,-1,2,"GAFF 1.81, from gaff-1.81.dat (AmberTools 24.8) X-c2-ca-X (ce as c2, cp as ca)"
cp-ce-cp-cg,1.4,-1,2,"GAFF 1.81, from gaff-1.81.dat (AmberTools 24.8) X-c2-ca-X (ce as c2, cp as ca)"
cp-ce-cp-ch,1.4,-1,2,"GAFF 1.81, from gaff-1.81.dat (AmberTools 24.8) X-c2-ca-X (ce as c2, cp as ca)"
cp-ce-cp-ce,1.4,-1,2,"GAFF 1.81, from gaff-1.81.dat (AmberTools 24.8) X-c2-ca-X (ce as c2, cp as ca)"
cp-ce-cp-cu,1.4,-1,2,"GAFF 1.81, from gaff-1.81.dat (AmberTools 24.8) X-c2-ca-X (ce as c2, cp as ca)"
cp-ce-cp-c3,1.4,-1,2,"GAFF 1.81, from gaff-1.81.dat (AmberTools 24.8) X-c2-ca-X (ce as c2, cp as ca)"
cp-ce-cp-hc,1.4,-1,2,"GAFF 1.81, from gaff-1.81.dat (AmberTools 24.8) X-c2-ca-X (ce as c2, cp as ca)"
cp-ce-c1-ca,0,-1,2,"GAFF 1.81, from gaff-1.81.dat (AmberTools 24.8) X-c1-ce-X"
cp-ce-c1-ha,0,-1,2,"GAFF 1.81, from gaff-1.81.dat (AmberTools 24.8) X-c1-ce-X"
cp-ce-c1-cp,0,-1,2,"GAFF 1.81, from gaff-1.81.dat (AmberTools 24.8) X-c1-ce-X"
cp-ce-c1-c1,0,-1,2,"GAFF 1.81, from gaff-1.81.dat (AmberTools 24.8) X-c1-ce-X"
cp-ce-c1-cg,0,-1,2,"GAFF 1.81, from gaff-1.81.dat (AmberTools 24.8) X-c1-ce-X"
cp-ce-c1-ch,0,-1,2,"GAFF 1.81, from gaff-1.81.dat (AmberTools 24.8) X-c1-ce-X"
cp-ce-c1-ce,0,-1,2,"GAFF 1.81, from gaff-1.81.dat (AmberTools 24.8) X-c1-ce-X"
cp-ce-c1-cu,0,-1,2,"GAFF 1.81, from gaff-1.81.dat (AmberTools 24.8) X-c1-ce-X"
cp-ce-c1-c3,0,-1,2,"GAFF 1.81, from gaff-1.81.dat (AmberTools 24.8) X-c1-ce-X"
cp-ce-c1-hc,0,-1,2,"GAFF 1.81, from gaff-1.81.dat (AmberTools 24.8) X-c1-ce-X"
cp-ce-cg-ca,0,-1,2,"GAFF 1.81, from gaff-1.81.dat (AmberTools 24.8) X-c1-ce-X (cg as c1)"
cp-ce-cg-ha,0,-1,2,"GAFF 1.81, from gaff-1.81.dat (AmberTools 24.8) X-c1-ce-X (cg as c1)"
cp-ce-cg-cp,0,-1,2,"GAFF 1.81, from gaff-1.81.dat (AmberTools 24.8) X-c1-ce-X (cg as c1)"
cp-ce-cg-c1,0,-1,2,"GAFF 1.81, from gaff-1.81.dat (AmberTools 24.8) X-c1-ce-X (cg as c1)"
cp-ce-cg-cg,0,-1,2,"GAFF 1.81, from gaff-1.81.dat (AmberTools 24.8) X-c1-ce-X (cg as c1)"
cp-ce-cg-ch,0,-1,2,"GAFF 1.81, from gaff-1.81.dat (AmberTools 24.8) X-c1-ce-X (cg as c1)"
cp-ce-cg-ce,0,-1,2,"GAFF 1.81, from gaff-1.81.dat (AmberTools 24.8) X-c1-ce-X (cg as c1)"
cp-ce-cg-cu,0,-1,2,"GAFF 1.81, from gaff-1.81.dat (AmberTools 24.8) X-c1-ce-X (cg as c1)"
cp-ce-cg-c3,0,-1,2,"GAFF 1.81, from gaff-1.81.dat (AmberTools 24.8) X-c1-ce-X (cg as c1)"
cp-ce-cg-hc,0,-1,2,"GAFF 1.81, from gaff-1.81.dat (AmberTools 24.8) X-c1-ce-X (cg as c1)"
cp-ce-ch-ca,0,-1,2,"GAFF 1.81, from gaff-1.81.dat (AmberTools 24.8) X-c1-ce-X (ch as c1)"
cp-ce-ch-ha,0,-1,2,"GAFF 1.81, from gaff-1.81.dat (AmberTools 24.8) X-c1-ce-X (ch as c1)"
cp-ce-ch-cp,0,-1,2,"GAFF 1.81, from gaff-1.81.dat (AmberTools 24.8) X-c1-ce-X (ch as c1)"
cp-ce-ch-c1,0,-1,2,"GAFF 1.81, from gaff-1.81.dat (AmberTools 24.8) X-c1-ce-X (ch as c1)"
cp-ce-ch-cg,0,-1,2,"GAFF 1.81, from gaff-1.81.dat (AmberTools 24.8) X-c1-ce-X (ch as c1)"
cp-ce-ch-ch,0,-1,2,"GAFF 1.81, from gaff-1.81.dat (AmberTools 24.8) X-c1-ce-X (ch as c1)"
cp-ce-ch-ce,0,-1,2,"GAFF 1.81, from gaff-1.81.dat (AmberTools 24.8) X-c1-ce-X (ch as c1)"
cp-ce-ch-cu,0,-1,2,"GAFF 1.81, from gaff-1.81.dat (AmberTools 24.8) X-c1-ce-X (ch as c1)"
cp-ce-ch-c3,0,-1,2,"GAFF 1.81, from gaff-1.81.dat (AmberTools 24.8) X-c1-ce-X (ch as c1)"
cp-ce-ch-hc,0,-1,2,"GAFF 1.81, from gaff-1.81.dat (AmberTools 24.8) X-c1-ce-X (ch as c1)"
cp-ce-ce-ca,2,-1,2,"GAFF 1.81, from gaff-1.81.dat (AmberTools 24.8) X-ce-ce-X"
cp-ce-ce-ha,2,-1,2,"GAFF 1.81, from gaff-1.81.dat (AmberTools 24.8) X-ce-ce-X"
cp-ce-ce-cp,2,-1,2,"GAFF 1.81, from gaff-1.81.dat (AmberTools 24.8) X-ce-ce-X"
cp-ce-ce-c1,2,-1,2,"GAFF 1.81, from gaff-1.81.dat (AmberTools 24.8) X-ce-ce-X"
cp-ce-ce-cg,2,-1,2,"GAFF 1.81, from gaff-1.81.dat (AmberTools 24.8) X-ce-ce-X"
cp-ce-ce-ch,2,-1,2,"GAFF 1.81, from gaff-1.81.dat (AmberTools 24.8) X-ce-ce-X"
cp-ce-ce-ce,2,-1,2,"GAFF 1.81, from gaff-1.81.dat (AmberTools 24.8) X-ce-ce-X"
cp-ce-ce-cu,2,-1,2,"GAFF 1.81, from gaff-1.81.dat (AmberTools 24.8) X-ce-ce-X"
cp-ce-ce-c3,2,-1,2,"GAFF 1.81, from gaff-1.81.dat (AmberTools 24.8) X-ce-ce-X"
cp-ce-ce-hc,2,-1,2,"GAFF 1.81, from gaff-1.81.dat (AmberTools 24.8) X-ce-ce-X"
cp-ce-cu-ca,2,-1,2,"GAFF 1.81, from gaff-1.81.dat (AmberTools 24.8) X-cp-cp-X (stand-in: *-ce-cu-* as X-cp-cp-X)"
cp-ce-cu-ha,2,-1,2,"GAFF 1.81, from gaff-1.81.dat (AmberTools 24.8) X-cp-cp-X (stand-in: *-ce-cu-* as X-cp-cp-X)"
cp-ce-cu-cp,2,-1,2,"GAFF 1.81, from gaff-1.81.dat (AmberTools 24.8) X-cp-cp-X (stand-in: *-ce-cu-* as X-cp-cp-X)"
cp-ce-cu-c1,2,-1,2,"GAFF 1.81, from gaff-1.81.dat (AmberTools 24.8) X-cp-cp-X (stand-in: *-ce-cu-* as X-cp-cp-X)"
cp-ce-cu-cg,2,-1,2,"GAFF 1.81, from gaff-1.81.dat (AmberTools 24.8) X-cp-cp-X (stand-in: *-ce-cu-* as X-cp-cp-X)"
cp-ce-cu-ch,2,-1,2,"GAFF 1.81, from gaff-1.81.dat (AmberTools 24.8) X-cp-cp-X (stand-in: *-ce-cu-* as X-cp-cp-X)"
cp-ce-cu-ce,2,-1,2,"GAFF 1.81, from gaff-1.81.dat (AmberTools 24.8) X-cp-cp-X (stand-in: *-ce-cu-* as X-cp-cp-X)"
cp-ce-cu-cu,2,-1,2,"GAFF 1.81, from gaff-1.81.dat (AmberTools 24.8) X-cp-cp-X (stand-in: *-ce-cu-* as X-cp-cp-X)"
cp-ce-cu-c3,2,-1,2,"GAFF 1.81, from gaff-1.81.dat (AmberTools 24.8) X-cp-cp-X (stand-in: *-ce-cu-* as X-cp-cp-X)"
cp-ce-cu-hc,2,-1,2,"GAFF 1.81, from gaff-1.81.dat (AmberTools 24.8) X-cp-cp-X (stand-in: *-ce-cu-* as X-cp-cp-X)"
cp-ce-c3-ca,0,1,2,"GAFF 1.81, from gaff-1.81.dat (AmberTools 24.8) X-c2-c3-X (ce as c2)"
cp-ce-c3-ha,0,1,2,"GAFF 1.81, from gaff-1.81.dat (AmberTools 24.8) X-c2-c3-X (ce as c2)"
cp-ce-c3-cp,0,1,2,"GAFF 1.81, from gaff-1.81.dat (AmberTools 24.8) X-c2-c3-X (ce as c2)"
cp-ce-c3-c1,0,1,2,"GAFF 1.81, from gaff-1.81.dat (AmberTools 24.8) X-c2-c3-X (ce as c2)"
cp-ce-c3-cg,0,1,2,"GAFF 1.81, from gaff-1.81.dat (AmberTools 24.8) X-c2-c3-X (ce as c2)"
cp-ce-c3-ch,0,1,2,"GAFF 1.81, from gaff-1.81.dat (AmberTools 24.8) X-c2-c3-X (ce as c2)"
cp-ce-c3-ce,0,1,2,"GAFF 1.81, from gaff-1.81.dat (AmberTools 24.8) X-c2-c3-X (ce as c2)"
cp-ce-c3-cu,0,1,2,"GAFF 1.81, from gaff-1.81.dat (AmberTools 24.8) X-c2-c3-X (ce as c2)"
cp-ce-c3-c3,0,1,2,"GAFF 1.81, from gaff-1.81.dat (AmberTools 24.8) X-c2-c3-X (ce as c2)"
cp-ce-c3-hc,0,1,2,"GAFF 1.81, from gaff-1.81.dat (AmberTools 24.8) X-c2-c3-X (ce as c2)"
cp-cu-ca-ca,2,-1,2,"GAFF 1.81, from gaff-1.81.dat (AmberTools 24.8) X-cp-cp-X (stand-in: *-ca-cu-* as X-cp-cp-X)"
cp-cu-ca-ha,2,-1,2,"GAFF 1.81, from gaff-1.81.dat (AmberTools 24.8) X-cp-cp-X (stand-in: *-ca-cu-* as X-cp-cp-X)"
cp-cu-ca-cp,2,-1,2,"GAFF 1.81, from gaff-1.81.dat (AmberTools 24.8) X-cp-cp-X (stand-in: *-ca-cu-* as X-cp-cp-X)"
cp-cu-ca-c1,2,-1,2,"GAFF 1.81, from gaff-1.81.dat (AmberTools 24.8) X-cp-cp-X (stand-in: *-ca-cu-* as X-cp-cp-X)"
cp-cu-ca-cg,2,-1,2,"GAFF 1.81, from gaff-1.81.dat (AmberTools 24.8) X-cp-cp-X (stand-in: *-ca-cu-* as X-cp-cp-X)"
cp-cu-ca-ch,2,-1,2,"GAFF 1.81, from gaff-1.81.dat (AmberTools 24.8) X-cp-cp-X (stand-in: *-ca-cu-* as X-cp-cp-X)"
cp-cu-ca-ce,2,-1,2,"GAFF 1.81, from gaff-1.81.dat (AmberTools 24.8) X-cp-cp-X (stand-in: *-ca-cu-* as X-cp-cp-X)"
cp-cu-ca-cu,2,-1,2,"GAFF 1.81, from gaff-1.81.dat (AmberTools 24.8) X-cp-cp-X (stand-in: *-ca-cu-* as X-cp-cp-X)"
cp-cu-ca-c3,2,-1,2,"GAFF 1.81, from gaff-1.81.dat (AmberTools 24.8) X-cp-cp-X (stand-in: *-ca-cu-* as X-cp-cp-X)"
cp-cu-ca-hc,2,-1,2,"GAFF 1.81, from gaff-1.81.dat (AmberTools 24.8) X-cp-cp-X (stand-in: *-ca-cu-* as X-cp-cp-X)"
cp-cu-cp-ca,2,-1,2,"GAFF 1.81, from gaff-1.81.dat (AmberTools 24.8) X-cp-cp-X (stand-in: *-cp-cu-* as X-cp-cp-X)"
cp-cu-cp-ha,2,-1,2,"GAFF 1.81, from gaff-1.81.dat (AmberTools 24.8) X-cp-cp-X (stand-in: *-cp-cu-* as X-cp-cp-X)"
cp-cu-cp-cp,2,-1,2,"GAFF 1.81, from gaff-1.81.dat (AmberTools 24.8) X-cp-cp-X (stand-in: *-cp-cu-* as X-cp-cp-X)"
cp-cu-cp-c1,2,-1,2,"GAFF 1.81, from gaff-1.81.dat (AmberTools 24.8) X-cp-cp-X (stand-in: *-cp-cu-* as X-cp-cp-X)"
cp-cu-cp-cg,2,-1,2,"GAFF 1.81, from gaff-1.81.dat (AmberTools 24.8) X-cp-cp-X (stand-in: *-cp-cu-* as X-cp-cp-X)"
cp-cu-cp-ch,2,-1,2,"GAFF 1.81, from gaff-1.81.dat (AmberTools 24.8) X-cp-cp-X (stand-in: *-cp-cu-* as X-cp-cp-X)"
cp-cu-cp-ce,2,-1,2,"GAFF 1.81, from gaff-1.81.dat (AmberTools 24.8) X-cp-cp-X (stand-in: *-cp-cu-* as X-cp-cp-X)"
cp-cu-cp-cu,2,-1,2,"GAFF 1.81, from gaff-1.81.dat (AmberTools 24.8) X-cp-cp-X (stand-in: *-cp-cu-* as X-cp-cp-X)"
cp-cu-cp-c3,2,-1,2,"GAFF 1.81, from gaff-1.81.dat (AmberTools 24.8) X-cp-cp-X (stand-in: *-cp-cu-* as X-cp-cp-X)"
cp-cu-cp-hc,2,-1,2,"GAFF 1.81, from gaff-1.81.dat (AmberTools 24.8) X-cp-cp-X (stand-in: *-cp-cu-* as X-cp-cp-X)"
cp-cu-c1-ca,0,-1,2,"GAFF 1.81, from gaff-1.81.dat (AmberTools 24.8) X-c1-cu-X"
cp-cu-c1-ha,0,-1,2,"GAFF 1.81, from gaff-1.81.dat (AmberTools 24.8) X-c1-cu-X"
cp-cu-c1-cp,0,-1,2,"GAFF 1.81, from gaff-1.81.dat (AmberTools 24.8) X-c1-cu-X"
cp-cu-c1-c1,0,-1,2,"GAFF 1.81, from gaff-1.81.dat (AmberTools 24.8) X-c1-cu-X"
cp-cu-c1-cg,0,-1,2,"GAFF 1.81, from gaff-1.81.dat (AmberTools 24.8) X-c1-cu-X"
cp-cu-c1-ch,0,-1,2,"GAFF 1.81, from gaff-1.81.dat (AmberTools 24.8) X-c1-cu-X"
cp-cu-c1-ce,0,-1,2,"GAFF 1.81, from gaff-1.81.dat (AmberTools 24.8) X-c1-cu-X"
cp-cu-c1-cu,0,-1,2,"GAFF 1.81, from gaff-1.81.dat (AmberTools 24.8) X-c1-cu-X"
cp-cu-c1-c3,0,-1,2,"GAFF 1.81, from gaff-1.81.dat (AmberTools 24.8) X-c1-cu-X"
cp-cu-c1-hc,0,-1,2,"GAFF 1.81, from gaff-1.81.dat (AmberTools 24.8) X-c1-cu-X"
cp-cu-cg-ca,0,-1,2,"GAFF 1.81, from gaff-1.81.dat (AmberTools 24.8) X-c1-c1-X (stand-in: *-cg-cu-* as X-c1-c1-X)"
cp-cu-cg-ha,0,-1,2,"GAFF 1.81, from gaff-1.81.dat (AmberTools 24.8) X-c1-c1-X (stand-in: *-cg-cu-* as X-c1-c1-X)"
cp-cu-cg-cp,0,-1,2,"GAFF 1.81, from gaff-1.81.dat (AmberTools 24.8) X-c1-c1-X (stand-in: *-cg-cu-* as X-c1-c1-X)"
cp-cu-cg-c1,0,-1,2,"GAFF 1.81, from gaff-1.81.dat (AmberTools 24.8) X-c1-c1-X (stand-in: *-cg-cu-* as X-c1-c1-X)"
cp-cu-cg-cg,0,-1,2,"GAFF 1.81, from gaff-1.81.dat (AmberTools 24.8) X-c1-c1-X (stand-in: *-cg-cu-* as X-c1-c1-X)"
cp-cu-cg-ch,0,-1,2,"GAFF 1.81, from gaff-1.81.dat (AmberTools 24.8) X-c1-c1-X (stand-in: *-cg-cu-* as X-c1-c1-X)"
cp-cu-cg-ce,0,-1,2,"GAFF 1.81, from gaff-1.81.dat (AmberTools 24.8) X-c1-c1-X (stand-in: *-cg-cu-* as X-c1-c1-X)"
cp-cu-cg-cu,0,-1,2,"GAFF 1.81, from gaff-1.81.dat (AmberTools 24.8) X-c1-c1-X (stand-in: *-cg-cu-* as X-c1-c1-X)"
cp-cu-cg-c3,0,-1,2,"GAFF 1.81, from gaff-1.81.dat (AmberTools 24.8) X-c1-c1-X (stand-in: *-cg-cu-* as X-c1-c1-X)"
cp-cu-cg-hc,0,-1,2,"GAFF 1.81, from gaff-1.81.dat (AmberTools 24.8) X-c1-c1-X (stand-in: *-cg-cu-* as X-c1-c1-X)"
cp-cu-ch-ca,0,-1,2,"GAFF 1.81, from gaff-1.81.dat (AmberTools 24.8) X-c1-c1-X (stand-in: *-ch-cu-* as X-c1-c1-X)"
cp-cu-ch-ha,0,-1,2,"GAFF 1.81, from gaff-1.81.dat (AmberTools 24.8) X-c1-c1-X (stand-in: *-ch-cu-* as X-c1-c1-X)"
cp-cu-ch-cp,0,-1,2,"GAFF 1.81, from gaff-1.81.dat (AmberTools 24.8) X-c1-c1-X (stand-in: *-ch-cu-* as X-c1-c1-X)"
cp-cu-ch-c1,0,-1,2,"GAFF 1.81, from gaff-1.81.dat (AmberTools 24.8) X-c1-c1-X (stand-in: *-ch-cu-* as X-c1-c1-X)"
cp-cu-ch-cg,0,-1,2,"GAFF 1.81, from gaff-1.81.dat (AmberTools 24.8) X-c1-c1-X (stand-in: *-ch-cu-* as X-c1-c1-X)"
cp-cu-ch-ch,0,-1,2,"GAFF 1.81, from gaff-1.81.dat (AmberTools 24.8) X-c1-c1-X (stand-in: *-ch-cu-* as X-c1-c1-X)"
cp-cu-ch-ce,0,-1,2,"GAFF 1.81, from gaff-1.81.dat (AmberTools 24.8) X-c1-c1-X (stand-in: *-ch-cu-* as X-c1-c1-X)"
cp-cu-ch-cu,0,-1,2,"GAFF 1.81, from gaff-1.81.dat (AmberTools 24.8) X-c1-c1-X (stand-in: *-ch-cu-* as X-c1-c1-X)"
cp-cu-ch-c3,0,-1,2,"GAFF 1.81, from gaff-1.81.dat (AmberTools 24.8) X-c1-c1-X (stand-in: *-ch-cu-* as X-c1-c1-X)"
cp-cu-ch-hc,0,-1,2,"GAFF 1.81, from gaff-1.81.dat (AmberTools 24.8) X-c1-c1-X (stand-in: *-ch-cu-* as X-c1-c1-X)"
cp-cu-ce-ca,2,-1,2,"GAFF 1.81, from gaff-1.81.dat (AmberTools 24.8) X-cp-cp-X (stand-in: *-ce-cu-* as X-cp-cp-X)"
cp-cu-ce-ha,2,-1,2,"GAFF 1.81, from gaff-1.81.dat (AmberTools 24.8) X-cp-cp-X (stand-in: *-ce-cu-* as X-cp-cp-X)"
cp-cu-ce-cp,2,-1,2,"GAFF 1.81, from gaff-1.81.dat (AmberTools 24.8) X-cp-cp-X (stand-in: *-ce-cu-* as X-cp-cp-X)"
cp-cu-ce-c1,2,-1,2,"GAFF 1.81, from gaff-1.81.dat (AmberTools 24.8) X-cp-cp-X (stand-in: *-ce-cu-* as X-cp-cp-X)"
cp-cu-ce-cg,2,-1,2,"GAFF 1.81, from gaff-1.81.dat (AmberTools 24.8) X-cp-cp-X (stand-in: *-ce-cu-* as X-cp-cp-X)"
cp-cu-ce-ch,2,-1,2,"GAFF 1.81, from gaff-1.81.dat (AmberTools 24.8) X-cp-cp-X (stand-in: *-ce-cu-* as X-cp-cp-X)"
cp-cu-ce-ce,2,-1,2,"GAFF 1.81, from gaff-1.81.dat (AmberTools 24.8) X-cp-cp-X (stand-in: *-ce-cu-* as X-cp-cp-X)"
cp-cu-ce-cu,2,-1,2,"GAFF 1.81, from gaff-1.81.dat (AmberTools 24.8) X-cp-cp-X (stand-in: *-ce-cu-* as X-cp-cp-X)"
cp-cu-ce-c3,2,-1,2,"GAFF 1.81, from gaff-1.81.dat (AmberTools 24.8) X-cp-cp-X (stand-in: *-ce-cu-* as X-cp-cp-X)"
cp-cu-ce-hc,2,-1,2,"GAFF 1.81, from gaff-1.81.dat (AmberTools 24.8) X-cp-cp-X (stand-in: *-ce-cu-* as X-cp-cp-X)"
cp-cu-cu-ca,2,-1,2,"GAFF 1.81, from gaff-1.81.dat (AmberTools 24.8) X-ce-ce-X (cu as ce)"
cp-cu-cu-ha,2,-1,2,"GAFF 1.81, from gaff-1.81.dat (AmberTools 24.8) X-ce-ce-X (cu as ce)"
cp-cu-cu-cp,2,-1,2,"GAFF 1.81, from gaff-1.81.dat (AmberTools 24.8) X-ce-ce-X (cu as ce)"
cp-cu-cu-c1,2,-1,2,"GAFF 1.81, from gaff-1.81.dat (AmberTools 24.8) X-ce-ce-X (cu as ce)"
cp-cu-cu-cg,2,-1,2,"GAFF 1.81, from gaff-1.81.dat (AmberTools 24.8) X-ce-ce-X (cu as ce)"
cp-cu-cu-ch,2,-1,2,"GAFF 1.81, from gaff-1.81.dat (AmberTools 24.8) X-ce-ce-X (cu as ce)"
cp-cu-cu-ce,2,-1,2,"GAFF 1.81, from gaff-1.81.dat (AmberTools 24.8) X-ce-ce-X (cu as ce)"
cp-cu-cu-cu,2,-1,2,"GAFF 1.81, from gaff-1.81.dat (AmberTools 24.8) X-ce-ce-X (cu as ce)"
cp-cu-cu-c3,2,-1,2,"GAFF 1.81, from gaff-1.81.dat (AmberTools 24.8) X-ce-ce-X (cu as ce)"
cp-cu-cu-hc,2,-1,2,"GAFF 1.81, from gaff-1.81.dat (AmberTools 24.8) X-ce-ce-X (cu as ce)"
cp-cu-c3-ca,0,1,2,"GAFF 1.81, from gaff-1.81.dat (AmberTools 24.8) X-c2-c3-X (stand-in: *-c3-cu-* as X-c2-c3-X)"
cp-cu-c3-ha,0,1,2,"GAFF 1.81, from gaff-1.81.dat (AmberTools 24.8) X-c2-c3-X (stand-in: *-c3-cu-* as X-c2-c3-X)"
cp-cu-c3-cp,0,1,2,"GAFF 1.81, from gaff-1.81.dat (AmberTools 24.8) X-c2-c3-X (stand-in: *-c3-cu-* as X-c2-c3-X)"
cp-cu-c3-c1,0,1,2,"GAFF 1.81, from gaff-1.81.dat (AmberTools 24.8) X-c2-c3-X (stand-in: *-c3-cu-* as X-c2-c3-X)"
cp-cu-c3-cg,0,1,2,"GAFF 1.81, from gaff-1.81.dat (AmberTools 24.8) X-c2-c3-X (stand-in: *-c3-cu-* as X-c2-c3-X)"
cp-cu-c3-ch,0,1,2,"GAFF 1.81, from gaff-1.81.dat (AmberTools 24.8) X-c2-c3-X (stand-in: *-c3-cu-* as X-c2-c3-X)"
cp-cu-c3-ce,0,1,2,"GAFF 1.81, from gaff-1.81.dat (AmberTools 24.8) X-c2-c3-X (stand-in: *-c3-cu-* as X-c2-c3-X)"
cp-cu-c3-cu,0,1,2,"GAFF 1.81, from gaff-1.81.dat (AmberTools 24.8) X-c2-c3-X (stand-in: *-c3-cu-* as X-c2-c3-X)"
cp-cu-c3-c3,0,1,2,"GAFF 1.81, from gaff-1.81.dat (AmberTools 24.8) X-c2-c3-X (stand-in: *-c3-cu-* as X-c2-c3-X)"
cp-cu-c3-hc,0,1,2,"GAFF 1.81, from gaff-1.81.dat (AmberTools 24.8) X-c2-c3-X (stand-in: *-c3-cu-* as X-c2-c3-X)"
cp-c3-ca-ca,0,1,2,"GAFF 1.81, from gaff-1.81.dat (AmberTools 24.8) X-c3-ca-X"
cp-c3-ca-ha,0,1,2,"GAFF 1.81, from gaff-1.81.dat (AmberTools 24.8) X-c3-ca-X"
cp-c3-ca-cp,0,1,2,"GAFF 1.81, from gaff-1.81.dat (AmberTools 24.8) X-c3-ca-X"
cp-c3-ca-c1,0,1,2,"GAFF 1.81, from gaff-1.81.dat (AmberTools 24.8) X-c3-ca-X"
cp-c3-ca-cg,0,1,2,"GAFF 1.81, from gaff-1.81.dat (AmberTools 24.8) X-c3-ca-X"
cp-c3-ca-ch,0,1,2,"GAFF 1.81, from gaff-1.81.dat (AmberTools 24.8) X-c3-ca-X"
cp-c3-ca-ce,0,1,2,"GAFF 1.81, from gaff-1.81.dat (AmberTools 24.8) X-c3-ca-X"
cp-c3-ca-cu,0,1,2,"GAFF 1.81, from gaff-1.81.dat (AmberTools 24.8) X-c3-ca-X"
cp-c3-ca-c3,0,1,2,"GAFF 1.81, from gaff-1.81.dat (AmberTools 24.8) X-c3-ca-X"
cp-c3-ca-hc,0,1,2,"GAFF 1.81, from gaff-1.81.dat (AmberTools 24.8) X-c3-ca-X"
cp-c3-cp-ca,0,1,2,"GAFF 1.81, from gaff-1.81.dat (AmberTools 24.8) X-c3-ca-X (cp as ca)"
cp-c3-cp-ha,0,1,2,"GAFF 1.81, from gaff-1.81.dat (AmberTools 24.8) X-c3-ca-X (cp as ca)"
cp-c3-cp-cp,0,1,2,"GAFF 1.81, from gaff-1.81.dat (AmberTools 24.8) X-c3-ca-X (cp as ca)"
cp-c3-cp-c1,0,1,2,"GAFF 1.81, from gaff-1.81.dat (AmberTools 24.8) X-c3-ca-X (cp as ca)"
cp-c3-cp-cg,0,1,2,"GAFF 1.81, from gaff-1.81.dat (AmberTools 24.8) X-c3-ca-X (cp as ca)"
cp-c3-cp-ch,0,1,2,"GAFF 1.81, from gaff-1.81.dat (AmberTools 24.8) X-c3-ca-X (cp as ca)"
cp-c3-cp-ce,0,1,2,"GAFF 1.81, from gaff-1.81.dat (AmberTools 24.8) X-c3-ca-X (cp as ca)"
cp-c3-cp-cu,0,1,2,"GAFF 1.81, from gaff-1.81.dat (AmberTools 24.8) X-c3-ca-X (cp as ca)"
cp-c3-cp-c3,0,1,2,"GAFF 1.81, from gaff-1.81.dat (AmberTools 24.8) X-c3-ca-X (cp as ca)"
cp-c3-cp-hc,0,1,2,"GAFF 1.81, from gaff-1.81.dat (AmberTools 24.8) X-c3-ca-X (cp as ca)"
cp-c3-c1-ca,0,-1,2,"GAFF 1.81, from gaff-1.81.dat (AmberTools 24.8) X-c1-c3-X"
cp-c3-c1-ha,0,-1,2,"GAFF 1.81, from gaff-1.81.dat (AmberTools 24.8) X-c1-c3-X"
cp-c3-c1-cp,0,-1,2,"GAFF 1.81, from gaff-1.81.dat (AmberTools 24.8) X-c1-c3-X"
cp-c3-c1-c1,0,-1,2,"GAFF 1.81, from gaff-1.81.dat (AmberTools 24.8) X-c1-c3-X"
cp-c3-c1-cg,0,-1,2,"GAFF 1.81, from gaff-1.81.dat (AmberTools 24.8) X-c1-c3-X"
cp-c3-c1-ch,0,-1,2,"GAFF 1.81, from gaff-1.81.dat (AmberTools 24.8) X-c1-c3-X"
cp-c3-c1-ce,0,-1,2,"GAFF 1.81, from gaff-1.81.dat (AmberTools 24.8) X-c1-c3-X"
cp-c3-c1-cu,0,-1,2,"GAFF 1.81, from gaff-1.81.dat (AmberTools 24.8) X-c1-c3-X"
cp-c3-c1-c3,0,-1,2,"GAFF 1.81, from gaff-1.81.dat (AmberTools 24.8) X-c1-c3-X"
cp-c3-c1-hc,0,-1,2,"GAFF 1.81, from gaff-1.81.dat (AmberTools 24.8) X-c1-c3-X"
cp-c3-cg-ca,0,-1,2,"GAFF 1.81, from gaff-1.81.dat (AmberTools 24.8) X-c1-c3-X (cg as c1)"
cp-c3-cg-ha,0,-1,2,"GAFF 1.81, from gaff-1.81.dat (AmberTools 24.8) X-c1-c3-X (cg as c1)"
cp-c3-cg-cp,0,-1,2,"GAFF 1.81, from gaff-1.81.dat (AmberTools 24.8) X-c1-c3-X (cg as c1)"
cp-c3-cg-c1,0,-1,2,"GAFF 1.81, from gaff-1.81.dat (AmberTools 24.8) X-c1-c3-X (cg as c1)"
cp-c3-cg-cg,0,-1,2,"GAFF 1.81, from gaff-1.81.dat (AmberTools 24.8) X-c1-c3-X (cg as c1)"
cp-c3-cg-ch,0,-1,2,"GAFF 1.81, from gaff-1.81.dat (AmberTools 24.8) X-c1-c3-X (cg as c1)"
cp-c3-cg-ce,0,-1,2,"GAFF 1.81, from gaff-1.81.dat (AmberTools 24.8) X-c1-c3-X (cg as c1)"
cp-c3-cg-cu,0,-1,2,"GAFF 1.81, from gaff-1.81.dat (AmberTools 24.8) X-c1-c3-X (cg as c1)"
cp-c3-cg-c3,0,-1,2,"GAFF 1.81, from gaff-1.81.dat (AmberTools 24.8) X-c1-c3-X (cg as c1)"
cp-c3-cg-hc,0,-1,2,"GAFF 1.81, from gaff-1.81.dat (AmberTools 24.8) X-c1-c3-X (cg as c1)"
cp-c3-ch-ca,0,-1,2,"GAFF 1.81, from gaff-1.81.dat (AmberTools 24.8) X-c1-c3-X (ch as c1)"
cp-c3-ch-ha,0,-1,2,"GAFF 1.81, from gaff-1.81.dat (AmberTools 24.8) X-c1-c3-X (ch as c1)"
cp-c3-ch-cp,0,-1,2,"GAFF 1.81, from gaff-1.81.dat (AmberTools 24.8) X-c1-c3-X (ch as c1)"
cp-c3-ch-c1,0,-1,2,"GAFF 1.81, from gaff-1.81.dat (AmberTools 24.8) X-c1-c3-X (ch as c1)"
cp-c3-ch-cg,0,-1,2,"GAFF 1.81, from gaff-1.81.dat (AmberTools 24.8) X-c1-c3-X (ch as c1)"
cp-c3-ch-ch,0,-1,2,"GAFF 1.81, from gaff-1.81.dat (AmberTools 24.8) X-c1-c3-X (ch as c1)"
cp-c3-ch-ce,0,-1,2,"GAFF 1.81, from gaff-1.81.dat (AmberTools 24.8) X-c1-c3-X (ch as c1)"
cp-c3-ch-cu,0,-1,2,"GAFF 1.81, from gaff-1.81.dat (AmberTools 24.8) X-c1-c3-X (ch as c1)"
cp-c3-ch-c3,0,-1,2,"GAFF 1.81, from gaff-1.81.dat (AmberTools 24.8) X-c1-c3-X (ch as c1)"
cp-c3-ch-hc,0,-1,2,"GAFF 1.81, from gaff-1.81.dat (AmberTools 24.8) X-c1-c3-X (ch as c1)"
cp-c3-ce-ca,0,1,2,"GAFF 1.81, from gaff-1.81.dat (AmberTools 24.8) X-c2-c3-X (ce as c2)"
cp-c3-ce-ha,0,1,2,"GAFF 1.81, from gaff-1.81.dat (AmberTools 24.8) X-c2-c3-X (ce as c2)"
cp-c3-ce-cp,0,1,2,"GAFF 1.81, from gaff-1.81.dat (AmberTools 24.8) X-c2-c3-X (ce as c2)"
cp-c3-ce-c1,0,1,2,"GAFF 1.81, from gaff-1.81.dat (AmberTools 24.8) X-c2-c3-X (ce as c2)"
cp-c3-ce-cg,0,1,2,"GAFF 1.81, from gaff-1.81.dat (AmberTools 24.8) X-c2-c3-X (ce as c2)"
cp-c3-ce-ch,0,1,2,"GAFF 1.81, from gaff-1.81.dat (AmberTools 24.8) X-c2-c3-X (ce as c2)"
cp-c3-ce-ce,0,1,2,"GAFF 1.81, from gaff-1.81.dat (AmberTools 24.8) X-c2-c3-X (ce as c2)"
cp-c3-ce-cu,0,1,2,"GAFF 1.81, from gaff-1.81.dat (AmberTools 24.8) X-c2-c3-X (ce as c2)"
cp-c3-ce-c3,0,1,2,"GAFF 1.81, from gaff-1.81.dat (AmberTools 24.8) X-c2-c3-X (ce as c2)"
cp-c3-ce-hc,0,1,2,"GAFF 1.81, from gaff-1.81.dat (AmberTools 24.8) X-c2-c3-X (ce as c2)"
cp-c3-cu-ca,0,1,2,"GAFF 1.81, from gaff-1.81.dat (AmberTools 24.8) X-c2-c3-X (stand-in: *-c3-cu-* as X-c2-c3-X)"
cp-c3-cu-ha,0,1,2,"GAFF 1.81, from gaff-1.81.dat (AmberTools 24.8) X-c2-c3-X (stand-in: *-c3-cu-* as X-c2-c3-X)"
cp-c3-cu-cp,0,1,2,"GAFF 1.81, from gaff-1.81.dat (AmberTools 24.8) X-c2-c3-X (stand-in: *-c3-cu-* as X-c2-c3-X)"
cp-c3-cu-c1,0,1,2,"GAFF 1.81, from gaff-1.81.dat (AmberTools 24.8) X-c2-c3-X (stand-in: *-c3-cu-* as X-c2-c3-X)"
cp-c3-cu-cg,0,1,2,"GAFF 1.81, from gaff-1.81.dat (AmberTools 24.8) X-c2-c3-X (stand-in: *-c3-cu-* as X-c2-c3-X)"
cp-c3-cu-ch,0,1,2,"GAFF 1.81, from gaff-1.81.dat (AmberTools 24.8) X-c2-c3-X (stand-in: *-c3-cu-* as X-c2-c3-X)"
cp-c3-cu-ce,0,1,2,"GAFF 1.81, from gaff-1.81.dat (AmberTools 24.8) X-c2-c3-X (stand-in: *-c3-cu-* as X-c2-c3-X)"
cp-c3-cu-cu,0,1,2,"GAFF 1.81, from gaff-1.81.dat (AmberTools 24.8) X-c2-c3-X (stand-in: *-c3-cu-* as X-c2-c3-X)"
cp-c3-cu-c3,0,1,2,"GAFF 1.81, from gaff-1.81.dat (AmberTools 24.8) X-c2-c3-X (stand-in: *-c3-cu-* as X-c2-c3-X)"
cp-c3-cu-hc,0,1,2,"GAFF 1.81, from gaff-1.81.dat (AmberTools 24.8) X-c2-c3-X (stand-in: *-c3-cu-* as X-c2-c3-X)"
cp-c3-c3-ca,0.311111,1,3,"GAFF 1.81, from gaff-1.81.dat (AmberTools 24.8) X-c3-c3-X"
cp-c3-c3-ha,0.311111,1,3,"GAFF 1.81, from gaff-1.81.dat (AmberTools 24.8) X-c3-c3-X"
cp-c3-c3-cp,0.311111,1,3,"GAFF 1.81, from gaff-1.81.dat (AmberTools 24.8) X-c3-c3-X"
cp-c3-c3-c1,0.311111,1,3,"GAFF 1.81, from gaff-1.81.dat (AmberTools 24.8) X-c3-c3-X"
cp-c3-c3-cg,0.311111,1,3,"GAFF 1.81, from gaff-1.81.dat (AmberTools 24.8) X-c3-c3-X"
cp-c3-c3-ch,0.311111,1,3,"GAFF 1.81, from gaff-1.81.dat (AmberTools 24.8) X-c3-c3-X"
cp-c3-c3-ce,0.311111,1,3,"GAFF 1.81, from gaff-1.81.dat (AmberTools 24.8) X-c3-c3-X"
cp-c3-c3-cu,0.311111,1,3,"GAFF 1.81, from gaff-1.81.dat (AmberTools 24.8) X-c3-c3-X"
cp-c3-c3-c3,0.311111,1,3,"GAFF 1.81, from gaff-1.81.dat (AmberTools 24.8) X-c3-c3-X"
cp-c3-c3-hc,0.311111,1,3,"GAFF 1.81, from gaff-1.81.dat (AmberTools 24.8) X-c3-c3-X"
c1-ca-ca-ca,7.25,-1,2,"GAFF 1.81, from gaff-1.81.dat (AmberTools 24.8) X-ca-ca-X"
c1-ca-ca-ha,7.25,-1,2,"GAFF 1.81, from gaff-1.81.dat (AmberTools 24.8) X-ca-ca-X"
c1-ca-ca-cp,7.25,-1,2,"GAFF 1.81, from gaff-1.81.dat (AmberTools 24.8) X-ca-ca-X"
c1-ca-ca-c1,7.25,-1,2,"GAFF 1.81, from gaff-1.81.dat (AmberTools 24.8) X-ca-ca-X"
c1-ca-ca-cg,7.25,-1,2,"GAFF 1.81, from gaff-1.81.dat (AmberTools 24.8) X-ca-ca-X"
c1-ca-ca-ch,7.25,-1,2,"GAFF 1.81, from gaff-1.81.dat (AmberTools 24.8) X-ca-ca-X"
c1-ca-ca-ce,7.25,-1,2,"GAFF 1.81, from gaff-1.81.dat (AmberTools 24.8) X-ca-ca-X"
c1-ca-ca-cu,7.25,-1,2,"GAFF 1.81, from gaff-1.81.dat (AmberTools 24.8) X-ca-ca-X"
c1-ca-ca-c3,7.25,-1,2,"GAFF 1.81, from gaff-1.81.dat (AmberTools 24.8) X-ca-ca-X"
c1-ca-ca-hc,7.25,-1,2,"GAFF 1.81, from gaff-1.81.dat (AmberTools 24.8) X-ca-ca-X"
c1-ca-cp-ca,7.25,-1,2,"GAFF 1.81, from gaff-1.81.dat (AmberTools 24.8) X-ca-cp-X"
c1-ca-cp-ha,7.25,-1,2,"GAFF 1.81, from gaff-1.81.dat (AmberTools 24.8) X-ca-cp-X"
c1-ca-cp-cp,7.25,-1,2,"GAFF 1.81, from gaff-1.81.dat (AmberTools 24.8) X-ca-cp-X"
c1-ca-cp-c1,7.25,-1,2,"GAFF 1.81, from gaff-1.81.dat (AmberTools 24.8) X-ca-cp-X"
c1-ca-cp-cg,7.25,-1,2,"GAFF 1.81, from gaff-1.81.dat (AmberTools 24.8) X-ca-cp-X"
c1-ca-cp-ch,7.25,-1,2,"GAFF 1.81, from gaff-1.81.dat (AmberTools 24.8) X-ca-cp-X"
c1-ca-cp-ce,7.25,-1,2,"GAFF 1.81, from gaff-1.81.dat (AmberTools 24.8) X-ca-cp-X"
c1-ca-cp-cu,7.25,-1,2,"GAFF 1.81, from gaff-1.81.dat (AmberTools 24.8) X-ca-cp-X"
c1-ca-cp-c3,7.25,-1,2,"GAFF 1.81, from gaff-1.81.dat (AmberTools 24.8) X-ca-cp-X"
c1-ca-cp-hc,7.25,-1,2,"GAFF 1.81, from gaff-1.81.dat (AmberTools 24.8) X-ca-cp-X"
c1-ca-c1-ca,0,-1,2,"GAFF 1.81, from gaff-1.81.dat (AmberTools 24.8) X-c1-ca-X"
c1-ca-c1-ha,0,-1,2,"GAFF 1.81, from gaff-1.81.dat (AmberTools 24.8) X-c1-ca-X"
c1-ca-c1-cp,0,-1,2,"GAFF 1.81, from gaff-1.81.dat (AmberTools 24.8) X-c1-ca-X"
c1-ca-c1-c1,0,-1,2,"GAFF 1.81, from gaff-1.81.dat (AmberTools 24.8) X-c1-ca-X"
c1-ca-c1-cg,0,-1,2,"GAFF 1.81, from gaff-1.81.dat (AmberTools 24.8) X-c1-ca-X"
c1-ca-c1-ch,0,-1,2,"GAFF 1.81, from gaff-1.81.dat (AmberTools 24.8) X-c1-ca-X"
c1-ca-c1-ce,0,-1,2,"GAFF 1.81, from gaff-1.81.dat (AmberTools 24.8) X-c1-ca-X"
c1-ca-c1-cu,0,-1,2,"GAFF 1.81, from gaff-1.81.dat (AmberTools 24.8) X-c1-ca-X"
c1-ca-c1-c3,0,-1,2,"GAFF 1.81, from gaff-1.81.dat (AmberTools 24.8) X-c1-ca-X"
c1-ca-c1-hc,0,-1,2,"GAFF 1.81, from gaff-1.81.dat (AmberTools 24.8) X-c1-ca-X"
c1-ca-cg-ca,0,-1,2,"GAFF 1.81, from gaff-1.81.dat (AmberTools 24.8) X-c1-ca-X (cg as c1)"
c1-ca-cg-ha,0,-1,2,"GAFF 1.81, from gaff-1.81.dat (AmberTools 24.8) X-c1-ca-X (cg as c1)"
c1-ca-cg-cp,0,-1,2,"GAFF 1.81, from gaff-1.81.dat (AmberTools 24.8) X-c1-ca-X (cg as c1)"
c1-ca-cg-c1,0,-1,2,"GAFF 1.81, from gaff-1.81.dat (AmberTools 24.8) X-c1-ca-X (cg as c1)"
c1-ca-cg-cg,0,-1,2,"GAFF 1.81, from gaff-1.81.dat (AmberTools 24.8) X-c1-ca-X (cg as c1)"
c1-ca-cg-ch,0,-1,2,"GAFF 1.81, from gaff-1.81.dat (AmberTools 24.8) X-c1-ca-X (cg as c1)"
c1-ca-cg-ce,0,-1,2,"GAFF 1.81, from gaff-1.81.dat (AmberTools 24.8) X-c1-ca-X (cg as c1)"
c1-ca-cg-cu,0,-1,2,"GAFF 1.81, from gaff-1.81.dat (AmberTools 24.8) X-c1-ca-X (cg as c1)"
c1-ca-cg-c3,0,-1,2,"GAFF 1.81, from gaff-1.81.dat (AmberTools 24.8) X-c1-ca-X (cg as c1)"
c1-ca-cg-hc,0,-1,2,"GAFF 1.81, from gaff-1.81.dat (AmberTools 24.8) X-c1-ca-X (cg as c1)"
c1-ca-ch-ca,0,-1,2,"GAFF 1.81, from gaff-1.81.dat (AmberTools 24.8) X-c1-ca-X (ch as c1)"
c1-ca-ch-ha,0,-1,2,"GAFF 1.81, from gaff-1.81.dat (AmberTools 24.8) X-c1-ca-X (ch as c1)"
c1-ca-ch-cp,0,-1,2,"GAFF 1.81, from gaff-1.81.dat (AmberTools 24.8) X-c1-ca-X (ch as c1)"
c1-ca-ch-c1,0,-1,2,"GAFF 1.81, from gaff-1.81.dat (AmberTools 24.8) X-c1-ca-X (ch as c1)"
c1-ca-ch-cg,0,-1,2,"GAFF 1.81, from gaff-1.81.dat (AmberTools 24.8) X-c1-ca-X (ch as c1)"
c1-ca-ch-ch,0,-1,2,"GAFF 1.81, from gaff-1.81.dat (AmberTools 24.8) X-c1-ca-X (ch as c1)"
c1-ca-ch-ce,0,-1,2,"GAFF 1.81, from gaff-1.81.dat (AmberTools 24.8) X-c1-ca-X (ch as c1)"
c1-ca-ch-cu,0,-1,2,"GAFF 1.81, from gaff-1.81.dat (AmberTools 24.8) X-c1-ca-X (ch as c1)"
c1-ca-ch-c3,0,-1,2,"GAFF 1.81, from gaff-1.81.dat (AmberTools 24.8) X-c1-ca-X (ch as c1)"
c1-ca-ch-hc,0,-1,2,"GAFF 1.81, from gaff-1.81.dat (AmberTools 24.8) X-c1-ca-X (ch as c1)"
c1-ca-ce-ca,1.4,-1,2,"GAFF 1.81, from gaff-1.81.dat (AmberTools 24.8) X-c2-ca-X (ce as c2)"
c1-ca-ce-ha,1.4,-1,2,"GAFF 1.81, from gaff-1.81.dat (AmberTools 24.8) X-c2-ca-X (ce as c2)"
c1-ca-ce-cp,1.4,-1,2,"GAFF 1.81, from gaff-1.81.dat (AmberTools 24.8) X-c2-ca-X (ce as c2)"
c1-ca-ce-c1,1.4,-1,2,"GAFF 1.81, from gaff-1.81.dat (AmberTools 24.8) X-c2-ca-X (ce as c2)"
c1-ca-ce-cg,1.4,-1,2,"GAFF 1.81, from gaff-1.81.dat (AmberTools 24.8) X-c2-ca-X (ce as c2)"
c1-ca-ce-ch,1.4,-1,2,"GAFF 1.81, from gaff-1.81.dat (AmberTools 24.8) X-c2-ca-X (ce as c2)"
c1-ca-ce-ce,1.4,-1,2,"GAFF 1.81, from gaff-1.81.dat (AmberTools 24.8) X-c2-ca-X (ce as c2)"
c1-ca-ce-cu,1.4,-1,2,"GAFF 1.81, from gaff-1.81.dat (AmberTools 24.8) X-c2-ca-X (ce as c2)"
c1-ca-ce-c3,1.4,-1,2,"GAFF 1.81, from gaff-1.81.dat (AmberTools 24.8) X-c2-ca-X (ce as c2)"
c1-ca-ce-hc,1.4,-1,2,"GAFF 1.81, from gaff-1.81.dat (AmberTools 24.8) X-c2-ca-X (ce as c2)"
c1-ca-cu-ca,2,-1,2,"GAFF 1.81, from gaff-1.81.dat (AmberTools 24.8) X-cp-cp-X (stand-in: *-ca-cu-* as X-cp-cp-X)"
c1-ca-cu-ha,2,-1,2,"GAFF 1.81, from gaff-1.81.dat (AmberTools 24.8) X-cp-cp-X (stand-in: *-ca-cu-* as X-cp-cp-X)"
c1-ca-cu-cp,2,-1,2,"GAFF 1.81, from gaff-1.81.dat (AmberTools 24.8) X-cp-cp-X (stand-in: *-ca-cu-* as X-cp-cp-X)"
c1-ca-cu-c1,2,-1,2,"GAFF 1.81, from gaff-1.81.dat (AmberTools 24.8) X-cp-cp-X (stand-in: *-ca-cu-* as X-cp-cp-X)"
c1-ca-cu-cg,2,-1,2,"GAFF 1.81, from gaff-1.81.dat (AmberTools 24.8) X-cp-cp-X (stand-in: *-ca-cu-* as X-cp-cp-X)"
c1-ca-cu-ch,2,-1,2,"GAFF 1.81, from gaff-1.81.dat (AmberTools 24.8) X-cp-cp-X (stand-in: *-ca-cu-* as X-cp-cp-X)"
c1-ca-cu-ce,2,-1,2,"GAFF 1.81, from gaff-1.81.dat (AmberTools 24.8) X-cp-cp-X (stand-in: *-ca-cu-* as X-cp-cp-X)"
c1-ca-cu-cu,2,-1,2,"GAFF 1.81, from gaff-1.81.dat (AmberTools 24.8) X-cp-cp-X (stand-in: *-ca-cu-* as X-cp-cp-X)"
c1-ca-cu-c3,2,-1,2,"GAFF 1.81, from gaff-1.81.dat (AmberTools 24.8) X-cp-cp-X (stand-in: *-ca-cu-* as X-cp-cp-X)"
c1-ca-cu-hc,2,-1,2,"GAFF 1.81, from gaff-1.81.dat (AmberTools 24.8) X-cp-cp-X (stand-in: *-ca-cu-* as X-cp-cp-X)"
c1-ca-c3-ca,0,1,2,"GAFF 1.81, from gaff-1.81.dat (AmberTools 24.8) X-c3-ca-X"
c1-ca-c3-ha,0,1,2,"GAFF 1.81, from gaff-1.81.dat (AmberTools 24.8) X-c3-ca-X"
c1-ca-c3-cp,0,1,2,"GAFF 1.81, from gaff-1.81.dat (AmberTools 24.8) X-c3-ca-X"
c1-ca-c3-c1,0,1,2,"GAFF 1.81, from gaff-1.81.dat (AmberTools 24.8) X-c3-ca-X"
c1-ca-c3-cg,0,1,2,"GAFF 1.81, from gaff-1.81.dat (AmberTools 24.8) X-c3-ca-X"
c1-ca-c3-ch,0,1,2,"GAFF 1.81, from gaff-1.81.dat (AmberTools 24.8) X-c3-ca-X"
c1-ca-c3-ce,0,1,2,"GAFF 1.81, from gaff-1.81.dat (AmberTools 24.8) X-c3-ca-X"
c1-ca-c3-cu,0,1,2,"GAFF 1.81, from gaff-1.81.dat (AmberTools 24.8) X-c3-ca-X"
c1-ca-c3-c3,0,1,2,"GAFF 1.81, from gaff-1.81.dat (AmberTools 24.8) X-c3-ca-X"
c1-ca-c3-hc,0,1,2,"GAFF 1.81, from gaff-1.81.dat (AmberTools 24.8) X-c3-ca-X"
c1-cp-ca-ca,7.25,-1,2,"GAFF 1.81, from gaff-1.81.dat (AmberTools 24.8) X-ca-cp-X"
c1-cp-ca-ha,7.25,-1,2,"GAFF 1.81, from gaff-1.81.dat (AmberTools 24.8) X-ca-cp-X"
c1-cp-ca-cp,7.25,-1,2,"GAFF 1.81, from gaff-1.81.dat (AmberTools 24.8) X-ca-cp-X"
c1-cp-ca-c1,7.25,-1,2,"GAFF 1.81, from gaff-1.81.dat (AmberTools 24.8) X-ca-cp-X"
c1-cp-ca-cg,7.25,-1,2,"GAFF 1.81, from gaff-1.81.dat (AmberTools 24.8) X-ca-cp-X"
c1-cp-ca-ch,7.25,-1,2,"GAFF 1.81, from gaff-1.81.dat (AmberTools 24.8) X-ca-cp-X"
c1-cp-ca-ce,7.25,-1,2,"GAFF 1.81, from gaff-1.81.dat (AmberTools 24.8) X-ca-cp-X"
c1-cp-ca-cu,7.25,-1,2,"GAFF 1.81, from gaff-1.81.dat (AmberTools 24.8) X-ca-cp-X"
c1-cp-ca-c3,7.25,-1,2,"GAFF 1.81, from gaff-1.81.dat (AmberTools 24.8) X-ca-cp-X"
c1-cp-ca-hc,7.25,-1,2,"GAFF 1.81, from gaff-1.81.dat (AmberTools 24.8) X-ca-cp-X"
c1-cp-cp-ca,2,-1,2,"GAFF 1.81, from gaff-1.81.dat (AmberTools 24.8) X-cp-cp-X"
c1-cp-cp-ha,2,-1,2,"GAFF 1.81, from gaff-1.81.dat (AmberTools 24.8) X-cp-cp-X"
c1-cp-cp-cp,2,-1,2,"GAFF 1.81, from gaff-1.81.dat (AmberTools 24.8) X-cp-cp-X"
c1-cp-cp-c1,2,-1,2,"GAFF 1.81, from gaff-1.81.dat (AmberTools 24.8) X-cp-cp-X"
c1-cp-cp-cg,2,-1,2,"GAFF 1.81, from gaff-1.81.dat (AmberTools 24.8) X-cp-cp-X"
c1-cp-cp-ch,2,-1,2,"GAFF 1.81, from gaff-1.81.dat (AmberTools 24.8) X-cp-cp-X"
c1-cp-cp-ce,2,-1,2,"GAFF 1.81, from gaff-1.81.dat (AmberTools 24.8) X-cp-cp-X"
c1-cp-cp-cu,2,-1,2,"GAFF 1.81, from gaff-1.81.dat (AmberTools 24.8) X-cp-cp-X"
c1-cp-cp-c3,2,-1,2,"GAFF 1.81, from gaff-1.81.dat (AmberTools 24.8) X-cp-cp-X"
c1-cp-cp-hc,2,-1,2,"GAFF 1.81, from gaff-1.81.dat (AmberTools 24.8) X-cp-cp-X"
c1-cp-c1-ca,0,-1,2,"GAFF 1.81, from gaff-1.81.dat (AmberTools 24.8) X-c1-ca-X (cp as ca)"
c1-cp-c1-ha,0,-1,2,"GAFF 1.81, from gaff-1.81.dat (AmberTools 24.8) X-c1-ca-X (cp as ca)"
c1-cp-c1-cp,0,-1,2,"GAFF 1.81, from gaff-1.81.dat (AmberTools 24.8) X-c1-ca-X (cp as ca)"
c1-cp-c1-c1,0,-1,2,"GAFF 1.81, from gaff-1.81.dat (AmberTools 24.8) X-c1-ca-X (cp as ca)"
c1-cp-c1-cg,0,-1,2,"GAFF 1.81, from gaff-1.81.dat (AmberTools 24.8) X-c1-ca-X (cp as ca)"
c1-cp-c1-ch,0,-1,2,"GAFF 1.81, from gaff-1.81.dat (AmberTools 24.8) X-c1-ca-X (cp as ca)"
c1-cp-c1-ce,0,-1,2,"GAFF 1.81, from gaff-1.81.dat (AmberTools 24.8) X-c1-ca-X (cp as ca)"
c1-cp-c1-cu,0,-1,2,"GAFF 1.81, from gaff-1.81.dat (AmberTools 24.8) X-c1-ca-X (cp as ca)"
c1-cp-c1-c3,0,-1,2,"GAFF 1.81, from gaff-1.81.dat (AmberTools 24.8) X-c1-ca-X (cp as ca)"
c1-cp-c1-hc,0,-1,2,"GAFF 1.81, from gaff-1.81.dat (AmberTools 24.8) X-c1-ca-X (cp as ca)"
c1-cp-cg-ca,0,-1,2,"GAFF 1.81, from gaff-1.81.dat (AmberTools 24.8) X-c1-ca-X (cg as c1, cp as ca)"
c1-cp-cg-ha,0,-1,2,"GAFF 1.81, from gaff-1.81.dat (AmberTools 24.8) X-c1-ca-X (cg as c1, cp as ca)"
c1-cp-cg-cp,0,-1,2,"GAFF 1.81, from gaff-1.81.dat (AmberTools 24.8) X-c1-ca-X (cg as c1, cp as ca)"
c1-cp-cg-c1,0,-1,2,"GAFF 1.81, from gaff-1.81.dat (AmberTools 24.8) X-c1-ca-X (cg as c1, cp as ca)"
c1-cp-cg-cg,0,-1,2,"GAFF 1.81, from gaff-1.81.dat (AmberTools 24.8) X-c1-ca-X (cg as c1, cp as ca)"
c1-cp-cg-ch,0,-1,2,"GAFF 1.81, from gaff-1.81.dat (AmberTools 24.8) X-c1-ca-X (cg as c1, cp as ca)"
c1-cp-cg-ce,0,-1,2,"GAFF 1.81, from gaff-1.81.dat (AmberTools 24.8) X-c1-ca-X (cg as c1, cp as ca)"
c1-cp-cg-cu,0,-1,2,"GAFF 1.81, from gaff-1.81.dat (AmberTools 24.8) X-c1-ca-X (cg as c1, cp as ca)"
c1-cp-cg-c3,0,-1,2,"GAFF 1.81, from gaff-1.81.dat (AmberTools 24.8) X-c1-ca-X (cg as c1, cp as ca)"
c1-cp-cg-hc,0,-1,2,"GAFF 1.81, from gaff-1.81.dat (AmberTools 24.8) X-c1-ca-X (cg as c1, cp as ca)"
c1-cp-ch-ca,0,-1,2,"GAFF 1.81, from gaff-1.81.dat (AmberTools 24.8) X-c1-ca-X (ch as c1, cp as ca)"
c1-cp-ch-ha,0,-1,2,"GAFF 1.81, from gaff-1.81.dat (AmberTools 24.8) X-c1-ca-X (ch as c1, cp as ca)"
c1-cp-ch-cp,0,-1,2,"GAFF 1.81, from gaff-1.81.dat (AmberTools 24.8) X-c1-ca-X (ch as c1, cp as ca)"
c1-cp-ch-c1,0,-1,2,"GAFF 1.81, from gaff-1.81.dat (AmberTools 24.8) X-c1-ca-X (ch as c1, cp as ca)"
c1-cp-ch-cg,0,-1,2,"GAFF 1.81, from gaff-1.81.dat (AmberTools 24.8) X-c1-ca-X (ch as c1, cp as ca)"
c1-cp-ch-ch,0,-1,2,"GAFF 1.81, from gaff-1.81.dat (AmberTools 24.8) X-c1-ca-X (ch as c1, cp as ca)"
c1-cp-ch-ce,0,-1,2,"GAFF 1.81, from gaff-1.81.dat (AmberTools 24.8) X-c1-ca-X (ch as c1, cp as ca)"
c1-cp-ch-cu,0,-1,2,"GAFF 1.81, from gaff-1.81.dat (AmberTools 24.8) X-c1-ca-X (ch as c1, cp as ca)"
c1-cp-ch-c3,0,-1,2,"GAFF 1.81, from gaff-1.81.dat (AmberTools 24.8) X-c1-ca-X (ch as c1, cp as ca)"
c1-cp-ch-hc,0,-1,2,"GAFF 1.81, from gaff-1.81.dat (AmberTools 24.8) X-c1-ca-X (ch as c1, cp as ca)"
c1-cp-ce-ca,1.4,-1,2,"GAFF 1.81, from gaff-1.81.dat (AmberTools 24.8) X-c2-ca-X (ce as c2, cp as ca)"
c1-cp-ce-ha,1.4,-1,2,"GAFF 1.81, from gaff-1.81.dat (AmberTools 24.8) X-c2-ca-X (ce as c2, cp as ca)"
c1-cp-ce-cp,1.4,-1,2,"GAFF 1.81, from gaff-1.81.dat (AmberTools 24.8) X-c2-ca-X (ce as c2, cp as ca)"
c1-cp-ce-c1,1.4,-1,2,"GAFF 1.81, from gaff-1.81.dat (AmberTools 24.8) X-c2-ca-X (ce as c2, cp as ca)"
c1-cp-ce-cg,1.4,-1,2,"GAFF 1.81, from gaff-1.81.dat (AmberTools 24.8) X-c2-ca-X (ce as c2, cp as ca)"
c1-cp-ce-ch,1.4,-1,2,"GAFF 1.81, from gaff-1.81.dat (AmberTools 24.8) X-c2-ca-X (ce as c2, cp as ca)"
c1-cp-ce-ce,1.4,-1,2,"GAFF 1.81, from gaff-1.81.dat (AmberTools 24.8) X-c2-ca-X (ce as c2, cp as ca)"
c1-cp-ce-cu,1.4,-1,2,"GAFF 1.81, from gaff-1.81.dat (AmberTools 24.8) X-c2-ca-X (ce as c2, cp as ca)"
c1-cp-ce-c3,1.4,-1,2,"GAFF 1.81, from gaff-1.81.dat (AmberTools 24.8) X-c2-ca-X (ce as c2, cp as ca)"
c1-cp-ce-hc,1.4,-1,2,"GAFF 1.81, from gaff-1.81.dat (AmberTools 24.8) X-c2-ca-X (ce as c2, cp as ca)"
c1-cp-cu-ca,2,-1,2,"GAFF 1.81, from gaff-1.81.dat (AmberTools 24.8) X-cp-cp-X (stand-in: *-cp-cu-* as X-cp-cp-X)"
c1-cp-cu-ha,2,-1,2,"GAFF 1.81, from gaff-1.81.dat (AmberTools 24.8) X-cp-cp-X (stand-in: *-cp-cu-* as X-cp-cp-X)"
c1-cp-cu-cp,2,-1,2,"GAFF 1.81, from gaff-1.81.dat (AmberTools 24.8) X-cp-cp-X (stand-in: *-cp-cu-* as X-cp-cp-X)"
c1-cp-cu-c1,2,-1,2,"GAFF 1.81, from gaff-1.81.dat (AmberTools 24.8) X-cp-cp-X (stand-in: *-cp-cu-* as X-cp-cp-X)"
c1-cp-cu-cg,2,-1,2,"GAFF 1.81, from gaff-1.81.dat (AmberTools 24.8) X-cp-cp-X (stand-in: *-cp-cu-* as X-cp-cp-X)"
c1-cp-cu-ch,2,-1,2,"GAFF 1.81, from gaff-1.81.dat (AmberTools 24.8) X-cp-cp-X (stand-in: *-cp-cu-* as X-cp-cp-X)"
c1-cp-cu-ce,2,-1,2,"GAFF 1.81, from gaff-1.81.dat (AmberTools 24.8) X-cp-cp-X (stand-in: *-cp-cu-* as X-cp-cp-X)"
c1-cp-cu-cu,2,-1,2,"GAFF 1.81, from gaff-1.81.dat (AmberTools 24.8) X-cp-cp-X (stand-in: *-cp-cu-* as X-cp-cp-X)"
c1-cp-cu-c3,2,-1,2,"GAFF 1.81, from gaff-1.81.dat (AmberTools 24.8) X-cp-cp-X (stand-in: *-cp-cu-* as X-cp-cp-X)"
c1-cp-cu-hc,2,-1,2,"GAFF 1.81, from gaff-1.81.dat (AmberTools 24.8) X-cp-cp-X (stand-in: *-cp-cu-* as X-cp-cp-X)"
c1-cp-c3-ca,0,1,2,"GAFF 1.81, from gaff-1.81.dat (AmberTools 24.8) X-c3-ca-X (cp as ca)"
c1-cp-c3-ha,0,1,2,"GAFF 1.81, from gaff-1.81.dat (AmberTools 24.8) X-c3-ca-X (cp as ca)"
c1-cp-c3-cp,0,1,2,"GAFF 1.81, from gaff-1.81.dat (AmberTools 24.8) X-c3-ca-X (cp as ca)"
c1-cp-c3-c1,0,1,2,"GAFF 1.81, from gaff-1.81.dat (AmberTools 24.8) X-c3-ca-X (cp as ca)"
c1-cp-c3-cg,0,1,2,"GAFF 1.81, from gaff-1.81.dat (AmberTools 24.8) X-c3-ca-X (cp as ca)"
c1-cp-c3-ch,0,1,2,"GAFF 1.81, from gaff-1.81.dat (AmberTools 24.8) X-c3-ca-X (cp as ca)"
c1-cp-c3-ce,0,1,2,"GAFF 1.81, from gaff-1.81.dat (AmberTools 24.8) X-c3-ca-X (cp as ca)"
c1-cp-c3-cu,0,1,2,"GAFF 1.81, from gaff-1.81.dat (AmberTools 24.8) X-c3-ca-X (cp as ca)"
c1-cp-c3-c3,0,1,2,"GAFF 1.81, from gaff-1.81.dat (AmberTools 24.8) X-c3-ca-X (cp as ca)"
c1-cp-c3-hc,0,1,2,"GAFF 1.81, from gaff-1.81.dat (AmberTools 24.8) X-c3-ca-X (cp as ca)"
c1-c1-ca-ca,0,-1,2,"GAFF 1.81, from gaff-1.81.dat (AmberTools 24.8) X-c1-ca-X"
c1-c1-ca-ha,0,-1,2,"GAFF 1.81, from gaff-1.81.dat (AmberTools 24.8) X-c1-ca-X"
c1-c1-ca-cp,0,-1,2,"GAFF 1.81, from gaff-1.81.dat (AmberTools 24.8) X-c1-ca-X"
c1-c1-ca-c1,0,-1,2,"GAFF 1.81, from gaff-1.81.dat (AmberTools 24.8) X-c1-ca-X"
c1-c1-ca-cg,0,-1,2,"GAFF 1.81, from gaff-1.81.dat (AmberTools 24.8) X-c1-ca-X"
c1-c1-ca-ch,0,-1,2,"GAFF 1.81, from gaff-1.81.dat (AmberTools 24.8) X-c1-ca-X"
c1-c1-ca-ce,0,-1,2,"GAFF 1.81, from gaff-1.81.dat (AmberTools 24.8) X-c1-ca-X"
c1-c1-ca-cu,0,-1,2,"GAFF 1.81, from gaff-1.81.dat (AmberTools 24.8) X-c1-ca-X"
c1-c1-ca-c3,0,-1,2,"GAFF 1.81, from gaff-1.81.dat (AmberTools 24.8) X-c1-ca-X"
c1-c1-ca-hc,0,-1,2,"GAFF 1.81, from gaff-1.81.dat (AmberTools 24.8) X-c1-ca-X"
c1-c1-cp-ca,0,-1,2,"GAFF 1.81, from gaff-1.81.dat (AmberTools 24.8) X-c1-ca-X (cp as ca)"
c1-c1-cp-ha,0,-1,2,"GAFF 1.81, from gaff-1.81.dat (AmberTools 24.8) X-c1-ca-X (cp as ca)"
c1-c1-cp-cp,0,-1,2,"GAFF 1.81, from gaff-1.81.dat (AmberTools 24.8) X-c1-ca-X (cp as ca)"
c1-c1-cp-c1,0,-1,2,"GAFF 1.81, from gaff-1.81.dat (AmberTools 24.8) X-c1-ca-X (cp as ca)"
c1-c1-cp-cg,0,-1,2,"GAFF 1.81, from gaff-1.81.dat (AmberTools 24.8) X-c1-ca-X (cp as ca)"
c1-c1-cp-ch,0,-1,2,"GAFF 1.81, from gaff-1.81.dat (AmberTools 24.8) X-c1-ca-X (cp as ca)"
c1-c1-cp-ce,0,-1,2,"GAFF 1.81, from gaff-1.81.dat (AmberTools 24.8) X-c1-ca-X (cp as ca)"
c1-c1-cp-cu,0,-1,2,"GAFF 1.81, from gaff-1.81.dat (AmberTools 24.8) X-c1-ca-X (cp as ca)"
c1-c1-cp-c3,0,-1,2,"GAFF 1.81, from gaff-1.81.dat (AmberTools 24.8) X-c1-ca-X (cp as ca)"
c1-c1-cp-hc,0,-1,2,"GAFF 1.81, from gaff-1.81.dat (AmberTools 24.8) X-c1-ca-X (cp as ca)"
c1-c1-c1-ca,0,-1,2,"GAFF 1.81, from gaff-1.81.dat (AmberTools 24.8) X-c1-c1-X"
c1-c1-c1-ha,0,-1,2,"GAFF 1.81, from gaff-1.81.dat (AmberTools 24.8) X-c1-c1-X"
c1-c1-c1-cp,0,-1,2,"GAFF 1.81, from gaff-1.81.dat (AmberTools 24.8) X-c1-c1-X"
c1-c1-c1-c1,0,-1,2,"GAFF 1.81, from gaff-1.81.dat (AmberTools 24.8) X-c1-c1-X"
c1-c1-c1-cg,0,-1,2,"GAFF 1.81, from gaff-1.81.dat (AmberTools 24.8) X-c1-c1-X"
c1-c1-c1-ch,0,-1,2,"GAFF 1.81, from gaff-1.81.dat (AmberTools 24.8) X-c1-c1-X"
c1-c1-c1-ce,0,-1,2,"GAFF 1.81, from gaff-1.81.dat (AmberTools 24.8) X-c1-c1-X"
c1-c1-c1-cu,0,-1,2,"GAFF 1.81, from gaff-1.81.dat (AmberTools 24.8) X-c1-c1-X"
c1-c1-c1-c3,0,-1,2,"GAFF 1.81, from gaff-1.81.dat (AmberTools 24.8) X-c1-c1-X"
c1-c1-c1-hc,0,-1,2,"GAFF 1.81, from gaff-1.81.dat (AmberTools 24.8) X-c1-c1-X"
c1-c1-cg-ca,0,-1,2,"GAFF 1.81, from gaff-1.81.dat (AmberTools 24.8) X-c1-cg-X"
c1-c1-cg-ha,0,-1,2,"GAFF 1.81, from gaff-1.81.dat (AmberTools 24.8) X-c1-cg-X"
c1-c1-cg-cp,0,-1,2,"GAFF 1.81, from gaff-1.81.dat (AmberTools 24.8) X-c1-cg-X"
c1-c1-cg-c1,0,-1,2,"GAFF 1.81, from gaff-1.81.dat (AmberTools 24.8) X-c1-cg-X"
c1-c1-cg-cg,0,-1,2,"GAFF 1.81, from gaff-1.81.dat (AmberTools 24.8) X-c1-cg-X"
c1-c1-cg-ch,0,-1,2,"GAFF 1.81, from gaff-1.81.dat (AmberTools 24.8) X-c1-cg-X"
c1-c1-cg-ce,0,-1,2,"GAFF 1.81, from gaff-1.81.dat (AmberTools 24.8) X-c1-cg-X"
c1-c1-cg-cu,0,-1,2,"GAFF 1.81, from gaff-1.81.dat (AmberTools 24.8) X-c1-cg-X"
c1-c1-cg-c3,0,-1,2,"GAFF 1.81, from gaff-1.81.dat (AmberTools 24.8) X-c1-cg-X"
c1-c1-cg-hc,0,-1,2,"GAFF 1.81, from gaff-1.81.dat (AmberTools 24.8) X-c1-cg-X"
c1-c1-ch-ca,0,-1,2,"GAFF 1.81, from gaff-1.81.dat (AmberTools 24.8) X-c1-ch-X"
c1-c1-ch-ha,0,-1,2,"GAFF 1.81, from gaff-1.81.dat (AmberTools 24.8) X-c1-ch-X"
c1-c1-ch-cp,0,-1,2,"GAFF 1.81, from gaff-1.81.dat (AmberTools 24.8) X-c1-ch-X"
c1-c1-ch-c1,0,-1,2,"GAFF 1.81, from gaff-1.81.dat (AmberTools 24.8) X-c1-ch-X"
c1-c1-ch-cg,0,-1,2,"GAFF 1.81, from gaff-1.81.dat (AmberTools 24.8) X-c1-ch-X"
c1-c1-ch-ch,0,-1,2,"GAFF 1.81, from gaff-1.81.dat (AmberTools 24.8) X-c1-ch-X"
c1-c1-ch-ce,0,-1,2,"GAFF 1.81, from gaff-1.81.dat (AmberTools 24.8) X-c1-ch-X"
c1-c1-ch-cu,0,-1,2,"GAFF 1.81, from gaff-1.81.dat (AmberTools 24.8) X-c1-ch-X"
c1-c1-ch-c3,0,-1,2,"GAFF 1.81, from gaff-1.81.dat (AmberTools 24.8) X-c1-ch-X"
c1-c1-ch-hc,0,-1,2,"GAFF 1.81, from gaff-1.81.dat (AmberTools 24.8) X-c1-ch-X"
c1-c1-ce-ca,0,-1,2,"GAFF 1.81, from gaff-1.81.dat (AmberTools 24.8) X-c1-ce-X"
c1-c1-ce-ha,0,-1,2,"GAFF 1.81, from gaff-1.81.dat (AmberTools 24.8) X-c1-ce-X"
c1-c1-ce-cp,0,-1,2,"GAFF 1.81, from gaff-1.81.dat (AmberTools 24.8) X-c1-ce-X"
c1-c1-ce-c1,0,-1,2,"GAFF 1.81, from gaff-1.81.dat (AmberTools 24.8) X-c1-ce-X"
c1-c1-ce-cg,0,-1,2,"GAFF 1.81, from gaff-1.81.dat (AmberTools 24.8) X-c1-ce-X"
c1-c1-ce-ch,0,-1,2,"GAFF 1.81, from gaff-1.81.dat (AmberTools 24.8) X-c1-ce-X"
c1-c1-ce-ce,0,-1,2,"GAFF 1.81, from gaff-1.81.dat (AmberTools 24.8) X-c1-ce-X"
c1-c1-ce-cu,0,-1,2,"GAFF 1.81, from gaff-1.81.dat (AmberTools 24.8) X-c1-ce-X"
c1-c1-ce-c3,0,-1,2,"GAFF 1.81, from gaff-1.81.dat (AmberTools 24.8) X-c1-ce-X"
c1-c1-ce-hc,0,-1,2,"GAFF 1.81, from gaff-1.81.dat (AmberTools 24.8) X-c1-ce-X"
c1-c1-cu-ca,0,-1,2,"GAFF 1.81, from gaff-1.81.dat (AmberTools 24.8) X-c1-cu-X"
c1-c1-cu-ha,0,-1,2,"GAFF 1.81, from gaff-1.81.dat (AmberTools 24.8) X-c1-cu-X"
c1-c1-cu-cp,0,-1,2,"GAFF 1.81, from gaff-1.81.dat (AmberTools 24.8) X-c1-cu-X"
c1-c1-cu-c1,0,-1,2,"GAFF 1.81, from gaff-1.81.dat (AmberTools 24.8) X-c1-cu-X"
c1-c1-cu-cg,0,-1,2,"GAFF 1.81, from gaff-1.81.dat (AmberTools 24.8) X-c1-cu-X"
c1-c1-cu-ch,0,-1,2,"GAFF 1.81, from gaff-1.81.dat (AmberTools 24.8) X-c1-cu-X"
c1-c1-cu-ce,0,-1,2,"GAFF 1.81, from gaff-1.81.dat (AmberTools 24.8) X-c1-cu-X"
c1-c1-cu-cu,0,-1,2,"GAFF 1.81, from gaff-1.81.dat (AmberTools 24.8) X-c1-cu-X"
c1-c1-cu-c3,0,-1,2,"GAFF 1.81, from gaff-1.81.dat (AmberTools 24.8) X-c1-cu-X"
c1-c1-cu-hc,0,-1,2,"GAFF 1.81, from gaff-1.81.dat (AmberTools 24.8) X-c1-cu-X"
c1-c1-c3-ca,0,-1,2,"GAFF 1.81, from gaff-1.81.dat (AmberTools 24.8) X-c1-c3-X"
c1-c1-c3-ha,0,-1,2,"GAFF 1.81, from gaff-1.81.dat (AmberTools 24.8) X-c1-c3-X"
c1-c1-c3-cp,0,-1,2,"GAFF 1.81, from gaff-1.81.dat (AmberTools 24.8) X-c1-c3-X"
c1-c1-c3-c1,0,-1,2,"GAFF 1.81, from gaff-1.81.dat (AmberTools 24.8) X-c1-c3-X"
c1-c1-c3-cg,0,-1,2,"GAFF 1.81, from gaff-1.81.dat (AmberTools 24.8) X-c1-c3-X"
c1-c1-c3-ch,0,-1,2,"GAFF 1.81, from gaff-1.81.dat (AmberTools 24.8) X-c1-c3-X"
c1-c1-c3-ce,0,-1,2,"GAFF 1.81, from gaff-1.81.dat (AmberTools 24.8) X-c1-c3-X"
c1-c1-c3-cu,0,-1,2,"GAFF 1.81, from gaff-1.81.dat (AmberTools 24.8) X-c1-c3-X"
c1-c1-c3-c3,0,-1,2,"GAFF 1.81, from gaff-1.81.dat (AmberTools 24.8) X-c1-c3-X"
c1-c1-c3-hc,0,-1,2,"GAFF 1.81, from gaff-1.81.dat (AmberTools 24.8) X-c1-c3-X"
c1-cg-ca-ca,0,-1,2,"GAFF 1.81, from gaff-1.81.dat (AmberTools 24.8) X-c1-ca-X (cg as c1)"
c1-cg-ca-ha,0,-1,2,"GAFF 1.81, from gaff-1.81.dat (AmberTools 24.8) X-c1-ca-X (cg as c1)"
c1-cg-ca-cp,0,-1,2,"GAFF 1.81, from gaff-1.81.dat (AmberTools 24.8) X-c1-ca-X (cg as c1)"
c1-cg-ca-c1,0,-1,2,"GAFF 1.81, from gaff-1.81.dat (AmberTools 24.8) X-c1-ca-X (cg as c1)"
c1-cg-ca-cg,0,-1,2,"GAFF 1.81, from gaff-1.81.dat (AmberTools 24.8) X-c1-ca-X (cg as c1)"
c1-cg-ca-ch,0,-1,2,"GAFF 1.81, from gaff-1.81.dat (AmberTools 24.8) X-c1-ca-X (cg as c1)"
c1-cg-ca-ce,0,-1,2,"GAFF 1.81, from gaff-1.81.dat (AmberTools 24.8) X-c1-ca-X (cg as c1)"
c1-cg-ca-cu,0,-1,2,"GAFF 1.81, from gaff-1.81.dat (AmberTools 24.8) X-c1-ca-X (cg as c1)"
c1-cg-ca-c3,0,-1,2,"GAFF 1.81, from gaff-1.81.dat (AmberTools 24.8) X-c1-ca-X (cg as c1)"
c1-cg-ca-hc,0,-1,2,"GAFF 1.81, from gaff-1.81.dat (AmberTools 24.8) X-c1-ca-X (cg as c1)"
c1-cg-cp-ca,0,-1,2,"GAFF 1.81, from gaff-1.81.dat (AmberTools 24.8) X-c1-ca-X (cg as c1, cp as ca)"
c1-cg-cp-ha,0,-1,2,"GAFF 1.81, from gaff-1.81.dat (AmberTools 24.8) X-c1-ca-X (cg as c1, cp as ca)"
c1-cg-cp-cp,0,-1,2,"GAFF 1.81, from gaff-1.81.dat (AmberTools 24.8) X-c1-ca-X (cg as c1, cp as ca)"
c1-cg-cp-c1,0,-1,2,"GAFF 1.81, from gaff-1.81.dat (AmberTools 24.8) X-c1-ca-X (cg as c1, cp as ca)"
c1-cg-cp-cg,0,-1,2,"GAFF 1.81, from gaff-1.81.dat (AmberTools 24.8) X-c1-ca-X (cg as c1, cp as ca)"
c1-cg-cp-ch,0,-1,2,"GAFF 1.81, from gaff-1.81.dat (AmberTools 24.8) X-c1-ca-X (cg as c1, cp as ca)"
c1-cg-cp-ce,0,-1,2,"GAFF 1.81, from gaff-1.81.dat (AmberTools 24.8) X-c1-ca-X (cg as c1, cp as ca)"
c1-cg-cp-cu,0,-1,2,"GAFF 1.81, from gaff-1.81.dat (AmberTools 24.8) X-c1-ca-X (cg as c1, cp as ca)"
c1-cg-cp-c3,0,-1,2,"GAFF 1.81, from gaff-1.81.dat (AmberTools 24.8) X-c1-ca-X (cg as c1, cp as ca)"
c1-cg-cp-hc,0,-1,2,"GAFF 1.81, from gaff-1.81.dat (AmberTools 24.8) X-c1-ca-X (cg as c1, cp as ca)"
c1-cg-c1-ca,0,-1,2,"GAFF 1.81, from gaff-1.81.dat (AmberTools 24.8) X-c1-cg-X"
c1-cg-c1-ha,0,-1,2,"GAFF 1.81, from gaff-1.81.dat (AmberTools 24.8) X-c1-cg-X"
c1-cg-c1-cp,0,-1,2,"GAFF 1.81, from gaff-1.81.dat (AmberTools 24.8) X-c1-cg-X"
c1-cg-c1-c1,0,-1,2,"GAFF 1.81, from gaff-1.81.dat (AmberTools 24.8) X-c1-cg-X"
c1-cg-c1-cg,0,-1,2,"GAFF 1.81, from gaff-1.81.dat (AmberTools 24.8) X-c1-cg-X"
c1-cg-c1-ch,0,-1,2,"GAFF 1.81, from gaff-1.81.dat (AmberTools 24.8) X-c1-cg-X"
c1-cg-c1-ce,0,-1,2,"GAFF 1.81, from gaff-1.81.dat (AmberTools 24.8) X-c1-cg-X"
c1-cg-c1-cu,0,-1,2,"GAFF 1.81, from gaff-1.81.dat (AmberTools 24.8) X-c1-cg-X"
c1-cg-c1-c3,0,-1,2,"GAFF 1.81, from gaff-1.81.dat (AmberTools 24.8) X-c1-cg-X"
c1-cg-c1-hc,0,-1,2,"GAFF 1.81, from gaff-1.81.dat (AmberTools 24.8) X-c1-cg-X"
c1-cg-cg-ca,0,-1,2,"GAFF 1.81, from gaff-1.81.dat (AmberTools 24.8) X-cg-cg-X"
c1-cg-cg-ha,0,-1,2,"GAFF 1.81, from gaff-1.81.dat (AmberTools 24.8) X-cg-cg-X"
c1-cg-cg-cp,0,-1,2,"GAFF 1.81, from gaff-1.81.dat (AmberTools 24.8) X-cg-cg-X"
c1-cg-cg-c1,0,-1,2,"GAFF 1.81, from gaff-1.81.dat (AmberTools 24.8) X-cg-cg-X"
c1-cg-cg-cg,0,-1,2,"GAFF 1.81, from gaff-1.81.dat (AmberTools 24.8) X-cg-cg-X"
c1-cg-cg-ch,0,-1,2,"GAFF 1.81, from gaff-1.81.dat (AmberTools 24.8) X-cg-cg-X"
c1-cg-cg-ce,0,-1,2,"GAFF 1.81, from gaff-1.81.dat (AmberTools 24.8) X-cg-cg-X"
c1-cg-cg-cu,0,-1,2,"GAFF 1.81, from gaff-1.81.dat (AmberTools 24.8) X-cg-cg-X"
c1-cg-cg-c3,0,-1,2,"GAFF 1.81, from gaff-1.81.dat (AmberTools 24.8) X-cg-cg-X"
c1-cg-cg-hc,0,-1,2,"GAFF 1.81, from gaff-1.81.dat (AmberTools 24.8) X-cg-cg-X"
c1-cg-ch-ca,0,-1,2,"GAFF 1.81, from gaff-1.81.dat (AmberTools 24.8) X-cg-ch-X"
c1-cg-ch-ha,0,-1,2,"GAFF 1.81, from gaff-1.81.dat (AmberTools 24.8) X-cg-ch-X"
c1-cg-ch-cp,0,-1,2,"GAFF 1.81, from gaff-1.81.dat (AmberTools 24.8) X-cg-ch-X"
c1-cg-ch-c1,0,-1,2,"GAFF 1.81, from gaff-1.81.dat (AmberTools 24.8) X-cg-ch-X"
c1-cg-ch-cg,0,-1,2,"GAFF 1.81, from gaff-1.81.dat (AmberTools 24.8) X-cg-ch-X"
c1-cg-ch-ch,0,-1,2,"GAFF 1.81, from gaff-1.81.dat (AmberTools 24.8) X-cg-ch-X"
c1-cg-ch-ce,0,-1,2,"GAFF 1.81, from gaff-1.81.dat (AmberTools 24.8) X-cg-ch-X"
c1-cg-ch-cu,0,-1,2,"GAFF 1.81, from gaff-1.81.dat (AmberTools 24.8) X-cg-ch-X"
c1-cg-ch-c3,0,-1,2,"GAFF 1.81, from gaff-1.81.dat (AmberTools 24.8) X-cg-ch-X"
c1-cg-ch-hc,0,-1,2,"GAFF 1.81, from gaff-1.81.dat (AmberTools 24.8) X-cg-ch-X"
c1-cg-ce-ca,0,-1,2,"GAFF 1.81, from gaff-1.81.dat (AmberTools 24.8) X-c1-ce-X (cg as c1)"
c1-cg-ce-ha,0,-1,2,"GAFF 1.81, from gaff-1.81.dat (AmberTools 24.8) X-c1-ce-X (cg as c1)"
c1-cg-ce-cp,0,-1,2,"GAFF 1.81, from gaff-1.81.dat (AmberTools 24.8) X-c1-ce-X (cg as c1)"
c1-cg-ce-c1,0,-1,2,"GAFF 1.81, from gaff-1.81.dat (AmberTools 24.8) X-c1-ce-X (cg as c1)"
c1-cg-ce-cg,0,-1,2,"GAFF 1.81, from gaff-1.81.dat (AmberTools 24.8) X-c1-ce-X (cg as c1)"
c1-cg-ce-ch,0,-1,2,"GAFF 1.81, from gaff-1.81.dat (AmberTools 24.8) X-c1-ce-X (cg as c1)"
c1-cg-ce-ce,0,-1,2,"GAFF 1.81, from gaff-1.81.dat (AmberTools 24.8) X-c1-ce-X (cg as c1)"
c1-cg-ce-cu,0,-1,2,"GAFF 1.81, from gaff-1.81.dat (AmberTools 24.8) X-c1-ce-X (cg as c1)"
c1-cg-ce-c3,0,-1,2,"GAFF 1.81, from gaff-1.81.dat (AmberTools 24.8) X-c1-ce-X (cg as c1)"
c1-cg-ce-hc,0,-1,2,"GAFF 1.81, from gaff-1.81.dat (AmberTools 24.8) X-c1-ce-X (cg as c1)"
c1-cg-cu-ca,0,-1,2,"GAFF 1.81, from gaff-1.81.dat (AmberTools 24.8) X-c1-c1-X (stand-in: *-cg-cu-* as X-c1-c1-X)"
c1-cg-cu-ha,0,-1,2,"GAFF 1.81, from gaff-1.81.dat (AmberTools 24.8) X-c1-c1-X (stand-in: *-cg-cu-* as X-c1-c1-X)"
c1-cg-cu-cp,0,-1,2,"GAFF 1.81, from gaff-1.81.dat (AmberTools 24.8) X-c1-c1-X (stand-in: *-cg-cu-* as X-c1-c1-X)"
c1-cg-cu-c1,0,-1,2,"GAFF 1.81, from gaff-1.81.dat (AmberTools 24.8) X-c1-c1-X (stand-in: *-cg-cu-* as X-c1-c1-X)"
c1-cg-cu-cg,0,-1,2,"GAFF 1.81, from gaff-1.81.dat (AmberTools 24.8) X-c1-c1-X (stand-in: *-cg-cu-* as X-c1-c1-X)"
c1-cg-cu-ch,0,-1,2,"GAFF 1.81, from gaff-1.81.dat (AmberTools 24.8) X-c1-c1-X (stand-in: *-cg-cu-* as X-c1-c1-X)"
c1-cg-cu-ce,0,-1,2,"GAFF 1.81, from gaff-1.81.dat (AmberTools 24.8) X-c1-c1-X (stand-in: *-cg-cu-* as X-c1-c1-X)"
c1-cg-cu-cu,0,-1,2,"GAFF 1.81, from gaff-1.81.dat (AmberTools 24.8) X-c1-c1-X (stand-in: *-cg-cu-* as X-c1-c1-X)"
c1-cg-cu-c3,0,-1,2,"GAFF 1.81, from gaff-1.81.dat (AmberTools 24.8) X-c1-c1-X (stand-in: *-cg-cu-* as X-c1-c1-X)"
c1-cg-cu-hc,0,-1,2,"GAFF 1.81, from gaff-1.81.dat (AmberTools 24.8) X-c1-c1-X (stand-in: *-cg-cu-* as X-c1-c1-X)"
c1-cg-c3-ca,0,-1,2,"GAFF 1.81, from gaff-1.81.dat (AmberTools 24.8) X-c1-c3-X (cg as c1)"
c1-cg-c3-ha,0,-1,2,"GAFF 1.81, from gaff-1.81.dat (AmberTools 24.8) X-c1-c3-X (cg as c1)"
c1-cg-c3-cp,0,-1,2,"GAFF 1.81, from gaff-1.81.dat (AmberTools 24.8) X-c1-c3-X (cg as c1)"
c1-cg-c3-c1,0,-1,2,"GAFF 1.81, from gaff-1.81.dat (AmberTools 24.8) X-c1-c3-X (cg as c1)"
c1-cg-c3-cg,0,-1,2,"GAFF 1.81, from gaff-1.81.dat (AmberTools 24.8) X-c1-c3-X (cg as c1)"
c1-cg-c3-ch,0,-1,2,"GAFF 1.81, from gaff-1.81.dat (AmberTools 24.8) X-c1-c3-X (cg as c1)"
c1-cg-c3-ce,0,-1,2,"GAFF 1.81, from gaff-1.81.dat (AmberTools 24.8) X-c1-c3-X (cg as c1)"
c1-cg-c3-cu,0,-1,2,"GAFF 1.81, from gaff-1.81.dat (AmberTools 24.8) X-c1-c3-X (cg as c1)"
c1-cg-c3-c3,0,-1,2,"GAFF 1.81, from gaff-1.81.dat (AmberTools 24.8) X-c1-c3-X (cg as c1)"
c1-cg-c3-hc,0,-1,2,"GAFF 1.81, from gaff-1.81.dat (AmberTools 24.8) X-c1-c3-X (cg as c1)"
c1-ch-ca-ca,0,-1,2,"GAFF 1.81, from gaff-1.81.dat (AmberTools 24.8) X-c1-ca-X (ch as c1)"
c1-ch-ca-ha,0,-1,2,"GAFF 1.81, from gaff-1.81.dat (AmberTools 24.8) X-c1-ca-X (ch as c1)"
c1-ch-ca-cp,0,-1,2,"GAFF 1.81, from gaff-1.81.dat (AmberTools 24.8) X-c1-ca-X (ch as c1)"
c1-ch-ca-c1,0,-1,2,"GAFF 1.81, from gaff-1.81.dat (AmberTools 24.8) X-c1-ca-X (ch as c1)"
c1-ch-ca-cg,0,-1,2,"GAFF 1.81, from gaff-1.81.dat (AmberTools 24.8) X-c1-ca-X (ch as c1)"
c1-ch-ca-ch,0,-1,2,"GAFF 1.81, from gaff-1.81.dat (AmberTools 24.8) X-c1-ca-X (ch as c1)"
c1-ch-ca-ce,0,-1,2,"GAFF 1.81, from gaff-1.81.dat (AmberTools 24.8) X-c1-ca-X (ch as c1)"
c1-ch-ca-cu,0,-1,2,"GAFF 1.81, from gaff-1.81.dat (AmberTools 24.8) X-c1-ca-X (ch as c1)"
c1-ch-ca-c3,0,-1,2,"GAFF 1.81, from gaff-1.81.dat (AmberTools 24.8) X-c1-ca-X (ch as c1)"
c1-ch-ca-hc,0,-1,2,"GAFF 1.81, from gaff-1.81.dat (AmberTools 24.8) X-c1-ca-X (ch as c1)"
c1-ch-cp-ca,0,-1,2,"GAFF 1.81, from gaff-1.81.dat (AmberTools 24.8) X-c1-ca-X (ch as c1, cp as ca)"
c1-ch-cp-ha,0,-1,2,"GAFF 1.81, from gaff-1.81.dat (AmberTools 24.8) X-c1-ca-X (ch as c1, cp as ca)"
c1-ch-cp-cp,0,-1,2,"GAFF 1.81, from gaff-1.81.dat (AmberTools 24.8) X-c1-ca-X (ch as c1, cp as ca)"
c1-ch-cp-c1,0,-1,2,"GAFF 1.81, from gaff-1.81.dat (AmberTools 24.8) X-c1-ca-X (ch as c1, cp as ca)"
c1-ch-cp-cg,0,-1,2,"GAFF 1.81, from gaff-1.81.dat (AmberTools 24.8) X-c1-ca-X (ch as c1, cp as ca)"
c1-ch-cp-ch,0,-1,2,"GAFF 1.81, from gaff-1.81.dat (AmberTools 24.8) X-c1-ca-X (ch as c1, cp as ca)"
c1-ch-cp-ce,0,-1,2,"GAFF 1.81, from gaff-1.81.dat (AmberTools 24.8) X-c1-ca-X (ch as c1, cp as ca)"
c1-ch-cp-cu,0,-1,2,"GAFF 1.81, from gaff-1.81.dat (AmberTools 24.8) X-c1-ca-X (ch as c1, cp as ca)"
c1-ch-cp-c3,0,-1,2,"GAFF 1.81, from gaff-1.81.dat (AmberTools 24.8) X-c1-ca-X (ch as c1, cp as ca)"
c1-ch-cp-hc,0,-1,2,"GAFF 1.81, from gaff-1.81.dat (AmberTools 24.8) X-c1-ca-X (ch as c1, cp as ca)"
c1-ch-c1-ca,0,-1,2,"GAFF 1.81, from gaff-1.81.dat (AmberTools 24.8) X-c1-ch-X"
c1-ch-c1-ha,0,-1,2,"GAFF 1.81, from gaff-1.81.dat (AmberTools 24.8) X-c1-ch-X"
c1-ch-c1-cp,0,-1,2,"GAFF 1.81, from gaff-1.81.dat (AmberTools 24.8) X-c1-ch-X"
c1-ch-c1-c1,0,-1,2,"GAFF 1.81, from gaff-1.81.dat (AmberTools 24.8) X-c1-ch-X"
c1-ch-c1-cg,0,-1,2,"GAFF 1.81, from gaff-1.81.dat (AmberTools 24.8) X-c1-ch-X"
c1-ch-c1-ch,0,-1,2,"GAFF 1.81, from gaff-1.81.dat (AmberTools 24.8) X-c1-ch-X"
c1-ch-c1-ce,0,-1,2,"GAFF 1.81, from gaff-1.81.dat (AmberTools 24.8) X-c1-ch-X"
c1-ch-c1-cu,0,-1,2,"GAFF 1.81, from gaff-1.81.dat (AmberTools 24.8) X-c1-ch-X"
c1-ch-c1-c3,0,-1,2,"GAFF 1.81, from gaff-1.81.dat (AmberTools 24.8) X-c1-ch-X"
c1-ch-c1-hc,0,-1,2,"GAFF 1.81, from gaff-1.81.dat (AmberTools 24.8) X-c1-ch-X"
c1-ch-cg-ca,0,-1,2,"GAFF 1.81, from gaff-1.81.dat (AmberTools 24.8) X-cg-ch-X"
c1-ch-cg-ha,0,-1,2,"GAFF 1.81, from gaff-1.81.dat (AmberTools 24.8) X-cg-ch-X"
c1-ch-cg-cp,0,-1,2,"GAFF 1.81, from gaff-1.81.dat (AmberTools 24.8) X-cg-ch-X"
c1-ch-cg-c1,0,-1,2,"GAFF 1.81, from gaff-1.81.dat (AmberTools 24.8) X-cg-ch-X"
c1-ch-cg-cg,0,-1,2,"GAFF 1.81, from gaff-1.81.dat (AmberTools 24.8) X-cg-ch-X"
c1-ch-cg-ch,0,-1,2,"GAFF 1.81, from gaff-1.81.dat (AmberTools 24.8) X-cg-ch-X"
c1-ch-cg-ce,0,-1,2,"GAFF 1.81, from gaff-1.81.dat (AmberTools 24.8) X-cg-ch-X"
c1-ch-cg-cu,0,-1,2,"GAFF 1.81, from gaff-1.81.dat (AmberTools 24.8) X-cg-ch-X"
c1-ch-cg-c3,0,-1,2,"GAFF 1.81, from gaff-1.81.dat (AmberTools 24.8) X-cg-ch-X"
c1-ch-cg-hc,0,-1,2,"GAFF 1.81, from gaff-1.81.dat (AmberTools 24.8) X-cg-ch-X"
c1-ch-ch-ca,0,-1,2,"GAFF 1.81, from gaff-1.81.dat (AmberTools 24.8) X-ch-ch-X"
c1-ch-ch-ha,0,-1,2,"GAFF 1.81, from gaff-1.81.dat (AmberTools 24.8) X-ch-ch-X"
c1-ch-ch-cp,0,-1,2,"GAFF 1.81, from gaff-1.81.dat (AmberTools 24.8) X-ch-ch-X"
c1-ch-ch-c1,0,-1,2,"GAFF 1.81, from gaff-1.81.dat (AmberTools 24.8) X-ch-ch-X"
c1-ch-ch-cg,0,-1,2,"GAFF 1.81, from gaff-1.81.dat (AmberTools 24.8) X-ch-ch-X"
c1-ch-ch-ch,0,-1,2,"GAFF 1.81, from gaff-1.81.dat (AmberTools 24.8) X-ch-ch-X"
c1-ch-ch-ce,0,-1,2,"GAFF 1.81, from gaff-1.81.dat (AmberTools 24.8) X-ch-ch-X"
c1-ch-ch-cu,0,-1,2,"GAFF 1.81, from gaff-1.81.dat (AmberTools 24.8) X-ch-ch-X"
c1-ch-ch-c3,0,-1,2,"GAFF 1.81, from gaff-1.81.dat (AmberTools 24.8) X-ch-ch-X"
c1-ch-ch-hc,0,-1,2,"GAFF 1.81, from gaff-1.81.dat (AmberTools 24.8) X-ch-ch-X"
c1-ch-ce-ca,0,-1,2,"GAFF 1.81, from gaff-1.81.dat (AmberTools 24.8) X-c1-ce-X (ch as c1)"
c1-ch-ce-ha,0,-1,2,"GAFF 1.81, from gaff-1.81.dat (AmberTools 24.8) X-c1-ce-X (ch as c1)"
c1-ch-ce-cp,0,-1,2,"GAFF 1.81, from gaff-1.81.dat (AmberTools 24.8) X-c1-ce-X (ch as c1)"
c1-ch-ce-c1,0,-1,2,"GAFF 1.81, from gaff-1.81.dat (AmberTools 24.8) X-c1-ce-X (ch as c1)"
c1-ch-ce-cg,0,-1,2,"GAFF 1.81, from gaff-1.81.dat (AmberTools 24.8) X-c1-ce-X (ch as c1)"
c1-ch-ce-ch,0,-1,2,"GAFF 1.81, from gaff-1.81.dat (AmberTools 24.8) X-c1-ce-X (ch as c1)"
c1-ch-ce-ce,0,-1,2,"GAFF 1.81, from gaff-1.81.dat (AmberTools 24.8) X-c1-ce-X (ch as c1)"
c1-ch-ce-cu,0,-1,2,"GAFF 1.81, from gaff-1.81.dat (AmberTools 24.8) X-c1-ce-X (ch as c1)"
c1-ch-ce-c3,0,-1,2,"GAFF 1.81, from gaff-1.81.dat (AmberTools 24.8) X-c1-ce-X (ch as c1)"
c1-ch-ce-hc,0,-1,2,"GAFF 1.81, from gaff-1.81.dat (AmberTools 24.8) X-c1-ce-X (ch as c1)"
c1-ch-cu-ca,0,-1,2,"GAFF 1.81, from gaff-1.81.dat (AmberTools 24.8) X-c1-c1-X (stand-in: *-ch-cu-* as X-c1-c1-X)"
c1-ch-cu-ha,0,-1,2,"GAFF 1.81, from gaff-1.81.dat (AmberTools 24.8) X-c1-c1-X (stand-in: *-ch-cu-* as X-c1-c1-X)"
c1-ch-cu-cp,0,-1,2,"GAFF 1.81, from gaff-1.81.dat (AmberTools 24.8) X-c1-c1-X (stand-in: *-ch-cu-* as X-c1-c1-X)"
c1-ch-cu-c1,0,-1,2,"GAFF 1.81, from gaff-1.81.dat (AmberTools 24.8) X-c1-c1-X (stand-in: *-ch-cu-* as X-c1-c1-X)"
c1-ch-cu-cg,0,-1,2,"GAFF 1.81, from gaff-1.81.dat (AmberTools 24.8) X-c1-c1-X (stand-in: *-ch-cu-* as X-c1-c1-X)"
c1-ch-cu-ch,0,-1,2,"GAFF 1.81, from gaff-1.81.dat (AmberTools 24.8) X-c1-c1-X (stand-in: *-ch-cu-* as X-c1-c1-X)"
c1-ch-cu-ce,0,-1,2,"GAFF 1.81, from gaff-1.81.dat (AmberTools 24.8) X-c1-c1-X (stand-in: *-ch-cu-* as X-c1-c1-X)"
c1-ch-cu-cu,0,-1,2,"GAFF 1.81, from gaff-1.81.dat (AmberTools 24.8) X-c1-c1-X (stand-in: *-ch-cu-* as X-c1-c1-X)"
c1-ch-cu-c3,0,-1,2,"GAFF 1.81, from gaff-1.81.dat (AmberTools 24.8) X-c1-c1-X (stand-in: *-ch-cu-* as X-c1-c1-X)"
c1-ch-cu-hc,0,-1,2,"GAFF 1.81, from gaff-1.81.dat (AmberTools 24.8) X-c1-c1-X (stand-in: *-ch-cu-* as X-c1-c1-X)"
c1-ch-c3-ca,0,-1,2,"GAFF 1.81, from gaff-1.81.dat (AmberTools 24.8) X-c1-c3-X (ch as c1)"
c1-ch-c3-ha,0,-1,2,"GAFF 1.81, from gaff-1.81.dat (AmberTools 24.8) X-c1-c3-X (ch as c1)"
c1-ch-c3-cp,0,-1,2,"GAFF 1.81, from gaff-1.81.dat (AmberTools 24.8) X-c1-c3-X (ch as c1)"
c1-ch-c3-c1,0,-1,2,"GAFF 1.81, from gaff-1.81.dat (AmberTools 24.8) X-c1-c3-X (ch as c1)"
c1-ch-c3-cg,0,-1,2,"GAFF 1.81, from gaff-1.81.dat (AmberTools 24.8) X-c1-c3-X (ch as c1)"
c1-ch-c3-ch,0,-1,2,"GAFF 1.81, from gaff-1.81.dat (AmberTools 24.8) X-c1-c3-X (ch as c1)"
c1-ch-c3-ce,0,-1,2,"GAFF 1.81, from gaff-1.81.dat (AmberTools 24.8) X-c1-c3-X (ch as c1)"
c1-ch-c3-cu,0,-1,2,"GAFF 1.81, from gaff-1.81.dat (AmberTools 24.8) X-c1-c3-X (ch as c1)"
c1-ch-c3-c3,0,-1,2,"GAFF 1.81, from gaff-1.81.dat (AmberTools 24.8) X-c1-c3-X (ch as c1)"
c1-ch-c3-hc,0,-1,2,"GAFF 1.81, from gaff-1.81.dat (AmberTools 24.8) X-c1-c3-X (ch as c1)"
c1-ce-ca-ca,1.4,-1,2,"GAFF 1.81, from gaff-1.81.dat (AmberTools 24.8) X-c2-ca-X (ce as c2)"
c1-ce-ca-ha,1.4,-1,2,"GAFF 1.81, from gaff-1.81.dat (AmberTools 24.8) X-c2-ca-X (ce as c2)"
c1-ce-ca-cp,1.4,-1,2,"GAFF 1.81, from gaff-1.81.dat (AmberTools 24.8) X-c2-ca-X (ce as c2)"
c1-ce-ca-c1,1.4,-1,2,"GAFF 1.81, from gaff-1.81.dat (AmberTools 24.8) X-c2-ca-X (ce as c2)"
c1-ce-ca-cg,1.4,-1,2,"GAFF 1.81, from gaff-1.81.dat (AmberTools 24.8) X-c2-ca-X (ce as c2)"
c1-ce-ca-ch,1.4,-1,2,"GAFF 1.81, from gaff-1.81.dat (AmberTools 24.8) X-c2-ca-X (ce as c2)"
c1-ce-ca-ce,1.4,-1,2,"GAFF 1.81, from gaff-1.81.dat (AmberTools 24.8) X-c2-ca-X (ce as c2)"
c1-ce-ca-cu,1.4,-1,2,"GAFF 1.81, from gaff-1.81.dat (AmberTools 24.8) X-c2-ca-X (ce as c2)"
c1-ce-ca-c3,1.4,-1,2,"GAFF 1.81, from gaff-1.81.dat (AmberTools 24.8) X-c2-ca-X (ce as c2)"
c1-ce-ca-hc,1.4,-1,2,"GAFF 1.81, from gaff-1.81.dat (AmberTools 24.8) X-c2-ca-X (ce as c2)"
c1-ce-cp-ca,1.4,-1,2,"GAFF 1.81, from gaff-1.81.dat (AmberTools 24.8) X-c2-ca-X (ce as c2, cp as ca)"
c1-ce-cp-ha,1.4,-1,2,"GAFF 1.81, from gaff-1.81.dat (AmberTools 24.8) X-c2-ca-X (ce as c2, cp as ca)"
c1-ce-cp-cp,1.4,-1,2,"GAFF 1.81, from gaff-1.81.dat (AmberTools 24.8) X-c2-ca-X (ce as c2, cp as ca)"
c1-ce-cp-c1,1.4,-1,2,"GAFF 1.81, from gaff-1.81.dat (AmberTools 24.8) X-c2-ca-X (ce as c2, cp as ca)"
c1-ce-cp-cg,1.4,-1,2,"GAFF 1.81, from gaff-1.81.dat (AmberTools 24.8) X-c2-ca-X (ce as c2, cp as ca)"
c1-ce-cp-ch,1.4,-1,2,"GAFF 1.81, from gaff-1.81.dat (AmberTools 24.8) X-c2-ca-X (ce as c2, cp as ca)"
c1-ce-cp-ce,1.4,-1,2,"GAFF 1.81, from gaff-1.81.dat (AmberTools 24.8) X-c2-ca-X (ce as c2, cp as ca)"
c1-ce-cp-cu,1.4,-1,2,"GAFF 1.81, from gaff-1.81.dat (AmberTools 24.8) X-c2-ca-X (ce as c2, cp as ca)"
c1-ce-cp-c3,1.4,-1,2,"GAFF 1.81, from gaff-1.81.dat (AmberTools 24.8) X-c2-ca-X (ce as c2, cp as ca)"
c1-ce-cp-hc,1.4,-1,2,"GAFF 1.81, from gaff-1.81.dat (AmberTools 24.8) X-c2-ca-X (ce as c2, cp as ca)"
c1-ce-c1-ca,0,-1,2,"GAFF 1.81, from gaff-1.81.dat (AmberTools 24.8) X-c1-ce-X"
c1-ce-c1-ha,0,-1,2,"GAFF 1.81, from gaff-1.81.dat (AmberTools 24.8) X-c1-ce-X"
c1-ce-c1-cp,0,-1,2,"GAFF 1.81, from gaff-1.81.dat (AmberTools 24.8) X-c1-ce-X"
c1-ce-c1-c1,0,-1,2,"GAFF 1.81, from gaff-1.81.dat (AmberTools 24.8) X-c1-ce-X"
c1-ce-c1-cg,0,-1,2,"GAFF 1.81, from gaff-1.81.dat (AmberTools 24.8) X-c1-ce-X"
c1-ce-c1-ch,0,-1,2,"GAFF 1.81, from gaff-1.81.dat (AmberTools 24.8) X-c1-ce-X"
c1-ce-c1-ce,0,-1,2,"GAFF 1.81, from gaff-1.81.dat (AmberTools 24.8) X-c1-ce-X"
c1-ce-c1-cu,0,-1,2,"GAFF 1.81, from gaff-1.81.dat (AmberTools 24.8) X-c1-ce-X"
c1-ce-c1-c3,0,-1,2,"GAFF 1.81, from gaff-1.81.dat (AmberTools 24.8) X-c1-ce-X"
c1-ce-c1-hc,0,-1,2,"GAFF 1.81, from gaff-1.81.dat (AmberTools 24.8) X-c1-ce-X"
c1-ce-cg-ca,0,-1,2,"GAFF 1.81, from gaff-1.81.dat (AmberTools 24.8) X-c1-ce-X (cg as c1)"
c1-ce-cg-ha,0,-1,2,"GAFF 1.81, from gaff-1.81.dat (AmberTools 24.8) X-c1-ce-X (cg as c1)"
c1-ce-cg-cp,0,-1,2,"GAFF 1.81, from gaff-1.81.dat (AmberTools 24.8) X-c1-ce-X (cg as c1)"
c1-ce-cg-c1,0,-1,2,"GAFF 1.81, from gaff-1.81.dat (AmberTools 24.8) X-c1-ce-X (cg as c1)"
c1-ce-cg-cg,0,-1,2,"GAFF 1.81, from gaff-1.81.dat (AmberTools 24.8) X-c1-ce-X (cg as c1)"
c1-ce-cg-ch,0,-1,2,"GAFF 1.81, from gaff-1.81.dat (AmberTools 24.8) X-c1-ce-X (cg as c1)"
c1-ce-cg-ce,0,-1,2,"GAFF 1.81, from gaff-1.81.dat (AmberTools 24.8) X-c1-ce-X (cg as c1)"
c1-ce-cg-cu,0,-1,2,"GAFF 1.81, from gaff-1.81.dat (AmberTools 24.8) X-c1-ce-X (cg as c1)"
c1-ce-cg-c3,0,-1,2,"GAFF 1.81, from gaff-1.81.dat (AmberTools 24.8) X-c1-ce-X (cg as c1)"
c1-ce-cg-hc,0,-1,2,"GAFF 1.81, from gaff-1.81.dat (AmberTools 24.8) X-c1-ce-X (cg as c1)"
c1-ce-ch-ca,0,-1,2,"GAFF 1.81, from gaff-1.81.dat (AmberTools 24.8) X-c1-ce-X (ch as c1)"
c1-ce-ch-ha,0,-1,2,"GAFF 1.81, from gaff-1.81.dat (AmberTools 24.8) X-c1-ce-X (ch as c1)"
c1-ce-ch-cp,0,-1,2,"GAFF 1.81, from gaff-1.81.dat (AmberTools 24.8) X-c1-ce-X (ch as c1)"
c1-ce-ch-c1,0,-1,2,"GAFF 1.81, from gaff-1.81.dat (AmberTools 24.8) X-c1-ce-X (ch as c1)"
c1-ce-ch-cg,0,-1,2,"GAFF 1.81, from gaff-1.81.dat (AmberTools 24.8) X-c1-ce-X (ch as c1)"
c1-ce-ch-ch,0,-1,2,"GAFF 1.81, from gaff-1.81.dat (AmberTools 24.8) X-c1-ce-X (ch as c1)"
c1-ce-ch-ce,0,-1,2,"GAFF 1.81, from gaff-1.81.dat (AmberTools 24.8) X-c1-ce-X (ch as c1)"
c1-ce-ch-cu,0,-1,2,"GAFF 1.81, from gaff-1.81.dat (AmberTools 24.8) X-c1-ce-X (ch as c1)"
c1-ce-ch-c3,0,-1,2,"GAFF 1.81, from gaff-1.81.dat (AmberTools 24.8) X-c1-ce-X (ch as c1)"
c1-ce-ch-hc,0,-1,2,"GAFF 1.81, from gaff-1.81.dat (AmberTools 24.8) X-c1-ce-X (ch as c1)"
c1-ce-ce-ca,2,-1,2,"GAFF 1.81, from gaff-1.81.dat (AmberTools 24.8) X-ce-ce-X"
c1-ce-ce-ha,2,-1,2,"GAFF 1.81, from gaff-1.81.dat (AmberTools 24.8) X-ce-ce-X"
c1-ce-ce-cp,2,-1,2,"GAFF 1.81, from gaff-1.81.dat (AmberTools 24.8) X-ce-ce-X"
c1-ce-ce-c1,2,-1,2,"GAFF 1.81, from gaff-1.81.dat (AmberTools 24.8) X-ce-ce-X"
c1-ce-ce-cg,2,-1,2,"GAFF 1.81, from gaff-1.81.dat (AmberTools 24.8) X-ce-ce-X"
c1-ce-ce-ch,2,-1,2,"GAFF 1.81, from gaff-1.81.dat (AmberTools 24.8) X-ce-ce-X"
c1-ce-ce-ce,2,-1,2,"GAFF 1.81, from gaff-1.81.dat (AmberTools 24.8) X-ce-ce-X"
c1-ce-ce-cu,2,-1,2,"GAFF 1.81, from gaff-1.81.dat (AmberTools 24.8) X-ce-ce-X"
c1-ce-ce-c3,2,-1,2,"GAFF 1.81, from gaff-1.81.dat (AmberTools 24.8) X-ce-ce-X"
c1-ce-ce-hc,2,-1,2,"GAFF 1.81, from gaff-1.81.dat (AmberTools 24.8) X-ce-ce-X"
c1-ce-cu-ca,2,-1,2,"GAFF 1.81, from gaff-1.81.dat (AmberTools 24.8) X-cp-cp-X (stand-in: *-ce-cu-* as X-cp-cp-X)"
c1-ce-cu-ha,2,-1,2,"GAFF 1.81, from gaff-1.81.dat (AmberTools 24.8) X-cp-cp-X (stand-in: *-ce-cu-* as X-cp-cp-X)"
c1-ce-cu-cp,2,-1,2,"GAFF 1.81, from gaff-1.81.dat (AmberTools 24.8) X-cp-cp-X (stand-in: *-ce-cu-* as X-cp-cp-X)"
c1-ce-cu-c1,2,-1,2,"GAFF 1.81, from gaff-1.81.dat (AmberTools 24.8) X-cp-cp-X (stand-in: *-ce-cu-* as X-cp-cp-X)"
c1-ce-cu-cg,2,-1,2,"GAFF 1.81, from gaff-1.81.dat (AmberTools 24.8) X-cp-cp-X (stand-in: *-ce-cu-* as X-cp-cp-X)"
c1-ce-cu-ch,2,-1,2,"GAFF 1.81, from gaff-1.81.dat (AmberTools 24.8) X-cp-cp-X (stand-in: *-ce-cu-* as X-cp-cp-X)"
c1-ce-cu-ce,2,-1,2,"GAFF 1.81, from gaff-1.81.dat (AmberTools 24.8) X-cp-cp-X (stand-in: *-ce-cu-* as X-cp-cp-X)"
c1-ce-cu-cu,2,-1,2,"GAFF 1.81, from gaff-1.81.dat (AmberTools 24.8) X-cp-cp-X (stand-in: *-ce-cu-* as X-cp-cp-X)"
c1-ce-cu-c3,2,-1,2,"GAFF 1.81, from gaff-1.81.dat (AmberTools 24.8) X-cp-cp-X (stand-in: *-ce-cu-* as X-cp-cp-X)"
c1-ce-cu-hc,2,-1,2,"GAFF 1.81, from gaff-1.81.dat (AmberTools 24.8) X-cp-cp-X (stand-in: *-ce-cu-* as X-cp-cp-X)"
c1-ce-c3-ca,0,1,2,"GAFF 1.81, from gaff-1.81.dat (AmberTools 24.8) X-c2-c3-X (ce as c2)"
c1-ce-c3-ha,0,1,2,"GAFF 1.81, from gaff-1.81.dat (AmberTools 24.8) X-c2-c3-X (ce as c2)"
c1-ce-c3-cp,0,1,2,"GAFF 1.81, from gaff-1.81.dat (AmberTools 24.8) X-c2-c3-X (ce as c2)"
c1-ce-c3-c1,0,1,2,"GAFF 1.81, from gaff-1.81.dat (AmberTools 24.8) X-c2-c3-X (ce as c2)"
c1-ce-c3-cg,0,1,2,"GAFF 1.81, from gaff-1.81.dat (AmberTools 24.8) X-c2-c3-X (ce as c2)"
c1-ce-c3-ch,0,1,2,"GAFF 1.81, from gaff-1.81.dat (AmberTools 24.8) X-c2-c3-X (ce as c2)"
c1-ce-c3-ce,0,1,2,"GAFF 1.81, from gaff-1.81.dat (AmberTools 24.8) X-c2-c3-X (ce as c2)"
c1-ce-c3-cu,0,1,2,"GAFF 1.81, from gaff-1.81.dat (AmberTools 24.8) X-c2-c3-X (ce as c2)"
c1-ce-c3-c3,0,1,2,"GAFF 1.81, from gaff-1.81.dat (AmberTools 24.8) X-c2-c3-X (ce as c2)"
c1-ce-c3-hc,0,1,2,"GAFF 1.81, from gaff-1.81.dat (AmberTools 24.8) X-c2-c3-X (ce as c2)"
c1-cu-ca-ca,2,-1,2,"GAFF 1.81, from gaff-1.81.dat (AmberTools 24.8) X-cp-cp-X (stand-in: *-ca-cu-* as X-cp-cp-X)"
c1-cu-ca-ha,2,-1,2,"GAFF 1.81, from gaff-1.81.dat (AmberTools 24.8) X-cp-cp-X (stand-in: *-ca-cu-* as X-cp-cp-X)"
c1-cu-ca-cp,2,-1,2,"GAFF 1.81, from gaff-1.81.dat (AmberTools 24.8) X-cp-cp-X (stand-in: *-ca-cu-* as X-cp-cp-X)"
c1-cu-ca-c1,2,-1,2,"GAFF 1.81, from gaff-1.81.dat (AmberTools 24.8) X-cp-cp-X (stand-in: *-ca-cu-* as X-cp-cp-X)"
c1-cu-ca-cg,2,-1,2,"GAFF 1.81, from gaff-1.81.dat (AmberTools 24.8) X-cp-cp-X (stand-in: *-ca-cu-* as X-cp-cp-X)"
c1-cu-ca-ch,2,-1,2,"GAFF 1.81, from gaff-1.81.dat (AmberTools 24.8) X-cp-cp-X (stand-in: *-ca-cu-* as X-cp-cp-X)"
c1-cu-ca-ce,2,-1,2,"GAFF 1.81, from gaff-1.81.dat (AmberTools 24.8) X-cp-cp-X (stand-in: *-ca-cu-* as X-cp-cp-X)"
c1-cu-ca-cu,2,-1,2,"GAFF 1.81, from gaff-1.81.dat (AmberTools 24.8) X-cp-cp-X (stand-in: *-ca-cu-* as X-cp-cp-X)"
c1-cu-ca-c3,2,-1,2,"GAFF 1.81, from gaff-1.81.dat (AmberTools 24.8) X-cp-cp-X (stand-in: *-ca-cu-* as X-cp-cp-X)"
c1-cu-ca-hc,2,-1,2,"GAFF 1.81, from gaff-1.81.dat (AmberTools 24.8) X-cp-cp-X (stand-in: *-ca-cu-* as X-cp-cp-X)"
c1-cu-cp-ca,2,-1,2,"GAFF 1.81, from gaff-1.81.dat (AmberTools 24.8) X-cp-cp-X (stand-in: *-cp-cu-* as X-cp-cp-X)"
c1-cu-cp-ha,2,-1,2,"GAFF 1.81, from gaff-1.81.dat (AmberTools 24.8) X-cp-cp-X (stand-in: *-cp-cu-* as X-cp-cp-X)"
c1-cu-cp-cp,2,-1,2,"GAFF 1.81, from gaff-1.81.dat (AmberTools 24.8) X-cp-cp-X (stand-in: *-cp-cu-* as X-cp-cp-X)"
c1-cu-cp-c1,2,-1,2,"GAFF 1.81, from gaff-1.81.dat (AmberTools 24.8) X-cp-cp-X (stand-in: *-cp-cu-* as X-cp-cp-X)"
c1-cu-cp-cg,2,-1,2,"GAFF 1.81, from gaff-1.81.dat (AmberTools 24.8) X-cp-cp-X (stand-in: *-cp-cu-* as X-cp-cp-X)"
c1-cu-cp-ch,2,-1,2,"GAFF 1.81, from gaff-1.81.dat (AmberTools 24.8) X-cp-cp-X (stand-in: *-cp-cu-* as X-cp-cp-X)"
c1-cu-cp-ce,2,-1,2,"GAFF 1.81, from gaff-1.81.dat (AmberTools 24.8) X-cp-cp-X (stand-in: *-cp-cu-* as X-cp-cp-X)"
c1-cu-cp-cu,2,-1,2,"GAFF 1.81, from gaff-1.81.dat (AmberTools 24.8) X-cp-cp-X (stand-in: *-cp-cu-* as X-cp-cp-X)"
c1-cu-cp-c3,2,-1,2,"GAFF 1.81, from gaff-1.81.dat (AmberTools 24.8) X-cp-cp-X (stand-in: *-cp-cu-* as X-cp-cp-X)"
c1-cu-cp-hc,2,-1,2,"GAFF 1.81, from gaff-1.81.dat (AmberTools 24.8) X-cp-cp-X (stand-in: *-cp-cu-* as X-cp-cp-X)"
c1-cu-c1-ca,0,-1,2,"GAFF 1.81, from gaff-1.81.dat (AmberTools 24.8) X-c1-cu-X"
c1-cu-c1-ha,0,-1,2,"GAFF 1.81, from gaff-1.81.dat (AmberTools 24.8) X-c1-cu-X"
c1-cu-c1-cp,0,-1,2,"GAFF 1.81, from gaff-1.81.dat (AmberTools 24.8) X-c1-cu-X"
c1-cu-c1-c1,0,-1,2,"GAFF 1.81, from gaff-1.81.dat (AmberTools 24.8) X-c1-cu-X"
c1-cu-c1-cg,0,-1,2,"GAFF 1.81, from gaff-1.81.dat (AmberTools 24.8) X-c1-cu-X"
c1-cu-c1-ch,0,-1,2,"GAFF 1.81, from gaff-1.81.dat (AmberTools 24.8) X-c1-cu-X"
c1-cu-c1-ce,0,-1,2,"GAFF 1.81, from gaff-1.81.dat (AmberTools 24.8) X-c1-cu-X"
c1-cu-c1-cu,0,-1,2,"GAFF 1.81, from gaff-1.81.dat (AmberTools 24.8) X-c1-cu-X"
c1-cu-c1-c3,0,-1,2,"GAFF 1.81, from gaff-1.81.dat (AmberTools 24.8) X-c1-cu-X"
c1-cu-c1-hc,0,-1,2,"GAFF 1.81, from gaff-1.81.dat (AmberTools 24.8) X-c1-cu-X"
c1-cu-cg-ca,0,-1,2,"GAFF 1.81, from gaff-1.81.dat (AmberTools 24.8) X-c1-c1-X (stand-in: *-cg-cu-* as X-c1-c1-X)"
c1-cu-cg-ha,0,-1,2,"GAFF 1.81, from gaff-1.81.dat (AmberTools 24.8) X-c1-c1-X (stand-in: *-cg-cu-* as X-c1-c1-X)"
c1-cu-cg-cp,0,-1,2,"GAFF 1.81, from gaff-1.81.dat (AmberTools 24.8) X-c1-c1-X (stand-in: *-cg-cu-* as X-c1-c1-X)"
c1-cu-cg-c1,0,-1,2,"GAFF 1.81, from gaff-1.81.dat (AmberTools 24.8) X-c1-c1-X (stand-in: *-cg-cu-* as X-c1-c1-X)"
c1-cu-cg-cg,0,-1,2,"GAFF 1.81, from gaff-1.81.dat (AmberTools 24.8) X-c1-c1-X (stand-in: *-cg-cu-* as X-c1-c1-X)"
c1-cu-cg-ch,0,-1,2,"GAFF 1.81, from gaff-1.81.dat (AmberTools 24.8) X-c1-c1-X (stand-in: *-cg-cu-* as X-c1-c1-X)"
c1-cu-cg-ce,0,-1,2,"GAFF 1.81, from gaff-1.81.dat (AmberTools 24.8) X-c1-c1-X (stand-in: *-cg-cu-* as X-c1-c1-X)"
c1-cu-cg-cu,0,-1,2,"GAFF 1.81, from gaff-1.81.dat (AmberTools 24.8) X-c1-c1-X (stand-in: *-cg-cu-* as X-c1-c1-X)"
c1-cu-cg-c3,0,-1,2,"GAFF 1.81, from gaff-1.81.dat (AmberTools 24.8) X-c1-c1-X (stand-in: *-cg-cu-* as X-c1-c1-X)"
c1-cu-cg-hc,0,-1,2,"GAFF 1.81, from gaff-1.81.dat (AmberTools 24.8) X-c1-c1-X (stand-in: *-cg-cu-* as X-c1-c1-X)"
c1-cu-ch-ca,0,-1,2,"GAFF 1.81, from gaff-1.81.dat (AmberTools 24.8) X-c1-c1-X (stand-in: *-ch-cu-* as X-c1-c1-X)"
c1-cu-ch-ha,0,-1,2,"GAFF 1.81, from gaff-1.81.dat (AmberTools 24.8) X-c1-c1-X (stand-in: *-ch-cu-* as X-c1-c1-X)"
c1-cu-ch-cp,0,-1,2,"GAFF 1.81, from gaff-1.81.dat (AmberTools 24.8) X-c1-c1-X (stand-in: *-ch-cu-* as X-c1-c1-X)"
c1-cu-ch-c1,0,-1,2,"GAFF 1.81, from gaff-1.81.dat (AmberTools 24.8) X-c1-c1-X (stand-in: *-ch-cu-* as X-c1-c1-X)"
c1-cu-ch-cg,0,-1,2,"GAFF 1.81, from gaff-1.81.dat (AmberTools 24.8) X-c1-c1-X (stand-in: *-ch-cu-* as X-c1-c1-X)"
c1-cu-ch-ch,0,-1,2,"GAFF 1.81, from gaff-1.81.dat (AmberTools 24.8) X-c1-c1-X (stand-in: *-ch-cu-* as X-c1-c1-X)"
c1-cu-ch-ce,0,-1,2,"GAFF 1.81, from gaff-1.81.dat (AmberTools 24.8) X-c1-c1-X (stand-in: *-ch-cu-* as X-c1-c1-X)"
c1-cu-ch-cu,0,-1,2,"GAFF 1.81, from gaff-1.81.dat (AmberTools 24.8) X-c1-c1-X (stand-in: *-ch-cu-* as X-c1-c1-X)"
c1-cu-ch-c3,0,-1,2,"GAFF 1.81, from gaff-1.81.dat (AmberTools 24.8) X-c1-c1-X (stand-in: *-ch-cu-* as X-c1-c1-X)"
c1-cu-ch-hc,0,-1,2,"GAFF 1.81, from gaff-1.81.dat (AmberTools 24.8) X-c1-c1-X (stand-in: *-ch-cu-* as X-c1-c1-X)"
c1-cu-ce-ca,2,-1,2,"GAFF 1.81, from gaff-1.81.dat (AmberTools 24.8) X-cp-cp-X (stand-in: *-ce-cu-* as X-cp-cp-X)"
c1-cu-ce-ha,2,-1,2,"GAFF 1.81, from gaff-1.81.dat (AmberTools 24.8) X-cp-cp-X (stand-in: *-ce-cu-* as X-cp-cp-X)"
c1-cu-ce-cp,2,-1,2,"GAFF 1.81, from gaff-1.81.dat (AmberTools 24.8) X-cp-cp-X (stand-in: *-ce-cu-* as X-cp-cp-X)"
c1-cu-ce-c1,2,-1,2,"GAFF 1.81, from gaff-1.81.dat (AmberTools 24.8) X-cp-cp-X (stand-in: *-ce-cu-* as X-cp-cp-X)"
c1-cu-ce-cg,2,-1,2,"GAFF 1.81, from gaff-1.81.dat (AmberTools 24.8) X-cp-cp-X (stand-in: *-ce-cu-* as X-cp-cp-X)"
c1-cu-ce-ch,2,-1,2,"GAFF 1.81, from gaff-1.81.dat (AmberTools 24.8) X-cp-cp-X (stand-in: *-ce-cu-* as X-cp-cp-X)"
c1-cu-ce-ce,2,-1,2,"GAFF 1.81, from gaff-1.81.dat (AmberTools 24.8) X-cp-cp-X (stand-in: *-ce-cu-* as X-cp-cp-X)"
c1-cu-ce-cu,2,-1,2,"GAFF 1.81, from gaff-1.81.dat (AmberTools 24.8) X-cp-cp-X (stand-in: *-ce-cu-* as X-cp-cp-X)"
c1-cu-ce-c3,2,-1,2,"GAFF 1.81, from gaff-1.81.dat (AmberTools 24.8) X-cp-cp-X (stand-in: *-ce-cu-* as X-cp-cp-X)"
c1-cu-ce-hc,2,-1,2,"GAFF 1.81, from gaff-1.81.dat (AmberTools 24.8) X-cp-cp-X (stand-in: *-ce-cu-* as X-cp-cp-X)"
c1-cu-cu-ca,2,-1,2,"GAFF 1.81, from gaff-1.81.dat (AmberTools 24.8) X-ce-ce-X (cu as ce)"
c1-cu-cu-ha,2,-1,2,"GAFF 1.81, from gaff-1.81.dat (AmberTools 24.8) X-ce-ce-X (cu as ce)"
c1-cu-cu-cp,2,-1,2,"GAFF 1.81, from gaff-1.81.dat (AmberTools 24.8) X-ce-ce-X (cu as ce)"
c1-cu-cu-c1,2,-1,2,"GAFF 1.81, from gaff-1.81.dat (AmberTools 24.8) X-ce-ce-X (cu as ce)"
c1-cu-cu-cg,2,-1,2,"GAFF 1.81, from gaff-1.81.dat (AmberTools 24.8) X-ce-ce-X (cu as ce)"
c1-cu-cu-ch,2,-1,2,"GAFF 1.81, from gaff-1.81.dat (AmberTools 24.8) X-ce-ce-X (cu as ce)"
c1-cu-cu-ce,2,-1,2,"GAFF 1.81, from gaff-1.81.dat (AmberTools 24.8) X-ce-ce-X (cu as ce)"
c1-cu-cu-cu,2,-1,2,"GAFF 1.81, from gaff-1.81.dat (AmberTools 24.8) X-ce-ce-X (cu as ce)"
c1-cu-cu-c3,2,-1,2,"GAFF 1.81, from gaff-1.81.dat (AmberTools 24.8) X-ce-ce-X (cu as ce)"
c1-cu-cu-hc,2,-1,2,"GAFF 1.81, from gaff-1.81.dat (AmberTools 24.8) X-ce-ce-X (cu as ce)"
c1-cu-c3-ca,0,1,2,"GAFF 1.81, from gaff-1.81.dat (AmberTools 24.8) X-c2-c3-X (stand-in: *-c3-cu-* as X-c2-c3-X)"
c1-cu-c3-ha,0,1,2,"GAFF 1.81, from gaff-1.81.dat (AmberTools 24.8) X-c2-c3-X (stand-in: *-c3-cu-* as X-c2-c3-X)"
c1-cu-c3-cp,0,1,2,"GAFF 1.81, from gaff-1.81.dat (AmberTools 24.8) X-c2-c3-X (stand-in: *-c3-cu-* as X-c2-c3-X)"
c1-cu-c3-c1,0,1,2,"GAFF 1.81, from gaff-1.81.dat (AmberTools 24.8) X-c2-c3-X (stand-in: *-c3-cu-* as X-c2-c3-X)"
c1-cu-c3-cg,0,1,2,"GAFF 1.81, from gaff-1.81.dat (AmberTools 24.8) X-c2-c3-X (stand-in: *-c3-cu-* as X-c2-c3-X)"
c1-cu-c3-ch,0,1,2,"GAFF 1.81, from gaff-1.81.dat (AmberTools 24.8) X-c2-c3-X (stand-in: *-c3-cu-* as X-c2-c3-X)"
c1-cu-c3-ce,0,1,2,"GAFF 1.81, from gaff-1.81.dat (AmberTools 24.8) X-c2-c3-X (stand-in: *-c3-cu-* as X-c2-c3-X)"
c1-cu-c3-cu,0,1,2,"GAFF 1.81, from gaff-1.81.dat (AmberTools 24.8) X-c2-c3-X (stand-in: *-c3-cu-* as X-c2-c3-X)"
c1-cu-c3-c3,0,1,2,"GAFF 1.81, from gaff-1.81.dat (AmberTools 24.8) X-c2-c3-X (stand-in: *-c3-cu-* as X-c2-c3-X)"
c1-cu-c3-hc,0,1,2,"GAFF 1.81, from gaff-1.81.dat (AmberTools 24.8) X-c2-c3-X (stand-in: *-c3-cu-* as X-c2-c3-X)"
c1-c3-ca-ca,0,1,2,"GAFF 1.81, from gaff-1.81.dat (AmberTools 24.8) X-c3-ca-X"
c1-c3-ca-ha,0,1,2,"GAFF 1.81, from gaff-1.81.dat (AmberTools 24.8) X-c3-ca-X"
c1-c3-ca-cp,0,1,2,"GAFF 1.81, from gaff-1.81.dat (AmberTools 24.8) X-c3-ca-X"
c1-c3-ca-c1,0,1,2,"GAFF 1.81, from gaff-1.81.dat (AmberTools 24.8) X-c3-ca-X"
c1-c3-ca-cg,0,1,2,"GAFF 1.81, from gaff-1.81.dat (AmberTools 24.8) X-c3-ca-X"
c1-c3-ca-ch,0,1,2,"GAFF 1.81, from gaff-1.81.dat (AmberTools 24.8) X-c3-ca-X"
c1-c3-ca-ce,0,1,2,"GAFF 1.81, from gaff-1.81.dat (AmberTools 24.8) X-c3-ca-X"
c1-c3-ca-cu,0,1,2,"GAFF 1.81, from gaff-1.81.dat (AmberTools 24.8) X-c3-ca-X"
c1-c3-ca-c3,0,1,2,"GAFF 1.81, from gaff-1.81.dat (AmberTools 24.8) X-c3-ca-X"
c1-c3-ca-hc,0,1,2,"GAFF 1.81, from gaff-1.81.dat (AmberTools 24.8) X-c3-ca-X"
c1-c3-cp-ca,0,1,2,"GAFF 1.81, from gaff-1.81.dat (AmberTools 24.8) X-c3-ca-X (cp as ca)"
c1-c3-cp-ha,0,1,2,"GAFF 1.81, from gaff-1.81.dat (AmberTools 24.8) X-c3-ca-X (cp as ca)"
c1-c3-cp-cp,0,1,2,"GAFF 1.81, from gaff-1.81.dat (AmberTools 24.8) X-c3-ca-X (cp as ca)"
c1-c3-cp-c1,0,1,2,"GAFF 1.81, from gaff-1.81.dat (AmberTools 24.8) X-c3-ca-X (cp as ca)"
c1-c3-cp-cg,0,1,2,"GAFF 1.81, from gaff-1.81.dat (AmberTools 24.8) X-c3-ca-X (cp as ca)"
c1-c3-cp-ch,0,1,2,"GAFF 1.81, from gaff-1.81.dat (AmberTools 24.8) X-c3-ca-X (cp as ca)"
c1-c3-cp-ce,0,1,2,"GAFF 1.81, from gaff-1.81.dat (AmberTools 24.8) X-c3-ca-X (cp as ca)"
c1-c3-cp-cu,0,1,2,"GAFF 1.81, from gaff-1.81.dat (AmberTools 24.8) X-c3-ca-X (cp as ca)"
c1-c3-cp-c3,0,1,2,"GAFF 1.81, from gaff-1.81.dat (AmberTools 24.8) X-c3-ca-X (cp as ca)"
c1-c3-cp-hc,0,1,2,"GAFF 1.81, from gaff-1.81.dat (AmberTools 24.8) X-c3-ca-X (cp as ca)"
c1-c3-c1-ca,0,-1,2,"GAFF 1.81, from gaff-1.81.dat (AmberTools 24.8) X-c1-c3-X"
c1-c3-c1-ha,0,-1,2,"GAFF 1.81, from gaff-1.81.dat (AmberTools 24.8) X-c1-c3-X"
c1-c3-c1-cp,0,-1,2,"GAFF 1.81, from gaff-1.81.dat (AmberTools 24.8) X-c1-c3-X"
c1-c3-c1-c1,0,-1,2,"GAFF 1.81, from gaff-1.81.dat (AmberTools 24.8) X-c1-c3-X"
c1-c3-c1-cg,0,-1,2,"GAFF 1.81, from gaff-1.81.dat (AmberTools 24.8) X-c1-c3-X"
c1-c3-c1-ch,0,-1,2,"GAFF 1.81, from gaff-1.81.dat (AmberTools 24.8) X-c1-c3-X"
c1-c3-c1-ce,0,-1,2,"GAFF 1.81, from gaff-1.81.dat (AmberTools 24.8) X-c1-c3-X"
c1-c3-c1-cu,0,-1,2,"GAFF 1.81, from gaff-1.81.dat (AmberTools 24.8) X-c1-c3-X"
c1-c3-c1-c3,0,-1,2,"GAFF 1.81, from gaff-1.81.dat (AmberTools 24.8) X-c1-c3-X"
c1-c3-c1-hc,0,-1,2,"GAFF 1.81, from gaff-1.81.dat (AmberTools 24.8) X-c1-c3-X"
c1-c3-cg-ca,0,-1,2,"GAFF 1.81, from gaff-1.81.dat (AmberTools 24.8) X-c1-c3-X (cg as c1)"
c1-c3-cg-ha,0,-1,2,"GAFF 1.81, from gaff-1.81.dat (AmberTools 24.8) X-c1-c3-X (cg as c1)"
c1-c3-cg-cp,0,-1,2,"GAFF 1.81, from gaff-1.81.dat (AmberTools 24.8) X-c1-c3-X (cg as c1)"
c1-c3-cg-c1,0,-1,2,"GAFF 1.81, from gaff-1.81.dat (AmberTools 24.8) X-c1-c3-X (cg as c1)"
c1-c3-cg-cg,0,-1,2,"GAFF 1.81, from gaff-1.81.dat (AmberTools 24.8) X-c1-c3-X (cg as c1)"
c1-c3-cg-ch,0,-1,2,"GAFF 1.81, from gaff-1.81.dat (AmberTools 24.8) X-c1-c3-X (cg as c1)"
c1-c3-cg-ce,0,-1,2,"GAFF 1.81, from gaff-1.81.dat (AmberTools 24.8) X-c1-c3-X (cg as c1)"
c1-c3-cg-cu,0,-1,2,"GAFF 1.81, from gaff-1.81.dat (AmberTools 24.8) X-c1-c3-X (cg as c1)"
c1-c3-cg-c3,0,-1,2,"GAFF 1.81, from gaff-1.81.dat (AmberTools 24.8) X-c1-c3-X (cg as c1)"
c1-c3-cg-hc,0,-1,2,"GAFF 1.81, from gaff-1.81.dat (AmberTools 24.8) X-c1-c3-X (cg as c1)"
c1-c3-ch-ca,0,-1,2,"GAFF 1.81, from gaff-1.81.dat (AmberTools 24.8) X-c1-c3-X (ch as c1)"
c1-c3-ch-ha,0,-1,2,"GAFF 1.81, from gaff-1.81.dat (AmberTools 24.8) X-c1-c3-X (ch as c1)"
c1-c3-ch-cp,0,-1,2,"GAFF 1.81, from gaff-1.81.dat (AmberTools 24.8) X-c1-c3-X (ch as c1)"
c1-c3-ch-c1,0,-1,2,"GAFF 1.81, from gaff-1.81.dat (AmberTools 24.8) X-c1-c3-X (ch as c1)"
c1-c3-ch-cg,0,-1,2,"GAFF 1.81, from gaff-1.81.dat (AmberTools 24.8) X-c1-c3-X (ch as c1)"
c1-c3-ch-ch,0,-1,2,"GAFF 1.81, from gaff-1.81.dat (AmberTools 24.8) X-c1-c3-X (ch as c1)"
c1-c3-ch-ce,0,-1,2,"GAFF 1.81, from gaff-1.81.dat (AmberTools 24.8) X-c1-c3-X (ch as c1)"
c1-c3-ch-cu,0,-1,2,"GAFF 1.81, from gaff-1.81.dat (AmberTools 24.8) X-c1-c3-X (ch as c1)"
c1-c3-ch-c3,0,-1,2,"GAFF 1.81, from gaff-1.81.dat (AmberTools 24.8) X-c1-c3-X (ch as c1)"
c1-c3-ch-hc,0,-1,2,"GAFF 1.81, from gaff-1.81.dat (AmberTools 24.8) X-c1-c3-X (ch as c1)"
c1-c3-ce-ca,0,1,2,"GAFF 1.81, from gaff-1.81.dat (AmberTools 24.8) X-c2-c3-X (ce as c2)"
c1-c3-ce-ha,0,1,2,"GAFF 1.81, from gaff-1.81.dat (AmberTools 24.8) X-c2-c3-X (ce as c2)"
c1-c3-ce-cp,0,1,2,"GAFF 1.81, from gaff-1.81.dat (AmberTools 24.8) X-c2-c3-X (ce as c2)"
c1-c3-ce-c1,0,1,2,"GAFF 1.81, from gaff-1.81.dat (AmberTools 24.8) X-c2-c3-X (ce as c2)"
c1-c3-ce-cg,0,1,2,"GAFF 1.81, from gaff-1.81.dat (AmberTools 24.8) X-c2-c3-X (ce as c2)"
c1-c3-ce-ch,0,1,2,"GAFF 1.81, from gaff-1.81.dat (AmberTools 24.8) X-c2-c3-X (ce as c2)"
c1-c3-ce-ce,0,1,2,"GAFF 1.81, from gaff-1.81.dat (AmberTools 24.8) X-c2-c3-X (ce as c2)"
c1-c3-ce-cu,0,1,2,"GAFF 1.81, from gaff-1.81.dat (AmberTools 24.8) X-c2-c3-X (ce as c2)"
c1-c3-ce-c3,0,1,2,"GAFF 1.81, from gaff-1.81.dat (AmberTools 24.8) X-c2-c3-X (ce as c2)"
c1-c3-ce-hc,0,1,2,"GAFF 1.81, from gaff-1.81.dat (AmberTools 24.8) X-c2-c3-X (ce as c2)"
c1-c3-cu-ca,0,1,2,"GAFF 1.81, from gaff-1.81.dat (AmberTools 24.8) X-c2-c3-X (stand-in: *-c3-cu-* as X-c2-c3-X)"
c1-c3-cu-ha,0,1,2,"GAFF 1.81, from gaff-1.81.dat (AmberTools 24.8) X-c2-c3-X (stand-in: *-c3-cu-* as X-c2-c3-X)"
c1-c3-cu-cp,0,1,2,"GAFF 1.81, from gaff-1.81.dat (AmberTools 24.8) X-c2-c3-X (stand-in: *-c3-cu-* as X-c2-c3-X)"
c1-c3-cu-c1,0,1,2,"GAFF 1.81, from gaff-1.81.dat (AmberTools 24.8) X-c2-c3-X (stand-in: *-c3-cu-* as X-c2-c3-X)"
c1-c3-cu-cg,0,1,2,"GAFF 1.81, from gaff-1.81.dat (AmberTools 24.8) X-c2-c3-X (stand-in: *-c3-cu-* as X-c2-c3-X)"
c1-c3-cu-ch,0,1,2,"GAFF 1.81, from gaff-1.81.dat (AmberTools 24.8) X-c2-c3-X (stand-in: *-c3-cu-* as X-c2-c3-X)"
c1-c3-cu-ce,0,1,2,"GAFF 1.81, from gaff-1.81.dat (AmberTools 24.8) X-c2-c3-X (stand-in: *-c3-cu-* as X-c2-c3-X)"
c1-c3-cu-cu,0,1,2,"GAFF 1.81, from gaff-1.81.dat (AmberTools 24.8) X-c2-c3-X (stand-in: *-c3-cu-* as X-c2-c3-X)"
c1-c3-cu-c3,0,1,2,"GAFF 1.81, from gaff-1.81.dat (AmberTools 24.8) X-c2-c3-X (stand-in: *-c3-cu-* as X-c2-c3-X)"
c1-c3-cu-hc,0,1,2,"GAFF 1.81, from gaff-1.81.dat (AmberTools 24.8) X-c2-c3-X (stand-in: *-c3-cu-* as X-c2-c3-X)"
c1-c3-c3-ca,0.311111,1,3,"GAFF 1.81, from gaff-1.81.dat (AmberTools 24.8) X-c3-c3-X"
c1-c3-c3-ha,0.311111,1,3,"GAFF 1.81, from gaff-1.81.dat (AmberTools 24.8) X-c3-c3-X"
c1-c3-c3-cp,0.311111,1,3,"GAFF 1.81, from gaff-1.81.dat (AmberTools 24.8) X-c3-c3-X"
c1-c3-c3-c1,0.311111,1,3,"GAFF 1.81, from gaff-1.81.dat (AmberTools 24.8) X-c3-c3-X"
c1-c3-c3-cg,0.311111,1,3,"GAFF 1.81, from gaff-1.81.dat (AmberTools 24.8) X-c3-c3-X"
c1-c3-c3-ch,0.311111,1,3,"GAFF 1.81, from gaff-1.81.dat (AmberTools 24.8) X-c3-c3-X"
c1-c3-c3-ce,0.311111,1,3,"GAFF 1.81, from gaff-1.81.dat (AmberTools 24.8) X-c3-c3-X"
c1-c3-c3-cu,0.311111,1,3,"GAFF 1.81, from gaff-1.81.dat (AmberTools 24.8) X-c3-c3-X"
c1-c3-c3-c3,0.311111,1,3,"GAFF 1.81, from gaff-1.81.dat (AmberTools 24.8) X-c3-c3-X"
c1-c3-c3-hc,0.311111,1,3,"GAFF 1.81, from gaff-1.81.dat (AmberTools 24.8) X-c3-c3-X"
cg-ca-ca-ca,7.25,-1,2,"GAFF 1.81, from gaff-1.81.dat (AmberTools 24.8) X-ca-ca-X"
cg-ca-ca-ha,7.25,-1,2,"GAFF 1.81, from gaff-1.81.dat (AmberTools 24.8) X-ca-ca-X"
cg-ca-ca-cp,7.25,-1,2,"GAFF 1.81, from gaff-1.81.dat (AmberTools 24.8) X-ca-ca-X"
cg-ca-ca-c1,7.25,-1,2,"GAFF 1.81, from gaff-1.81.dat (AmberTools 24.8) X-ca-ca-X"
cg-ca-ca-cg,7.25,-1,2,"GAFF 1.81, from gaff-1.81.dat (AmberTools 24.8) X-ca-ca-X"
cg-ca-ca-ch,7.25,-1,2,"GAFF 1.81, from gaff-1.81.dat (AmberTools 24.8) X-ca-ca-X"
cg-ca-ca-ce,7.25,-1,2,"GAFF 1.81, from gaff-1.81.dat (AmberTools 24.8) X-ca-ca-X"
cg-ca-ca-cu,7.25,-1,2,"GAFF 1.81, from gaff-1.81.dat (AmberTools 24.8) X-ca-ca-X"
cg-ca-ca-c3,7.25,-1,2,"GAFF 1.81, from gaff-1.81.dat (AmberTools 24.8) X-ca-ca-X"
cg-ca-ca-hc,7.25,-1,2,"GAFF 1.81, from gaff-1.81.dat (AmberTools 24.8) X-ca-ca-X"
cg-ca-cp-ca,7.25,-1,2,"GAFF 1.81, from gaff-1.81.dat (AmberTools 24.8) X-ca-cp-X"
cg-ca-cp-ha,7.25,-1,2,"GAFF 1.81, from gaff-1.81.dat (AmberTools 24.8) X-ca-cp-X"
cg-ca-cp-cp,7.25,-1,2,"GAFF 1.81, from gaff-1.81.dat (AmberTools 24.8) X-ca-cp-X"
cg-ca-cp-c1,7.25,-1,2,"GAFF 1.81, from gaff-1.81.dat (AmberTools 24.8) X-ca-cp-X"
cg-ca-cp-cg,7.25,-1,2,"GAFF 1.81, from gaff-1.81.dat (AmberTools 24.8) X-ca-cp-X"
cg-ca-cp-ch,7.25,-1,2,"GAFF 1.81, from gaff-1.81.dat (AmberTools 24.8) X-ca-cp-X"
cg-ca-cp-ce,7.25,-1,2,"GAFF 1.81, from gaff-1.81.dat (AmberTools 24.8) X-ca-cp-X"
cg-ca-cp-cu,7.25,-1,2,"GAFF 1.81, from gaff-1.81.dat (AmberTools 24.8) X-ca-cp-X"
cg-ca-cp-c3,7.25,-1,2,"GAFF 1.81, from gaff-1.81.dat (AmberTools 24.8) X-ca-cp-X"
cg-ca-cp-hc,7.25,-1,2,"GAFF 1.81, from gaff-1.81.dat (AmberTools 24.8) X-ca-cp-X"
cg-ca-c1-ca,0,-1,2,"GAFF 1.81, from gaff-1.81.dat (AmberTools 24.8) X-c1-ca-X"
cg-ca-c1-ha,0,-1,2,"GAFF 1.81, from gaff-1.81.dat (AmberTools 24.8) X-c1-ca-X"
cg-ca-c1-cp,0,-1,2,"GAFF 1.81, from gaff-1.81.dat (AmberTools 24.8) X-c1-ca-X"
cg-ca-c1-c1,0,-1,2,"GAFF 1.81, from gaff-1.81.dat (AmberTools 24.8) X-c1-ca-X"
cg-ca-c1-cg,0,-1,2,"GAFF 1.81, from gaff-1.81.dat (AmberTools 24.8) X-c1-ca-X"
cg-ca-c1-ch,0,-1,2,"GAFF 1.81, from gaff-1.81.dat (AmberTools 24.8) X-c1-ca-X"
cg-ca-c1-ce,0,-1,2,"GAFF 1.81, from gaff-1.81.dat (AmberTools 24.8) X-c1-ca-X"
cg-ca-c1-cu,0,-1,2,"GAFF 1.81, from gaff-1.81.dat (AmberTools 24.8) X-c1-ca-X"
cg-ca-c1-c3,0,-1,2,"GAFF 1.81, from gaff-1.81.dat (AmberTools 24.8) X-c1-ca-X"
cg-ca-c1-hc,0,-1,2,"GAFF 1.81, from gaff-1.81.dat (AmberTools 24.8) X-c1-ca-X"
cg-ca-cg-ca,0,-1,2,"GAFF 1.81, from gaff-1.81.dat (AmberTools 24.8) X-c1-ca-X (cg as c1)"
cg-ca-cg-ha,0,-1,2,"GAFF 1.81, from gaff-1.81.dat (AmberTools 24.8) X-c1-ca-X (cg as c1)"
cg-ca-cg-cp,0,-1,2,"GAFF 1.81, from gaff-1.81.dat (AmberTools 24.8) X-c1-ca-X (cg as c1)"
cg-ca-cg-c1,0,-1,2,"GAFF 1.81, from gaff-1.81.dat (AmberTools 24.8) X-c1-ca-X (cg as c1)"
cg-ca-cg-cg,0,-1,2,"GAFF 1.81, from gaff-1.81.dat (AmberTools 24.8) X-c1-ca-X (cg as c1)"
cg-ca-cg-ch,0,-1,2,"GAFF 1.81, from gaff-1.81.dat (AmberTools 24.8) X-c1-ca-X (cg as c1)"
cg-ca-cg-ce,0,-1,2,"GAFF 1.81, from gaff-1.81.dat (AmberTools 24.8) X-c1-ca-X (cg as c1)"
cg-ca-cg-cu,0,-1,2,"GAFF 1.81, from gaff-1.81.dat (AmberTools 24.8) X-c1-ca-X (cg as c1)"
cg-ca-cg-c3,0,-1,2,"GAFF 1.81, from gaff-1.81.dat (AmberTools 24.8) X-c1-ca-X (cg as c1)"
cg-ca-cg-hc,0,-1,2,"GAFF 1.81, from gaff-1.81.dat (AmberTools 24.8) X-c1-ca-X (cg as c1)"
cg-ca-ch-ca,0,-1,2,"GAFF 1.81, from gaff-1.81.dat (AmberTools 24.8) X-c1-ca-X (ch as c1)"
cg-ca-ch-ha,0,-1,2,"GAFF 1.81, from gaff-1.81.dat (AmberTools 24.8) X-c1-ca-X (ch as c1)"
cg-ca-ch-cp,0,-1,2,"GAFF 1.81, from gaff-1.81.dat (AmberTools 24.8) X-c1-ca-X (ch as c1)"
cg-ca-ch-c1,0,-1,2,"GAFF 1.81, from gaff-1.81.dat (AmberTools 24.8) X-c1-ca-X (ch as c1)"
cg-ca-ch-cg,0,-1,2,"GAFF 1.81, from gaff-1.81.dat (AmberTools 24.8) X-c1-ca-X (ch as c1)"
cg-ca-ch-ch,0,-1,2,"GAFF 1.81, from gaff-1.81.dat (AmberTools 24.8) X-c1-ca-X (ch as c1)"
cg-ca-ch-ce,0,-1,2,"GAFF 1.81, from gaff-1.81.dat (AmberTools 24.8) X-c1-ca-X (ch as c1)"
cg-ca-ch-cu,0,-1,2,"GAFF 1.81, from gaff-1.81.dat (AmberTools 24.8) X-c1-ca-X (ch as c1)"
cg-ca-ch-c3,0,-1,2,"GAFF 1.81, from gaff-1.81.dat (AmberTools 24.8) X-c1-ca-X (ch as c1)"
cg-ca-ch-hc,0,-1,2,"GAFF 1.81, from gaff-1.81.dat (AmberTools 24.8) X-c1-ca-X (ch as c1)"
cg-ca-ce-ca,1.4,-1,2,"GAFF 1.81, from gaff-1.81.dat (AmberTools 24.8) X-c2-ca-X (ce as c2)"
cg-ca-ce-ha,1.4,-1,2,"GAFF 1.81, from gaff-1.81.dat (AmberTools 24.8) X-c2-ca-X (ce as c2)"
cg-ca-ce-cp,1.4,-1,2,"GAFF 1.81, from gaff-1.81.dat (AmberTools 24.8) X-c2-ca-X (ce as c2)"
cg-ca-ce-c1,1.4,-1,2,"GAFF 1.81, from gaff-1.81.dat (AmberTools 24.8) X-c2-ca-X (ce as c2)"
cg-ca-ce-cg,1.4,-1,2,"GAFF 1.81, from gaff-1.81.dat (AmberTools 24.8) X-c2-ca-X (ce as c2)"
cg-ca-ce-ch,1.4,-1,2,"GAFF 1.81, from gaff-1.81.dat (AmberTools 24.8) X-c2-ca-X (ce as c2)"
cg-ca-ce-ce,1.4,-1,2,"GAFF 1.81, from gaff-1.81.dat (AmberTools 24.8) X-c2-ca-X (ce as c2)"
cg-ca-ce-cu,1.4,-1,2,"GAFF 1.81, from gaff-1.81.dat (AmberTools 24.8) X-c2-ca-X (ce as c2)"
cg-ca-ce-c3,1.4,-1,2,"GAFF 1.81, from gaff-1.81.dat (AmberTools 24.8) X-c2-ca-X (ce as c2)"
cg-ca-ce-hc,1.4,-1,2,"GAFF 1.81, from gaff-1.81.dat (AmberTools 24.8) X-c2-ca-X (ce as c2)"
cg-ca-cu-ca,2,-1,2,"GAFF 1.81, from gaff-1.81.dat (AmberTools 24.8) X-cp-cp-X (stand-in: *-ca-cu-* as X-cp-cp-X)"
cg-ca-cu-ha,2,-1,2,"GAFF 1.81, from gaff-1.81.dat (AmberTools 24.8) X-cp-cp-X (stand-in: *-ca-cu-* as X-cp-cp-X)"
cg-ca-cu-cp,2,-1,2,"GAFF 1.81, from gaff-1.81.dat (AmberTools 24.8) X-cp-cp-X (stand-in: *-ca-cu-* as X-cp-cp-X)"
cg-ca-cu-c1,2,-1,2,"GAFF 1.81, from gaff-1.81.dat (AmberTools 24.8) X-cp-cp-X (stand-in: *-ca-cu-* as X-cp-cp-X)"
cg-ca-cu-cg,2,-1,2,"GAFF 1.81, from gaff-1.81.dat (AmberTools 24.8) X-cp-cp-X (stand-in: *-ca-cu-* as X-cp-cp-X)"
cg-ca-cu-ch,2,-1,2,"GAFF 1.81, from gaff-1.81.dat (AmberTools 24.8) X-cp-cp-X (stand-in: *-ca-cu-* as X-cp-cp-X)"
cg-ca-cu-ce,2,-1,2,"GAFF 1.81, from gaff-1.81.dat (AmberTools 24.8) X-cp-cp-X (stand-in: *-ca-cu-* as X-cp-cp-X)"
cg-ca-cu-cu,2,-1,2,"GAFF 1.81, from gaff-1.81.dat (AmberTools 24.8) X-cp-cp-X (stand-in: *-ca-cu-* as X-cp-cp-X)"
cg-ca-cu-c3,2,-1,2,"GAFF 1.81, from gaff-1.81.dat (AmberTools 24.8) X-cp-cp-X (stand-in: *-ca-cu-* as X-cp-cp-X)"
cg-ca-cu-hc,2,-1,2,"GAFF 1.81, from gaff-1.81.dat (AmberTools 24.8) X-cp-cp-X (stand-in: *-ca-cu-* as X-cp-cp-X)"
cg-ca-c3-ca,0,1,2,"GAFF 1.81, from gaff-1.81.dat (AmberTools 24.8) X-c3-ca-X"
cg-ca-c3-ha,0,1,2,"GAFF 1.81, from gaff-1.81.dat (AmberTools 24.8) X-c3-ca-X"
cg-ca-c3-cp,0,1,2,"GAFF 1.81, from gaff-1.81.dat (AmberTools 24.8) X-c3-ca-X"
cg-ca-c3-c1,0,1,2,"GAFF 1.81, from gaff-1.81.dat (AmberTools 24.8) X-c3-ca-X"
cg-ca-c3-cg,0,1,2,"GAFF 1.81, from gaff-1.81.dat (AmberTools 24.8) X-c3-ca-X"
cg-ca-c3-ch,0,1,2,"GAFF 1.81, from gaff-1.81.dat (AmberTools 24.8) X-c3-ca-X"
cg-ca-c3-ce,0,1,2,"GAFF 1.81, from gaff-1.81.dat (AmberTools 24.8) X-c3-ca-X"
cg-ca-c3-cu,0,1,2,"GAFF 1.81, from gaff-1.81.dat (AmberTools 24.8) X-c3-ca-X"
cg-ca-c3-c3,0,1,2,"GAFF 1.81, from gaff-1.81.dat (AmberTools 24.8) X-c3-ca-X"
cg-ca-c3-hc,0,1,2,"GAFF 1.81, from gaff-1.81.dat (AmberTools 24.8) X-c3-ca-X"
cg-cp-ca-ca,7.25,-1,2,"GAFF 1.81, from gaff-1.81.dat (AmberTools 24.8) X-ca-cp-X"
cg-cp-ca-ha,7.25,-1,2,"GAFF 1.81, from gaff-1.81.dat (AmberTools 24.8) X-ca-cp-X"
cg-cp-ca-cp,7.25,-1,2,"GAFF 1.81, from gaff-1.81.dat (AmberTools 24.8) X-ca-cp-X"
cg-cp-ca-c1,7.25,-1,2,"GAFF 1.81, from gaff-1.81.dat (AmberTools 24.8) X-ca-cp-X"
cg-cp-ca-cg,7.25,-1,2,"GAFF 1.81, from gaff-1.81.dat (AmberTools 24.8) X-ca-cp-X"
cg-cp-ca-ch,7.25,-1,2,"GAFF 1.81, from gaff-1.81.dat (AmberTools 24.8) X-ca-cp-X"
cg-cp-ca-ce,7.25,-1,2,"GAFF 1.81, from gaff-1.81.dat (AmberTools 24.8) X-ca-cp-X"
cg-cp-ca-cu,7.25,-1,2,"GAFF 1.81, from gaff-1.81.dat (AmberTools 24.8) X-ca-cp-X"
cg-cp-ca-c3,7.25,-1,2,"GAFF 1.81, from gaff-1.81.dat (AmberTools 24.8) X-ca-cp-X"
cg-cp-ca-hc,7.25,-1,2,"GAFF 1.81, from gaff-1.81.dat (AmberTools 24.8) X-ca-cp-X"
cg-cp-cp-ca,2,-1,2,"GAFF 1.81, from gaff-1.81.dat (AmberTools 24.8) X-cp-cp-X"
cg-cp-cp-ha,2,-1,2,"GAFF 1.81, from gaff-1.81.dat (AmberTools 24.8) X-cp-cp-X"
cg-cp-cp-cp,2,-1,2,"GAFF 1.81, from gaff-1.81.dat (AmberTools 24.8) X-cp-cp-X"
cg-cp-cp-c1,2,-1,2,"GAFF 1.81, from gaff-1.81.dat (AmberTools 24.8) X-cp-cp-X"
cg-cp-cp-cg,2,-1,2,"GAFF 1.81, from gaff-1.81.dat (AmberTools 24.8) X-cp-cp-X"
cg-cp-cp-ch,2,-1,2,"GAFF 1.81, from gaff-1.81.dat (AmberTools 24.8) X-cp-cp-X"
cg-cp-cp-ce,2,-1,2,"GAFF 1.81, from gaff-1.81.dat (AmberTools 24.8) X-cp-cp-X"
cg-cp-cp-cu,2,-1,2,"GAFF 1.81, from gaff-1.81.dat (AmberTools 24.8) X-cp-cp-X"
cg-cp-cp-c3,2,-1,2,"GAFF 1.81, from gaff-1.81.dat (AmberTools 24.8) X-cp-cp-X"
cg-cp-cp-hc,2,-1,2,"GAFF 1.81, from gaff-1.81.dat (AmberTools 24.8) X-cp-cp-X"
cg-cp-c1-ca,0,-1,2,"GAFF 1.81, from gaff-1.81.dat (AmberTools 24.8) X-c1-ca-X (cp as ca)"
cg-cp-c1-ha,0,-1,2,"GAFF 1.81, from gaff-1.81.dat (AmberTools 24.8) X-c1-ca-X (cp as ca)"
cg-cp-c1-cp,0,-1,2,"GAFF 1.81, from gaff-1.81.dat (AmberTools 24.8) X-c1-ca-X (cp as ca)"
cg-cp-c1-c1,0,-1,2,"GAFF 1.81, from gaff-1.81.dat (AmberTools 24.8) X-c1-ca-X (cp as ca)"
cg-cp-c1-cg,0,-1,2,"GAFF 1.81, from gaff-1.81.dat (AmberTools 24.8) X-c1-ca-X (cp as ca)"
cg-cp-c1-ch,0,-1,2,"GAFF 1.81, from gaff-1.81.dat (AmberTools 24.8) X-c1-ca-X (cp as ca)"
cg-cp-c1-ce,0,-1,2,"GAFF 1.81, from gaff-1.81.dat (AmberTools 24.8) X-c1-ca-X (cp as ca)"
cg-cp-c1-cu,0,-1,2,"GAFF 1.81, from gaff-1.81.dat (AmberTools 24.8) X-c1-ca-X (cp as ca)"
cg-cp-c1-c3,0,-1,2,"GAFF 1.81, from gaff-1.81.dat (AmberTools 24.8) X-c1-ca-X (cp as ca)"
cg-cp-c1-hc,0,-1,2,"GAFF 1.81, from gaff-1.81.dat (AmberTools 24.8) X-c1-ca-X (cp as ca)"
cg-cp-cg-ca,0,-1,2,"GAFF 1.81, from gaff-1.81.dat (AmberTools 24.8) X-c1-ca-X (cg as c1, cp as ca)"
cg-cp-cg-ha,0,-1,2,"GAFF 1.81, from gaff-1.81.dat (AmberTools 24.8) X-c1-ca-X (cg as c1, cp as ca)"
cg-cp-cg-cp,0,-1,2,"GAFF 1.81, from gaff-1.81.dat (AmberTools 24.8) X-c1-ca-X (cg as c1, cp as ca)"
cg-cp-cg-c1,0,-1,2,"GAFF 1.81, from gaff-1.81.dat (AmberTools 24.8) X-c1-ca-X (cg as c1, cp as ca)"
cg-cp-cg-cg,0,-1,2,"GAFF 1.81, from gaff-1.81.dat (AmberTools 24.8) X-c1-ca-X (cg as c1, cp as ca)"
cg-cp-cg-ch,0,-1,2,"GAFF 1.81, from gaff-1.81.dat (AmberTools 24.8) X-c1-ca-X (cg as c1, cp as ca)"
cg-cp-cg-ce,0,-1,2,"GAFF 1.81, from gaff-1.81.dat (AmberTools 24.8) X-c1-ca-X (cg as c1, cp as ca)"
cg-cp-cg-cu,0,-1,2,"GAFF 1.81, from gaff-1.81.dat (AmberTools 24.8) X-c1-ca-X (cg as c1, cp as ca)"
cg-cp-cg-c3,0,-1,2,"GAFF 1.81, from gaff-1.81.dat (AmberTools 24.8) X-c1-ca-X (cg as c1, cp as ca)"
cg-cp-cg-hc,0,-1,2,"GAFF 1.81, from gaff-1.81.dat (AmberTools 24.8) X-c1-ca-X (cg as c1, cp as ca)"
cg-cp-ch-ca,0,-1,2,"GAFF 1.81, from gaff-1.81.dat (AmberTools 24.8) X-c1-ca-X (ch as c1, cp as ca)"
cg-cp-ch-ha,0,-1,2,"GAFF 1.81, from gaff-1.81.dat (AmberTools 24.8) X-c1-ca-X (ch as c1, cp as ca)"
cg-cp-ch-cp,0,-1,2,"GAFF 1.81, from gaff-1.81.dat (AmberTools 24.8) X-c1-ca-X (ch as c1, cp as ca)"
cg-cp-ch-c1,0,-1,2,"GAFF 1.81, from gaff-1.81.dat (AmberTools 24.8) X-c1-ca-X (ch as c1, cp as ca)"
cg-cp-ch-cg,0,-1,2,"GAFF 1.81, from gaff-1.81.dat (AmberTools 24.8) X-c1-ca-X (ch as c1, cp as ca)"
cg-cp-ch-ch,0,-1,2,"GAFF 1.81, from gaff-1.81.dat (AmberTools 24.8) X-c1-ca-X (ch as c1, cp as ca)"
cg-cp-ch-ce,0,-1,2,"GAFF 1.81, from gaff-1.81.dat (AmberTools 24.8) X-c1-ca-X (ch as c1, cp as ca)"
cg-cp-ch-cu,0,-1,2,"GAFF 1.81, from gaff-1.81.dat (AmberTools 24.8) X-c1-ca-X (ch as c1, cp as ca)"
cg-cp-ch-c3,0,-1,2,"GAFF 1.81, from gaff-1.81.dat (AmberTools 24.8) X-c1-ca-X (ch as c1, cp as ca)"
cg-cp-ch-hc,0,-1,2,"GAFF 1.81, from gaff-1.81.dat (AmberTools 24.8) X-c1-ca-X (ch as c1, cp as ca)"
cg-cp-ce-ca,1.4,-1,2,"GAFF 1.81, from gaff-1.81.dat (AmberTools 24.8) X-c2-ca-X (ce as c2, cp as ca)"
cg-cp-ce-ha,1.4,-1,2,"GAFF 1.81, from gaff-1.81.dat (AmberTools 24.8) X-c2-ca-X (ce as c2, cp as ca)"
cg-cp-ce-cp,1.4,-1,2,"GAFF 1.81, from gaff-1.81.dat (AmberTools 24.8) X-c2-ca-X (ce as c2, cp as ca)"
cg-cp-ce-c1,1.4,-1,2,"GAFF 1.81, from gaff-1.81.dat (AmberTools 24.8) X-c2-ca-X (ce as c2, cp as ca)"
cg-cp-ce-cg,1.4,-1,2,"GAFF 1.81, from gaff-1.81.dat (AmberTools 24.8) X-c2-ca-X (ce as c2, cp as ca)"
cg-cp-ce-ch,1.4,-1,2,"GAFF 1.81, from gaff-1.81.dat (AmberTools 24.8) X-c2-ca-X (ce as c2, cp as ca)"
cg-cp-ce-ce,1.4,-1,2,"GAFF 1.81, from gaff-1.81.dat (AmberTools 24.8) X-c2-ca-X (ce as c2, cp as ca)"
cg-cp-ce-cu,1.4,-1,2,"GAFF 1.81, from gaff-1.81.dat (AmberTools 24.8) X-c2-ca-X (ce as c2, cp as ca)"
cg-cp-ce-c3,1.4,-1,2,"GAFF 1.81, from gaff-1.81.dat (AmberTools 24.8) X-c2-ca-X (ce as c2, cp as ca)"
cg-cp-ce-hc,1.4,-1,2,"GAFF 1.81, from gaff-1.81.dat (AmberTools 24.8) X-c2-ca-X (ce as c2, cp as ca)"
cg-cp-cu-ca,2,-1,2,"GAFF 1.81, from gaff-1.81.dat (AmberTools 24.8) X-cp-cp-X (stand-in: *-cp-cu-* as X-cp-cp-X)"
cg-cp-cu-ha,2,-1,2,"GAFF 1.81, from gaff-1.81.dat (AmberTools 24.8) X-cp-cp-X (stand-in: *-cp-cu-* as X-cp-cp-X)"
cg-cp-cu-cp,2,-1,2,"GAFF 1.81, from gaff-1.81.dat (AmberTools 24.8) X-cp-cp-X (stand-in: *-cp-cu-* as X-cp-cp-X)"
cg-cp-cu-c1,2,-1,2,"GAFF 1.81, from gaff-1.81.dat (AmberTools 24.8) X-cp-cp-X (stand-in: *-cp-cu-* as X-cp-cp-X)"
cg-cp-cu-cg,2,-1,2,"GAFF 1.81, from gaff-1.81.dat (AmberTools 24.8) X-cp-cp-X (stand-in: *-cp-cu-* as X-cp-cp-X)"
cg-cp-cu-ch,2,-1,2,"GAFF 1.81, from gaff-1.81.dat (AmberTools 24.8) X-cp-cp-X (stand-in: *-cp-cu-* as X-cp-cp-X)"
cg-cp-cu-ce,2,-1,2,"GAFF 1.81, from gaff-1.81.dat (AmberTools 24.8) X-cp-cp-X (stand-in: *-cp-cu-* as X-cp-cp-X)"
cg-cp-cu-cu,2,-1,2,"GAFF 1.81, from gaff-1.81.dat (AmberTools 24.8) X-cp-cp-X (stand-in: *-cp-cu-* as X-cp-cp-X)"
cg-cp-cu-c3,2,-1,2,"GAFF 1.81, from gaff-1.81.dat (AmberTools 24.8) X-cp-cp-X (stand-in: *-cp-cu-* as X-cp-cp-X)"
cg-cp-cu-hc,2,-1,2,"GAFF 1.81, from gaff-1.81.dat (AmberTools 24.8) X-cp-cp-X (stand-in: *-cp-cu-* as X-cp-cp-X)"
cg-cp-c3-ca,0,1,2,"GAFF 1.81, from gaff-1.81.dat (AmberTools 24.8) X-c3-ca-X (cp as ca)"
cg-cp-c3-ha,0,1,2,"GAFF 1.81, from gaff-1.81.dat (AmberTools 24.8) X-c3-ca-X (cp as ca)"
cg-cp-c3-cp,0,1,2,"GAFF 1.81, from gaff-1.81.dat (AmberTools 24.8) X-c3-ca-X (cp as ca)"
cg-cp-c3-c1,0,1,2,"GAFF 1.81, from gaff-1.81.dat (AmberTools 24.8) X-c3-ca-X (cp as ca)"
cg-cp-c3-cg,0,1,2,"GAFF 1.81, from gaff-1.81.dat (AmberTools 24.8) X-c3-ca-X (cp as ca)"
cg-cp-c3-ch,0,1,2,"GAFF 1.81, from gaff-1.81.dat (AmberTools 24.8) X-c3-ca-X (cp as ca)"
cg-cp-c3-ce,0,1,2,"GAFF 1.81, from gaff-1.81.dat (AmberTools 24.8) X-c3-ca-X (cp as ca)"
cg-cp-c3-cu,0,1,2,"GAFF 1.81, from gaff-1.81.dat (AmberTools 24.8) X-c3-ca-X (cp as ca)"
cg-cp-c3-c3,0,1,2,"GAFF 1.81, from gaff-1.81.dat (AmberTools 24.8) X-c3-ca-X (cp as ca)"
cg-cp-c3-hc,0,1,2,"GAFF 1.81, from gaff-1.81.dat (AmberTools 24.8) X-c3-ca-X (cp as ca)"
cg-c1-ca-ca,0,-1,2,"GAFF 1.81, from gaff-1.81.dat (AmberTools 24.8) X-c1-ca-X"
cg-c1-ca-ha,0,-1,2,"GAFF 1.81, from gaff-1.81.dat (AmberTools 24.8) X-c1-ca-X"
cg-c1-ca-cp,0,-1,2,"GAFF 1.81, from gaff-1.81.dat (AmberTools 24.8) X-c1-ca-X"
cg-c1-ca-c1,0,-1,2,"GAFF 1.81, from gaff-1.81.dat (AmberTools 24.8) X-c1-ca-X"
cg-c1-ca-cg,0,-1,2,"GAFF 1.81, from gaff-1.81.dat (AmberTools 24.8) X-c1-ca-X"
cg-c1-ca-ch,0,-1,2,"GAFF 1.81, from gaff-1.81.dat (AmberTools 24.8) X-c1-ca-X"
cg-c1-ca-ce,0,-1,2,"GAFF 1.81, from gaff-1.81.dat (AmberTools 24.8) X-c1-ca-X"
cg-c1-ca-cu,0,-1,2,"GAFF 1.81, from gaff-1.81.dat (AmberTools 24.8) X-c1-ca-X"
cg-c1-ca-c3,0,-1,2,"GAFF 1.81, from gaff-1.81.dat (AmberTools 24.8) X-c1-ca-X"
cg-c1-ca-hc,0,-1,2,"GAFF 1.81, from gaff-1.81.dat (AmberTools 24.8) X-c1-ca-X"
cg-c1-cp-ca,0,-1,2,"GAFF 1.81, from gaff-1.81.dat (AmberTools 24.8) X-c1-ca-X (cp as ca)"
cg-c1-cp-ha,0,-1,2,"GAFF 1.81, from gaff-1.81.dat (AmberTools 24.8) X-c1-ca-X (cp as ca)"
cg-c1-cp-cp,0,-1,2,"GAFF 1.81, from gaff-1.81.dat (AmberTools 24.8) X-c1-ca-X (cp as ca)"
cg-c1-cp-c1,0,-1,2,"GAFF 1.81, from gaff-1.81.dat (AmberTools 24.8) X-c1-ca-X (cp as ca)"
cg-c1-cp-cg,0,-1,2,"GAFF 1.81, from gaff-1.81.dat (AmberTools 24.8) X-c1-ca-X (cp as ca)"
cg-c1-cp-ch,0,-1,2,"GAFF 1.81, from gaff-1.81.dat (AmberTools 24.8) X-c1-ca-X (cp as ca)"
cg-c1-cp-ce,0,-1,2,"GAFF 1.81, from gaff-1.81.dat (AmberTools 24.8) X-c1-ca-X (cp as ca)"
cg-c1-cp-cu,0,-1,2,"GAFF 1.81, from gaff-1.81.dat (AmberTools 24.8) X-c1-ca-X (cp as ca)"
cg-c1-cp-c3,0,-1,2,"GAFF 1.81, from gaff-1.81.dat (AmberTools 24.8) X-c1-ca-X (cp as ca)"
cg-c1-cp-hc,0,-1,2,"GAFF 1.81, from gaff-1.81.dat (AmberTools 24.8) X-c1-ca-X (cp as ca)"
cg-c1-c1-ca,0,-1,2,"GAFF 1.81, from gaff-1.81.dat (AmberTools 24.8) X-c1-c1-X"
cg-c1-c1-ha,0,-1,2,"GAFF 1.81, from gaff-1.81.dat (AmberTools 24.8) X-c1-c1-X"
cg-c1-c1-cp,0,-1,2,"GAFF 1.81, from gaff-1.81.dat (AmberTools 24.8) X-c1-c1-X"
cg-c1-c1-c1,0,-1,2,"GAFF 1.81, from gaff-1.81.dat (AmberTools 24.8) X-c1-c1-X"
cg-c1-c1-cg,0,-1,2,"GAFF 1.81, from gaff-1.81.dat (AmberTools 24.8) X-c1-c1-X"
cg-c1-c1-ch,0,-1,2,"GAFF 1.81, from gaff-1.81.dat (AmberTools 24.8) X-c1-c1-X"
cg-c1-c1-ce,0,-1,2,"GAFF 1.81, from gaff-1.81.dat (AmberTools 24.8) X-c1-c1-X"
cg-c1-c1-cu,0,-1,2,"GAFF 1.81, from gaff-1.81.dat (AmberTools 24.8) X-c1-c1-X"
cg-c1-c1-c3,0,-1,2,"GAFF 1.81, from gaff-1.81.dat (AmberTools 24.8) X-c1-c1-X"
cg-c1-c1-hc,0,-1,2,"GAFF 1.81, from gaff-1.81.dat (AmberTools 24.8) X-c1-c1-X"
cg-c1-cg-ca,0,-1,2,"GAFF 1.81, from gaff-1.81.dat (AmberTools 24.8) X-c1-cg-X"
cg-c1-cg-ha,0,-1,2,"GAFF 1.81, from gaff-1.81.dat (AmberTools 24.8) X-c1-cg-X"
cg-c1-cg-cp,0,-1,2,"GAFF 1.81, from gaff-1.81.dat (AmberTools 24.8) X-c1-cg-X"
cg-c1-cg-c1,0,-1,2,"GAFF 1.81, from gaff-1.81.dat (AmberTools 24.8) X-c1-cg-X"
cg-c1-cg-cg,0,-1,2,"GAFF 1.81, from gaff-1.81.dat (AmberTools 24.8) X-c1-cg-X"
cg-c1-cg-ch,0,-1,2,"GAFF 1.81, from gaff-1.81.dat (AmberTools 24.8) X-c1-cg-X"
cg-c1-cg-ce,0,-1,2,"GAFF 1.81, from gaff-1.81.dat (AmberTools 24.8) X-c1-cg-X"
cg-c1-cg-cu,0,-1,2,"GAFF 1.81, from gaff-1.81.dat (AmberTools 24.8) X-c1-cg-X"
cg-c1-cg-c3,0,-1,2,"GAFF 1.81, from gaff-1.81.dat (AmberTools 24.8) X-c1-cg-X"
cg-c1-cg-hc,0,-1,2,"GAFF 1.81, from gaff-1.81.dat (AmberTools 24.8) X-c1-cg-X"
cg-c1-ch-ca,0,-1,2,"GAFF 1.81, from gaff-1.81.dat (AmberTools 24.8) X-c1-ch-X"
cg-c1-ch-ha,0,-1,2,"GAFF 1.81, from gaff-1.81.dat (AmberTools 24.8) X-c1-ch-X"
cg-c1-ch-cp,0,-1,2,"GAFF 1.81, from gaff-1.81.dat (AmberTools 24.8) X-c1-ch-X"
cg-c1-ch-c1,0,-1,2,"GAFF 1.81, from gaff-1.81.dat (AmberTools 24.8) X-c1-ch-X"
cg-c1-ch-cg,0,-1,2,"GAFF 1.81, from gaff-1.81.dat (AmberTools 24.8) X-c1-ch-X"
cg-c1-ch-ch,0,-1,2,"GAFF 1.81, from gaff-1.81.dat (AmberTools 24.8) X-c1-ch-X"
cg-c1-ch-ce,0,-1,2,"GAFF 1.81, from gaff-1.81.dat (AmberTools 24.8) X-c1-ch-X"
cg-c1-ch-cu,0,-1,2,"GAFF 1.81, from gaff-1.81.dat (AmberTools 24.8) X-c1-ch-X"
cg-c1-ch-c3,0,-1,2,"GAFF 1.81, from gaff-1.81.dat (AmberTools 24.8) X-c1-ch-X"
cg-c1-ch-hc,0,-1,2,"GAFF 1.81, from gaff-1.81.dat (AmberTools 24.8) X-c1-ch-X"
cg-c1-ce-ca,0,-1,2,"GAFF 1.81, from gaff-1.81.dat (AmberTools 24.8) X-c1-ce-X"
cg-c1-ce-ha,0,-1,2,"GAFF 1.81, from gaff-1.81.dat (AmberTools 24.8) X-c1-ce-X"
cg-c1-ce-cp,0,-1,2,"GAFF 1.81, from gaff-1.81.dat (AmberTools 24.8) X-c1-ce-X"
cg-c1-ce-c1,0,-1,2,"GAFF 1.81, from gaff-1.81.dat (AmberTools 24.8) X-c1-ce-X"
cg-c1-ce-cg,0,-1,2,"GAFF 1.81, from gaff-1.81.dat (AmberTools 24.8) X-c1-ce-X"
cg-c1-ce-ch,0,-1,2,"GAFF 1.81, from gaff-1.81.dat (AmberTools 24.8) X-c1-ce-X"
cg-c1-ce-ce,0,-1,2,"GAFF 1.81, from gaff-1.81.dat (AmberTools 24.8) X-c1-ce-X"
cg-c1-ce-cu,0,-1,2,"GAFF 1.81, from gaff-1.81.dat (AmberTools 24.8) X-c1-ce-X"
cg-c1-ce-c3,0,-1,2,"GAFF 1.81, from gaff-1.81.dat (AmberTools 24.8) X-c1-ce-X"
cg-c1-ce-hc,0,-1,2,"GAFF 1.81, from gaff-1.81.dat (AmberTools 24.8) X-c1-ce-X"
cg-c1-cu-ca,0,-1,2,"GAFF 1.81, from gaff-1.81.dat (AmberTools 24.8) X-c1-cu-X"
cg-c1-cu-ha,0,-1,2,"GAFF 1.81, from gaff-1.81.dat (AmberTools 24.8) X-c1-cu-X"
cg-c1-cu-cp,0,-1,2,"GAFF 1.81, from gaff-1.81.dat (AmberTools 24.8) X-c1-cu-X"
cg-c1-cu-c1,0,-1,2,"GAFF 1.81, from gaff-1.81.dat (AmberTools 24.8) X-c1-cu-X"
cg-c1-cu-cg,0,-1,2,"GAFF 1.81, from gaff-1.81.dat (AmberTools 24.8) X-c1-cu-X"
cg-c1-cu-ch,0,-1,2,"GAFF 1.81, from gaff-1.81.dat (AmberTools 24.8) X-c1-cu-X"
cg-c1-cu-ce,0,-1,2,"GAFF 1.81, from gaff-1.81.dat (AmberTools 24.8) X-c1-cu-X"
cg-c1-cu-cu,0,-1,2,"GAFF 1.81, from gaff-1.81.dat (AmberTools 24.8) X-c1-cu-X"
cg-c1-cu-c3,0,-1,2,"GAFF 1.81, from gaff-1.81.dat (AmberTools 24.8) X-c1-cu-X"
cg-c1-cu-hc,0,-1,2,"GAFF 1.81, from gaff-1.81.dat (AmberTools 24.8) X-c1-cu-X"
cg-c1-c3-ca,0,-1,2,"GAFF 1.81, from gaff-1.81.dat (AmberTools 24.8) X-c1-c3-X"
cg-c1-c3-ha,0,-1,2,"GAFF 1.81, from gaff-1.81.dat (AmberTools 24.8) X-c1-c3-X"
cg-c1-c3-cp,0,-1,2,"GAFF 1.81, from gaff-1.81.dat (AmberTools 24.8) X-c1-c3-X"
cg-c1-c3-c1,0,-1,2,"GAFF 1.81, from gaff-1.81.dat (AmberTools 24.8) X-c1-c3-X"
cg-c1-c3-cg,0,-1,2,"GAFF 1.81, from gaff-1.81.dat (AmberTools 24.8) X-c1-c3-X"
cg-c1-c3-ch,0,-1,2,"GAFF 1.81, from gaff-1.81.dat (AmberTools 24.8) X-c1-c3-X"
cg-c1-c3-ce,0,-1,2,"GAFF 1.81, from gaff-1.81.dat (AmberTools 24.8) X-c1-c3-X"
cg-c1-c3-cu,0,-1,2,"GAFF 1.81, from gaff-1.81.dat (AmberTools 24.8) X-c1-c3-X"
cg-c1-c3-c3,0,-1,2,"GAFF 1.81, from gaff-1.81.dat (AmberTools 24.8) X-c1-c3-X"
cg-c1-c3-hc,0,-1,2,"GAFF 1.81, from gaff-1.81.dat (AmberTools 24.8) X-c1-c3-X"
cg-cg-ca-ca,0,-1,2,"GAFF 1.81, from gaff-1.81.dat (AmberTools 24.8) X-c1-ca-X (cg as c1)"
cg-cg-ca-ha,0,-1,2,"GAFF 1.81, from gaff-1.81.dat (AmberTools 24.8) X-c1-ca-X (cg as c1)"
cg-cg-ca-cp,0,-1,2,"GAFF 1.81, from gaff-1.81.dat (AmberTools 24.8) X-c1-ca-X (cg as c1)"
cg-cg-ca-c1,0,-1,2,"GAFF 1.81, from gaff-1.81.dat (AmberTools 24.8) X-c1-ca-X (cg as c1)"
cg-cg-ca-cg,0,-1,2,"GAFF 1.81, from gaff-1.81.dat (AmberTools 24.8) X-c1-ca-X (cg as c1)"
cg-cg-ca-ch,0,-1,2,"GAFF 1.81, from gaff-1.81.dat (AmberTools 24.8) X-c1-ca-X (cg as c1)"
cg-cg-ca-ce,0,-1,2,"GAFF 1.81, from gaff-1.81.dat (AmberTools 24.8) X-c1-ca-X (cg as c1)"
cg-cg-ca-cu,0,-1,2,"GAFF 1.81, from gaff-1.81.dat (AmberTools 24.8) X-c1-ca-X (cg as c1)"
cg-cg-ca-c3,0,-1,2,"GAFF 1.81, from gaff-1.81.dat (AmberTools 24.8) X-c1-ca-X (cg as c1)"
cg-cg-ca-hc,0,-1,2,"GAFF 1.81, from gaff-1.81.dat (AmberTools 24.8) X-c1-ca-X (cg as c1)"
cg-cg-cp-ca,0,-1,2,"GAFF 1.81, from gaff-1.81.dat (AmberTools 24.8) X-c1-ca-X (cg as c1, cp as ca)"
cg-cg-cp-ha,0,-1,2,"GAFF 1.81, from gaff-1.81.dat (AmberTools 24.8) X-c1-ca-X (cg as c1, cp as ca)"
cg-cg-cp-cp,0,-1,2,"GAFF 1.81, from gaff-1.81.dat (AmberTools 24.8) X-c1-ca-X (cg as c1, cp as ca)"
cg-cg-cp-c1,0,-1,2,"GAFF 1.81, from gaff-1.81.dat (AmberTools 24.8) X-c1-ca-X (cg as c1, cp as ca)"
cg-cg-cp-cg,0,-1,2,"GAFF 1.81, from gaff-1.81.dat (AmberTools 24.8) X-c1-ca-X (cg as c1, cp as ca)"
cg-cg-cp-ch,0,-1,2,"GAFF 1.81, from gaff-1.81.dat (AmberTools 24.8) X-c1-ca-X (cg as c1, cp as ca)"
cg-cg-cp-ce,0,-1,2,"GAFF 1.81, from gaff-1.81.dat (AmberTools 24.8) X-c1-ca-X (cg as c1, cp as ca)"
cg-cg-cp-cu,0,-1,2,"GAFF 1.81, from gaff-1.81.dat (AmberTools 24.8) X-c1-ca-X (cg as c1, cp as ca)"
cg-cg-cp-c3,0,-1,2,"GAFF 1.81, from gaff-1.81.dat (AmberTools 24.8) X-c1-ca-X (cg as c1, cp as ca)"
cg-cg-cp-hc,0,-1,2,"GAFF 1.81, from gaff-1.81.dat (AmberTools 24.8) X-c1-ca-X (cg as c1, cp as ca)"
cg-cg-c1-ca,0,-1,2,"GAFF 1.81, from gaff-1.81.dat (AmberTools 24.8) X-c1-cg-X"
cg-cg-c1-ha,0,-1,2,"GAFF 1.81, from gaff-1.81.dat (AmberTools 24.8) X-c1-cg-X"
cg-cg-c1-cp,0,-1,2,"GAFF 1.81, from gaff-1.81.dat (AmberTools 24.8) X-c1-cg-X"
cg-cg-c1-c1,0,-1,2,"GAFF 1.81, from gaff-1.81.dat (AmberTools 24.8) X-c1-cg-X"
cg-cg-c1-cg,0,-1,2,"GAFF 1.81, from gaff-1.81.dat (AmberTools 24.8) X-c1-cg-X"
cg-cg-c1-ch,0,-1,2,"GAFF 1.81, from gaff-1.81.dat (AmberTools 24.8) X-c1-cg-X"
cg-cg-c1-ce,0,-1,2,"GAFF 1.81, from gaff-1.81.dat (AmberTools 24.8) X-c1-cg-X"
cg-cg-c1-cu,0,-1,2,"GAFF 1.81, from gaff-1.81.dat (AmberTools 24.8) X-c1-cg-X"
cg-cg-c1-c3,0,-1,2,"GAFF 1.81, from gaff-1.81.dat (AmberTools 24.8) X-c1-cg-X"
cg-cg-c1-hc,0,-1,2,"GAFF 1.81, from gaff-1.81.dat (AmberTools 24.8) X-c1-cg-X"
cg-cg-cg-ca,0,-1,2,"GAFF 1.81, from gaff-1.81.dat (AmberTools 24.8) X-cg-cg-X"
cg-cg-cg-ha,0,-1,2,"GAFF 1.81, from gaff-1.81.dat (AmberTools 24.8) X-cg-cg-X"
cg-cg-cg-cp,0,-1,2,"GAFF 1.81, from gaff-1.81.dat (AmberTools 24.8) X-cg-cg-X"
cg-cg-cg-c1,0,-1,2,"GAFF 1.81, from gaff-1.81.dat (AmberTools 24.8) X-cg-cg-X"
cg-cg-cg-cg,0,-1,2,"GAFF 1.81, from gaff-1.81.dat (AmberTools 24.8) X-cg-cg-X"
cg-cg-cg-ch,0,-1,2,"GAFF 1.81, from gaff-1.81.dat (AmberTools 24.8) X-cg-cg-X"
cg-cg-cg-ce,0,-1,2,"GAFF 1.81, from gaff-1.81.dat (AmberTools 24.8) X-cg-cg-X"
cg-cg-cg-cu,0,-1,2,"GAFF 1.81, from gaff-1.81.dat (AmberTools 24.8) X-cg-cg-X"
cg-cg-cg-c3,0,-1,2,"GAFF 1.81, from gaff-1.81.dat (AmberTools 24.8) X-cg-cg-X"
cg-cg-cg-hc,0,-1,2,"GAFF 1.81, from gaff-1.81.dat (AmberTools 24.8) X-cg-cg-X"
cg-cg-ch-ca,0,-1,2,"GAFF 1.81, from gaff-1.81.dat (AmberTools 24.8) X-cg-ch-X"
cg-cg-ch-ha,0,-1,2,"GAFF 1.81, from gaff-1.81.dat (AmberTools 24.8) X-cg-ch-X"
cg-cg-ch-cp,0,-1,2,"GAFF 1.81, from gaff-1.81.dat (AmberTools 24.8) X-cg-ch-X"
cg-cg-ch-c1,0,-1,2,"GAFF 1.81, from gaff-1.81.dat (AmberTools 24.8) X-cg-ch-X"
cg-cg-ch-cg,0,-1,2,"GAFF 1.81, from gaff-1.81.dat (AmberTools 24.8) X-cg-ch-X"
cg-cg-ch-ch,0,-1,2,"GAFF 1.81, from gaff-1.81.dat (AmberTools 24.8) X-cg-ch-X"
cg-cg-ch-ce,0,-1,2,"GAFF 1.81, from gaff-1.81.dat (AmberTools 24.8) X-cg-ch-X"
cg-cg-ch-cu,0,-1,2,"GAFF 1.81, from gaff-1.81.dat (AmberTools 24.8) X-cg-ch-X"
cg-cg-ch-c3,0,-1,2,"GAFF 1.81, from gaff-1.81.dat (AmberTools 24.8) X-cg-ch-X"
cg-cg-ch-hc,0,-1,2,"GAFF 1.81, from gaff-1.81.dat (AmberTools 24.8) X-cg-ch-X"
cg-cg-ce-ca,0,-1,2,"GAFF 1.81, from gaff-1.81.dat (AmberTools 24.8) X-c1-ce-X (cg as c1)"
cg-cg-ce-ha,0,-1,2,"GAFF 1.81, from gaff-1.81.dat (AmberTools 24.8) X-c1-ce-X (cg as c1)"
cg-cg-ce-cp,0,-1,2,"GAFF 1.81, from gaff-1.81.dat (AmberTools 24.8) X-c1-ce-X (cg as c1)"
cg-cg-ce-c1,0,-1,2,"GAFF 1.81, from gaff-1.81.dat (AmberTools 24.8) X-c1-ce-X (cg as c1)"
cg-cg-ce-cg,0,-1,2,"GAFF 1.81, from gaff-1.81.dat (AmberTools 24.8) X-c1-ce-X (cg as c1)"
cg-cg-ce-ch,0,-1,2,"GAFF 1.81, from gaff-1.81.dat (AmberTools 24.8) X-c1-ce-X (cg as c1)"
cg-cg-ce-ce,0,-1,2,"GAFF 1.81, from gaff-1.81.dat (AmberTools 24.8) X-c1-ce-X (cg as c1)"
cg-cg-ce-cu,0,-1,2,"GAFF 1.81, from gaff-1.81.dat (AmberTools 24.8) X-c1-ce-X (cg as c1)"
cg-cg-ce-c3,0,-1,2,"GAFF 1.81, from gaff-1.81.dat (AmberTools 24.8) X-c1-ce-X (cg as c1)"
cg-cg-ce-hc,0,-1,2,"GAFF 1.81, from gaff-1.81.dat (AmberTools 24.8) X-c1-ce-X (cg as c1)"
cg-cg-cu-ca,0,-1,2,"GAFF 1.81, from gaff-1.81.dat (AmberTools 24.8) X-c1-c1-X (stand-in: *-cg-cu-* as X-c1-c1-X)"
cg-cg-cu-ha,0,-1,2,"GAFF 1.81, from gaff-1.81.dat (AmberTools 24.8) X-c1-c1-X (stand-in: *-cg-cu-* as X-c1-c1-X)"
cg-cg-cu-cp,0,-1,2,"GAFF 1.81, from gaff-1.81.dat (AmberTools 24.8) X-c1-c1-X (stand-in: *-cg-cu-* as X-c1-c1-X)"
cg-cg-cu-c1,0,-1,2,"GAFF 1.81, from gaff-1.81.dat (AmberTools 24.8) X-c1-c1-X (stand-in: *-cg-cu-* as X-c1-c1-X)"
cg-cg-cu-cg,0,-1,2,"GAFF 1.81, from gaff-1.81.dat (AmberTools 24.8) X-c1-c1-X (stand-in: *-cg-cu-* as X-c1-c1-X)"
cg-cg-cu-ch,0,-1,2,"GAFF 1.81, from gaff-1.81.dat (AmberTools 24.8) X-c1-c1-X (stand-in: *-cg-cu-* as X-c1-c1-X)"
cg-cg-cu-ce,0,-1,2,"GAFF 1.81, from gaff-1.81.dat (AmberTools 24.8) X-c1-c1-X (stand-in: *-cg-cu-* as X-c1-c1-X)"
cg-cg-cu-cu,0,-1,2,"GAFF 1.81, from gaff-1.81.dat (AmberTools 24.8) X-c1-c1-X (stand-in: *-cg-cu-* as X-c1-c1-X)"
cg-cg-cu-c3,0,-1,2,"GAFF 1.81, from gaff-1.81.dat (AmberTools 24.8) X-c1-c1-X (stand-in: *-cg-cu-* as X-c1-c1-X)"
cg-cg-cu-hc,0,-1,2,"GAFF 1.81, from gaff-1.81.dat (AmberTools 24.8) X-c1-c1-X (stand-in: *-cg-cu-* as X-c1-c1-X)"
cg-cg-c3-ca,0,-1,2,"GAFF 1.81, from gaff-1.81.dat (AmberTools 24.8) X-c1-c3-X (cg as c1)"
cg-cg-c3-ha,0,-1,2,"GAFF 1.81, from gaff-1.81.dat (AmberTools 24.8) X-c1-c3-X (cg as c1)"
cg-cg-c3-cp,0,-1,2,"GAFF 1.81, from gaff-1.81.dat (AmberTools 24.8) X-c1-c3-X (cg as c1)"
cg-cg-c3-c1,0,-1,2,"GAFF 1.81, from gaff-1.81.dat (AmberTools 24.8) X-c1-c3-X (cg as c1)"
cg-cg-c3-cg,0,-1,2,"GAFF 1.81, from gaff-1.81.dat (AmberTools 24.8) X-c1-c3-X (cg as c1)"
cg-cg-c3-ch,0,-1,2,"GAFF 1.81, from gaff-1.81.dat (AmberTools 24.8) X-c1-c3-X (cg as c1)"
cg-cg-c3-ce,0,-1,2,"GAFF 1.81, from gaff-1.81.dat (AmberTools 24.8) X-c1-c3-X (cg as c1)"
cg-cg-c3-cu,0,-1,2,"GAFF 1.81, from gaff-1.81.dat (AmberTools 24.8) X-c1-c3-X (cg as c1)"
cg-cg-c3-c3,0,-1,2,"GAFF 1.81, from gaff-1.81.dat (AmberTools 24.8) X-c1-c3-X (cg as c1)"
cg-cg-c3-hc,0,-1,2,"GAFF 1.81, from gaff-1.81.dat (AmberTools 24.8) X-c1-c3-X (cg as c1)"
cg-ch-ca-ca,0,-1,2,"GAFF 1.81, from gaff-1.81.dat (AmberTools 24.8) X-c1-ca-X (ch as c1)"
cg-ch-ca-ha,0,-1,2,"GAFF 1.81, from gaff-1.81.dat (AmberTools 24.8) X-c1-ca-X (ch as c1)"
cg-ch-ca-cp,0,-1,2,"GAFF 1.81, from gaff-1.81.dat (AmberTools 24.8) X-c1-ca-X (ch as c1)"
cg-ch-ca-c1,0,-1,2,"GAFF 1.81, from gaff-1.81.dat (AmberTools 24.8) X-c1-ca-X (ch as c1)"
cg-ch-ca-cg,0,-1,2,"GAFF 1.81, from gaff-1.81.dat (AmberTools 24.8) X-c1-ca-X (ch as c1)"
cg-ch-ca-ch,0,-1,2,"GAFF 1.81, from gaff-1.81.dat (AmberTools 24.8) X-c1-ca-X (ch as c1)"
cg-ch-ca-ce,0,-1,2,"GAFF 1.81, from gaff-1.81.dat (AmberTools 24.8) X-c1-ca-X (ch as c1)"
cg-ch-ca-cu,0,-1,2,"GAFF 1.81, from gaff-1.81.dat (AmberTools 24.8) X-c1-ca-X (ch as c1)"
cg-ch-ca-c3,0,-1,2,"GAFF 1.81, from gaff-1.81.dat (AmberTools 24.8) X-c1-ca-X (ch as c1)"
cg-ch-ca-hc,0,-1,2,"GAFF 1.81, from gaff-1.81.dat (AmberTools 24.8) X-c1-ca-X (ch as c1)"
cg-ch-cp-ca,0,-1,2,"GAFF 1.81, from gaff-1.81.dat (AmberTools 24.8) X-c1-ca-X (ch as c1, cp as ca)"
cg-ch-cp-ha,0,-1,2,"GAFF 1.81, from gaff-1.81.dat (AmberTools 24.8) X-c1-ca-X (ch as c1, cp as ca)"
cg-ch-cp-cp,0,-1,2,"GAFF 1.81, from gaff-1.81.dat (AmberTools 24.8) X-c1-ca-X (ch as c1, cp as ca)"
cg-ch-cp-c1,0,-1,2,"GAFF 1.81, from gaff-1.81.dat (AmberTools 24.8) X-c1-ca-X (ch as c1, cp as ca)"
cg-ch-cp-cg,0,-1,2,"GAFF 1.81, from gaff-1.81.dat (AmberTools 24.8) X-c1-ca-X (ch as c1, cp as ca)"
cg-ch-cp-ch,0,-1,2,"GAFF 1.81, from gaff-1.81.dat (AmberTools 24.8) X-c1-ca-X (ch as c1, cp as ca)"
cg-ch-cp-ce,0,-1,2,"GAFF 1.81, from gaff-1.81.dat (AmberTools 24.8) X-c1-ca-X (ch as c1, cp as ca)"
cg-ch-cp-cu,0,-1,2,"GAFF 1.81, from gaff-1.81.dat (AmberTools 24.8) X-c1-ca-X (ch as c1, cp as ca)"
cg-ch-cp-c3,0,-1,2,"GAFF 1.81, from gaff-1.81.dat (AmberTools 24.8) X-c1-ca-X (ch as c1, cp as ca)"
cg-ch-cp-hc,0,-1,2,"GAFF 1.81, from gaff-1.81.dat (AmberTools 24.8) X-c1-ca-X (ch as c1, cp as ca)"
cg-ch-c1-ca,0,-1,2,"GAFF 1.81, from gaff-1.81.dat (AmberTools 24.8) X-c1-ch-X"
cg-ch-c1-ha,0,-1,2,"GAFF 1.81, from gaff-1.81.dat (AmberTools 24.8) X-c1-ch-X"
cg-ch-c1-cp,0,-1,2,"GAFF 1.81, from gaff-1.81.dat (AmberTools 24.8) X-c1-ch-X"
cg-ch-c1-c1,0,-1,2,"GAFF 1.81, from gaff-1.81.dat (AmberTools 24.8) X-c1-ch-X"
cg-ch-c1-cg,0,-1,2,"GAFF 1.81, from gaff-1.81.dat (AmberTools 24.8) X-c1-ch-X"
cg-ch-c1-ch,0,-1,2,"GAFF 1.81, from gaff-1.81.dat (AmberTools 24.8) X-c1-ch-X"
cg-ch-c1-ce,0,-1,2,"GAFF 1.81, from gaff-1.81.dat (AmberTools 24.8) X-c1-ch-X"
cg-ch-c1-cu,0,-1,2,"GAFF 1.81, from gaff-1.81.dat (AmberTools 24.8) X-c1-ch-X"
cg-ch-c1-c3,0,-1,2,"GAFF 1.81, from gaff-1.81.dat (AmberTools 24.8) X-c1-ch-X"
cg-ch-c1-hc,0,-1,2,"GAFF 1.81, from gaff-1.81.dat (AmberTools 24.8) X-c1-ch-X"
cg-ch-cg-ca,0,-1,2,"GAFF 1.81, from gaff-1.81.dat (AmberTools 24.8) X-cg-ch-X"
cg-ch-cg-ha,0,-1,2,"GAFF 1.81, from gaff-1.81.dat (AmberTools 24.8) X-cg-ch-X"
cg-ch-cg-cp,0,-1,2,"GAFF 1.81, from gaff-1.81.dat (AmberTools 24.8) X-cg-ch-X"
cg-ch-cg-c1,0,-1,2,"GAFF 1.81, from gaff-1.81.dat (AmberTools 24.8) X-cg-ch-X"
cg-ch-cg-cg,0,-1,2,"GAFF 1.81, from gaff-1.81.dat (AmberTools 24.8) X-cg-ch-X"
cg-ch-cg-ch,0,-1,2,"GAFF 1.81, from gaff-1.81.dat (AmberTools 24.8) X-cg-ch-X"
cg-ch-cg-ce,0,-1,2,"GAFF 1.81, from gaff-1.81.dat (AmberTools 24.8) X-cg-ch-X"
cg-ch-cg-cu,0,-1,2,"GAFF 1.81, from gaff-1.81.dat (AmberTools 24.8) X-cg-ch-X"
cg-ch-cg-c3,0,-1,2,"GAFF 1.81, from gaff-1.81.dat (AmberTools 24.8) X-cg-ch-X"
cg-ch-cg-hc,0,-1,2,"GAFF 1.81, from gaff-1.81.dat (AmberTools 24.8) X-cg-ch-X"
cg-ch-ch-ca,0,-1,2,"GAFF 1.81, from gaff-1.81.dat (AmberTools 24.8) X-ch-ch-X"
cg-ch-ch-ha,0,-1,2,"GAFF 1.81, from gaff-1.81.dat (AmberTools 24.8) X-ch-ch-X"
cg-ch-ch-cp,0,-1,2,"GAFF 1.81, from gaff-1.81.dat (AmberTools 24.8) X-ch-ch-X"
cg-ch-ch-c1,0,-1,2,"GAFF 1.81, from gaff-1.81.dat (AmberTools 24.8) X-ch-ch-X"
cg-ch-ch-cg,0,-1,2,"GAFF 1.81, from gaff-1.81.dat (AmberTools 24.8) X-ch-ch-X"
cg-ch-ch-ch,0,-1,2,"GAFF 1.81, from gaff-1.81.dat (AmberTools 24.8) X-ch-ch-X"
cg-ch-ch-ce,0,-1,2,"GAFF 1.81, from gaff-1.81.dat (AmberTools 24.8) X-ch-ch-X"
cg-ch-ch-cu,0,-1,2,"GAFF 1.81, from gaff-1.81.dat (AmberTools 24.8) X-ch-ch-X"
cg-ch-ch-c3,0,-1,2,"GAFF 1.81, from gaff-1.81.dat (AmberTools 24.8) X-ch-ch-X"
cg-ch-ch-hc,0,-1,2,"GAFF 1.81, from gaff-1.81.dat (AmberTools 24.8) X-ch-ch-X"
cg-ch-ce-ca,0,-1,2,"GAFF 1.81, from gaff-1.81.dat (AmberTools 24.8) X-c1-ce-X (ch as c1)"
cg-ch-ce-ha,0,-1,2,"GAFF 1.81, from gaff-1.81.dat (AmberTools 24.8) X-c1-ce-X (ch as c1)"
cg-ch-ce-cp,0,-1,2,"GAFF 1.81, from gaff-1.81.dat (AmberTools 24.8) X-c1-ce-X (ch as c1)"
cg-ch-ce-c1,0,-1,2,"GAFF 1.81, from gaff-1.81.dat (AmberTools 24.8) X-c1-ce-X (ch as c1)"
cg-ch-ce-cg,0,-1,2,"GAFF 1.81, from gaff-1.81.dat (AmberTools 24.8) X-c1-ce-X (ch as c1)"
cg-ch-ce-ch,0,-1,2,"GAFF 1.81, from gaff-1.81.dat (AmberTools 24.8) X-c1-ce-X (ch as c1)"
cg-ch-ce-ce,0,-1,2,"GAFF 1.81, from gaff-1.81.dat (AmberTools 24.8) X-c1-ce-X (ch as c1)"
cg-ch-ce-cu,0,-1,2,"GAFF 1.81, from gaff-1.81.dat (AmberTools 24.8) X-c1-ce-X (ch as c1)"
cg-ch-ce-c3,0,-1,2,"GAFF 1.81, from gaff-1.81.dat (AmberTools 24.8) X-c1-ce-X (ch as c1)"
cg-ch-ce-hc,0,-1,2,"GAFF 1.81, from gaff-1.81.dat (AmberTools 24.8) X-c1-ce-X (ch as c1)"
cg-ch-cu-ca,0,-1,2,"GAFF 1.81, from gaff-1.81.dat (AmberTools 24.8) X-c1-c1-X (stand-in: *-ch-cu-* as X-c1-c1-X)"
cg-ch-cu-ha,0,-1,2,"GAFF 1.81, from gaff-1.81.dat (AmberTools 24.8) X-c1-c1-X (stand-in: *-ch-cu-* as X-c1-c1-X)"
cg-ch-cu-cp,0,-1,2,"GAFF 1.81, from gaff-1.81.dat (AmberTools 24.8) X-c1-c1-X (stand-in: *-ch-cu-* as X-c1-c1-X)"
cg-ch-cu-c1,0,-1,2,"GAFF 1.81, from gaff-1.81.dat (AmberTools 24.8) X-c1-c1-X (stand-in: *-ch-cu-* as X-c1-c1-X)"
cg-ch-cu-cg,0,-1,2,"GAFF 1.81, from gaff-1.81.dat (AmberTools 24.8) X-c1-c1-X (stand-in: *-ch-cu-* as X-c1-c1-X)"
cg-ch-cu-ch,0,-1,2,"GAFF 1.81, from gaff-1.81.dat (AmberTools 24.8) X-c1-c1-X (stand-in: *-ch-cu-* as X-c1-c1-X)"
cg-ch-cu-ce,0,-1,2,"GAFF 1.81, from gaff-1.81.dat (AmberTools 24.8) X-c1-c1-X (stand-in: *-ch-cu-* as X-c1-c1-X)"
cg-ch-cu-cu,0,-1,2,"GAFF 1.81, from gaff-1.81.dat (AmberTools 24.8) X-c1-c1-X (stand-in: *-ch-cu-* as X-c1-c1-X)"
cg-ch-cu-c3,0,-1,2,"GAFF 1.81, from gaff-1.81.dat (AmberTools 24.8) X-c1-c1-X (stand-in: *-ch-cu-* as X-c1-c1-X)"
cg-ch-cu-hc,0,-1,2,"GAFF 1.81, from gaff-1.81.dat (AmberTools 24.8) X-c1-c1-X (stand-in: *-ch-cu-* as X-c1-c1-X)"
cg-ch-c3-ca,0,-1,2,"GAFF 1.81, from gaff-1.81.dat (AmberTools 24.8) X-c1-c3-X (ch as c1)"
cg-ch-c3-ha,0,-1,2,"GAFF 1.81, from gaff-1.81.dat (AmberTools 24.8) X-c1-c3-X (ch as c1)"
cg-ch-c3-cp,0,-1,2,"GAFF 1.81, from gaff-1.81.dat (AmberTools 24.8) X-c1-c3-X (ch as c1)"
cg-ch-c3-c1,0,-1,2,"GAFF 1.81, from gaff-1.81.dat (AmberTools 24.8) X-c1-c3-X (ch as c1)"
cg-ch-c3-cg,0,-1,2,"GAFF 1.81, from gaff-1.81.dat (AmberTools 24.8) X-c1-c3-X (ch as c1)"
cg-ch-c3-ch,0,-1,2,"GAFF 1.81, from gaff-1.81.dat (AmberTools 24.8) X-c1-c3-X (ch as c1)"
cg-ch-c3-ce,0,-1,2,"GAFF 1.81, from gaff-1.81.dat (AmberTools 24.8) X-c1-c3-X (ch as c1)"
cg-ch-c3-cu,0,-1,2,"GAFF 1.81, from gaff-1.81.dat (AmberTools 24.8) X-c1-c3-X (ch as c1)"
cg-ch-c3-c3,0,-1,2,"GAFF 1.81, from gaff-1.81.dat (AmberTools 24.8) X-c1-c3-X (ch as c1)"
cg-ch-c3-hc,0,-1,2,"GAFF 1.81, from gaff-1.81.dat (AmberTools 24.8) X-c1-c3-X (ch as c1)"
cg-ce-ca-ca,1.4,-1,2,"GAFF 1.81, from gaff-1.81.dat (AmberTools 24.8) X-c2-ca-X (ce as c2)"
cg-ce-ca-ha,1.4,-1,2,"GAFF 1.81, from gaff-1.81.dat (AmberTools 24.8) X-c2-ca-X (ce as c2)"
cg-ce-ca-cp,1.4,-1,2,"GAFF 1.81, from gaff-1.81.dat (AmberTools 24.8) X-c2-ca-X (ce as c2)"
cg-ce-ca-c1,1.4,-1,2,"GAFF 1.81, from gaff-1.81.dat (AmberTools 24.8) X-c2-ca-X (ce as c2)"
cg-ce-ca-cg,1.4,-1,2,"GAFF 1.81, from gaff-1.81.dat (AmberTools 24.8) X-c2-ca-X (ce as c2)"
cg-ce-ca-ch,1.4,-1,2,"GAFF 1.81, from gaff-1.81.dat (AmberTools 24.8) X-c2-ca-X (ce as c2)"
cg-ce-ca-ce,1.4,-1,2,"GAFF 1.81, from gaff-1.81.dat (AmberTools 24.8) X-c2-ca-X (ce as c2)"
cg-ce-ca-cu,1.4,-1,2,"GAFF 1.81, from gaff-1.81.dat (AmberTools 24.8) X-c2-ca-X (ce as c2)"
cg-ce-ca-c3,1.4,-1,2,"GAFF 1.81, from gaff-1.81.dat (AmberTools 24.8) X-c2-ca-X (ce as c2)"
cg-ce-ca-hc,1.4,-1,2,"GAFF 1.81, from gaff-1.81.dat (AmberTools 24.8) X-c2-ca-X (ce as c2)"
cg-ce-cp-ca,1.4,-1,2,"GAFF 1.81, from gaff-1.81.dat (AmberTools 24.8) X-c2-ca-X (ce as c2, cp as ca)"
cg-ce-cp-ha,1.4,-1,2,"GAFF 1.81, from gaff-1.81.dat (AmberTools 24.8) X-c2-ca-X (ce as c2, cp as ca)"
cg-ce-cp-cp,1.4,-1,2,"GAFF 1.81, from gaff-1.81.dat (AmberTools 24.8) X-c2-ca-X (ce as c2, cp as ca)"
cg-ce-cp-c1,1.4,-1,2,"GAFF 1.81, from gaff-1.81.dat (AmberTools 24.8) X-c2-ca-X (ce as c2, cp as ca)"
cg-ce-cp-cg,1.4,-1,2,"GAFF 1.81, from gaff-1.81.dat (AmberTools 24.8) X-c2-ca-X (ce as c2, cp as ca)"
cg-ce-cp-ch,1.4,-1,2,"GAFF 1.81, from gaff-1.81.dat (AmberTools 24.8) X-c2-ca-X (ce as c2, cp as ca)"
cg-ce-cp-ce,1.4,-1,2,"GAFF 1.81, from gaff-1.81.dat (AmberTools 24.8) X-c2-ca-X (ce as c2, cp as ca)"
cg-ce-cp-cu,1.4,-1,2,"GAFF 1.81, from gaff-1.81.dat (AmberTools 24.8) X-c2-ca-X (ce as c2, cp as ca)"
cg-ce-cp-c3,1.4,-1,2,"GAFF 1.81, from gaff-1.81.dat (AmberTools 24.8) X-c2-ca-X (ce as c2, cp as ca)"
cg-ce-cp-hc,1.4,-1,2,"GAFF 1.81, from gaff-1.81.dat (AmberTools 24.8) X-c2-ca-X (ce as c2, cp as ca)"
cg-ce-c1-ca,0,-1,2,"GAFF 1.81, from gaff-1.81.dat (AmberTools 24.8) X-c1-ce-X"
cg-ce-c1-ha,0,-1,2,"GAFF 1.81, from gaff-1.81.dat (AmberTools 24.8) X-c1-ce-X"
cg-ce-c1-cp,0,-1,2,"GAFF 1.81, from gaff-1.81.dat (AmberTools 24.8) X-c1-ce-X"
cg-ce-c1-c1,0,-1,2,"GAFF 1.81, from gaff-1.81.dat (AmberTools 24.8) X-c1-ce-X"
cg-ce-c1-cg,0,-1,2,"GAFF 1.81, from gaff-1.81.dat (AmberTools 24.8) X-c1-ce-X"
cg-ce-c1-ch,0,-1,2,"GAFF 1.81, from gaff-1.81.dat (AmberTools 24.8) X-c1-ce-X"
cg-ce-c1-ce,0,-1,2,"GAFF 1.81, from gaff-1.81.dat (AmberTools 24.8) X-c1-ce-X"
cg-ce-c1-cu,0,-1,2,"GAFF 1.81, from gaff-1.81.dat (AmberTools 24.8) X-c1-ce-X"
cg-ce-c1-c3,0,-1,2,"GAFF 1.81, from gaff-1.81.dat (AmberTools 24.8) X-c1-ce-X"
cg-ce-c1-hc,0,-1,2,"GAFF 1.81, from gaff-1.81.dat (AmberTools 24.8) X-c1-ce-X"
cg-ce-cg-ca,0,-1,2,"GAFF 1.81, from gaff-1.81.dat (AmberTools 24.8) X-c1-ce-X (cg as c1)"
cg-ce-cg-ha,0,-1,2,"GAFF 1.81, from gaff-1.81.dat (AmberTools 24.8) X-c1-ce-X (cg as c1)"
cg-ce-cg-cp,0,-1,2,"GAFF 1.81, from gaff-1.81.dat (AmberTools 24.8) X-c1-ce-X (cg as c1)"
cg-ce-cg-c1,0,-1,2,"GAFF 1.81, from gaff-1.81.dat (AmberTools 24.8) X-c1-ce-X (cg as c1)"
cg-ce-cg-cg,0,-1,2,"GAFF 1.81, from gaff-1.81.dat (AmberTools 24.8) X-c1-ce-X (cg as c1)"
cg-ce-cg-ch,0,-1,2,"GAFF 1.81, from gaff-1.81.dat (AmberTools 24.8) X-c1-ce-X (cg as c1)"
cg-ce-cg-ce,0,-1,2,"GAFF 1.81, from gaff-1.81.dat (AmberTools 24.8) X-c1-ce-X (cg as c1)"
cg-ce-cg-cu,0,-1,2,"GAFF 1.81, from gaff-1.81.dat (AmberTools 24.8) X-c1-ce-X (cg as c1)"
cg-ce-cg-c3,0,-1,2,"GAFF 1.81, from gaff-1.81.dat (AmberTools 24.8) X-c1-ce-X (cg as c1)"
cg-ce-cg-hc,0,-1,2,"GAFF 1.81, from gaff-1.81.dat (AmberTools 24.8) X-c1-ce-X (cg as c1)"
cg-ce-ch-ca,0,-1,2,"GAFF 1.81, from gaff-1.81.dat (AmberTools 24.8) X-c1-ce-X (ch as c1)"
cg-ce-ch-ha,0,-1,2,"GAFF 1.81, from gaff-1.81.dat (AmberTools 24.8) X-c1-ce-X (ch as c1)"
cg-ce-ch-cp,0,-1,2,"GAFF 1.81, from gaff-1.81.dat (AmberTools 24.8) X-c1-ce-X (ch as c1)"
cg-ce-ch-c1,0,-1,2,"GAFF 1.81, from gaff-1.81.dat (AmberTools 24.8) X-c1-ce-X (ch as c1)"
cg-ce-ch-cg,0,-1,2,"GAFF 1.81, from gaff-1.81.dat (AmberTools 24.8) X-c1-ce-X (ch as c1)"
cg-ce-ch-ch,0,-1,2,"GAFF 1.81, from gaff-1.81.dat (AmberTools 24.8) X-c1-ce-X (ch as c1)"
cg-ce-ch-ce,0,-1,2,"GAFF 1.81, from gaff-1.81.dat (AmberTools 24.8) X-c1-ce-X (ch as c1)"
cg-ce-ch-cu,0,-1,2,"GAFF 1.81, from gaff-1.81.dat (AmberTools 24.8) X-c1-ce-X (ch as c1)"
cg-ce-ch-c3,0,-1,2,"GAFF 1.81, from gaff-1.81.dat (AmberTools 24.8) X-c1-ce-X (ch as c1)"
cg-ce-ch-hc,0,-1,2,"GAFF 1.81, from gaff-1.81.dat (AmberTools 24.8) X-c1-ce-X (ch as c1)"
cg-ce-ce-ca,2,-1,2,"GAFF 1.81, from gaff-1.81.dat (AmberTools 24.8) X-ce-ce-X"
cg-ce-ce-ha,2,-1,2,"GAFF 1.81, from gaff-1.81.dat (AmberTools 24.8) X-ce-ce-X"
cg-ce-ce-cp,2,-1,2,"GAFF 1.81, from gaff-1.81.dat (AmberTools 24.8) X-ce-ce-X"
cg-ce-ce-c1,2,-1,2,"GAFF 1.81, from gaff-1.81.dat (AmberTools 24.8) X-ce-ce-X"
cg-ce-ce-cg,2,-1,2,"GAFF 1.81, from gaff-1.81.dat (AmberTools 24.8) X-ce-ce-X"
cg-ce-ce-ch,2,-1,2,"GAFF 1.81, from gaff-1.81.dat (AmberTools 24.8) X-ce-ce-X"
cg-ce-ce-ce,2,-1,2,"GAFF 1.81, from gaff-1.81.dat (AmberTools 24.8) X-ce-ce-X"
cg-ce-ce-cu,2,-1,2,"GAFF 1.81, from gaff-1.81.dat (AmberTools 24.8) X-ce-ce-X"
cg-ce-ce-c3,2,-1,2,"GAFF 1.81, from gaff-1.81.dat (AmberTools 24.8) X-ce-ce-X"
cg-ce-ce-hc,2,-1,2,"GAFF 1.81, from gaff-1.81.dat (AmberTools 24.8) X-ce-ce-X"
cg-ce-cu-ca,2,-1,2,"GAFF 1.81, from gaff-1.81.dat (AmberTools 24.8) X-cp-cp-X (stand-in: *-ce-cu-* as X-cp-cp-X)"
cg-ce-cu-ha,2,-1,2,"GAFF 1.81, from gaff-1.81.dat (AmberTools 24.8) X-cp-cp-X (stand-in: *-ce-cu-* as X-cp-cp-X)"
cg-ce-cu-cp,2,-1,2,"GAFF 1.81, from gaff-1.81.dat (AmberTools 24.8) X-cp-cp-X (stand-in: *-ce-cu-* as X-cp-cp-X)"
cg-ce-cu-c1,2,-1,2,"GAFF 1.81, from gaff-1.81.dat (AmberTools 24.8) X-cp-cp-X (stand-in: *-ce-cu-* as X-cp-cp-X)"
cg-ce-cu-cg,2,-1,2,"GAFF 1.81, from gaff-1.81.dat (AmberTools 24.8) X-cp-cp-X (stand-in: *-ce-cu-* as X-cp-cp-X)"
cg-ce-cu-ch,2,-1,2,"GAFF 1.81, from gaff-1.81.dat (AmberTools 24.8) X-cp-cp-X (stand-in: *-ce-cu-* as X-cp-cp-X)"
cg-ce-cu-ce,2,-1,2,"GAFF 1.81, from gaff-1.81.dat (AmberTools 24.8) X-cp-cp-X (stand-in: *-ce-cu-* as X-cp-cp-X)"
cg-ce-cu-cu,2,-1,2,"GAFF 1.81, from gaff-1.81.dat (AmberTools 24.8) X-cp-cp-X (stand-in: *-ce-cu-* as X-cp-cp-X)"
cg-ce-cu-c3,2,-1,2,"GAFF 1.81, from gaff-1.81.dat (AmberTools 24.8) X-cp-cp-X (stand-in: *-ce-cu-* as X-cp-cp-X)"
cg-ce-cu-hc,2,-1,2,"GAFF 1.81, from gaff-1.81.dat (AmberTools 24.8) X-cp-cp-X (stand-in: *-ce-cu-* as X-cp-cp-X)"
cg-ce-c3-ca,0,1,2,"GAFF 1.81, from gaff-1.81.dat (AmberTools 24.8) X-c2-c3-X (ce as c2)"
cg-ce-c3-ha,0,1,2,"GAFF 1.81, from gaff-1.81.dat (AmberTools 24.8) X-c2-c3-X (ce as c2)"
cg-ce-c3-cp,0,1,2,"GAFF 1.81, from gaff-1.81.dat (AmberTools 24.8) X-c2-c3-X (ce as c2)"
cg-ce-c3-c1,0,1,2,"GAFF 1.81, from gaff-1.81.dat (AmberTools 24.8) X-c2-c3-X (ce as c2)"
cg-ce-c3-cg,0,1,2,"GAFF 1.81, from gaff-1.81.dat (AmberTools 24.8) X-c2-c3-X (ce as c2)"
cg-ce-c3-ch,0,1,2,"GAFF 1.81, from gaff-1.81.dat (AmberTools 24.8) X-c2-c3-X (ce as c2)"
cg-ce-c3-ce,0,1,2,"GAFF 1.81, from gaff-1.81.dat (AmberTools 24.8) X-c2-c3-X (ce as c2)"
cg-ce-c3-cu,0,1,2,"GAFF 1.81, from gaff-1.81.dat (AmberTools 24.8) X-c2-c3-X (ce as c2)"
cg-ce-c3-c3,0,1,2,"GAFF 1.81, from gaff-1.81.dat (AmberTools 24.8) X-c2-c3-X (ce as c2)"
cg-ce-c3-hc,0,1,2,"GAFF 1.81, from gaff-1.81.dat (AmberTools 24.8) X-c2-c3-X (ce as c2)"
cg-cu-ca-ca,2,-1,2,"GAFF 1.81, from gaff-1.81.dat (AmberTools 24.8) X-cp-cp-X (stand-in: *-ca-cu-* as X-cp-cp-X)"
cg-cu-ca-ha,2,-1,2,"GAFF 1.81, from gaff-1.81.dat (AmberTools 24.8) X-cp-cp-X (stand-in: *-ca-cu-* as X-cp-cp-X)"
cg-cu-ca-cp,2,-1,2,"GAFF 1.81, from gaff-1.81.dat (AmberTools 24.8) X-cp-cp-X (stand-in: *-ca-cu-* as X-cp-cp-X)"
cg-cu-ca-c1,2,-1,2,"GAFF 1.81, from gaff-1.81.dat (AmberTools 24.8) X-cp-cp-X (stand-in: *-ca-cu-* as X-cp-cp-X)"
cg-cu-ca-cg,2,-1,2,"GAFF 1.81, from gaff-1.81.dat (AmberTools 24.8) X-cp-cp-X (stand-in: *-ca-cu-* as X-cp-cp-X)"
cg-cu-ca-ch,2,-1,2,"GAFF 1.81, from gaff-1.81.dat (AmberTools 24.8) X-cp-cp-X (stand-in: *-ca-cu-* as X-cp-cp-X)"
cg-cu-ca-ce,2,-1,2,"GAFF 1.81, from gaff-1.81.dat (AmberTools 24.8) X-cp-cp-X (stand-in: *-ca-cu-* as X-cp-cp-X)"
cg-cu-ca-cu,2,-1,2,"GAFF 1.81, from gaff-1.81.dat (AmberTools 24.8) X-cp-cp-X (stand-in: *-ca-cu-* as X-cp-cp-X)"
cg-cu-ca-c3,2,-1,2,"GAFF 1.81, from gaff-1.81.dat (AmberTools 24.8) X-cp-cp-X (stand-in: *-ca-cu-* as X-cp-cp-X)"
cg-cu-ca-hc,2,-1,2,"GAFF 1.81, from gaff-1.81.dat (AmberTools 24.8) X-cp-cp-X (stand-in: *-ca-cu-* as X-cp-cp-X)"
cg-cu-cp-ca,2,-1,2,"GAFF 1.81, from gaff-1.81.dat (AmberTools 24.8) X-cp-cp-X (stand-in: *-cp-cu-* as X-cp-cp-X)"
cg-cu-cp-ha,2,-1,2,"GAFF 1.81, from gaff-1.81.dat (AmberTools 24.8) X-cp-cp-X (stand-in: *-cp-cu-* as X-cp-cp-X)"
cg-cu-cp-cp,2,-1,2,"GAFF 1.81, from gaff-1.81.dat (AmberTools 24.8) X-cp-cp-X (stand-in: *-cp-cu-* as X-cp-cp-X)"
cg-cu-cp-c1,2,-1,2,"GAFF 1.81, from gaff-1.81.dat (AmberTools 24.8) X-cp-cp-X (stand-in: *-cp-cu-* as X-cp-cp-X)"
cg-cu-cp-cg,2,-1,2,"GAFF 1.81, from gaff-1.81.dat (AmberTools 24.8) X-cp-cp-X (stand-in: *-cp-cu-* as X-cp-cp-X)"
cg-cu-cp-ch,2,-1,2,"GAFF 1.81, from gaff-1.81.dat (AmberTools 24.8) X-cp-cp-X (stand-in: *-cp-cu-* as X-cp-cp-X)"
cg-cu-cp-ce,2,-1,2,"GAFF 1.81, from gaff-1.81.dat (AmberTools 24.8) X-cp-cp-X (stand-in: *-cp-cu-* as X-cp-cp-X)"
cg-cu-cp-cu,2,-1,2,"GAFF 1.81, from gaff-1.81.dat (AmberTools 24.8) X-cp-cp-X (stand-in: *-cp-cu-* as X-cp-cp-X)"
cg-cu-cp-c3,2,-1,2,"GAFF 1.81, from gaff-1.81.dat (AmberTools 24.8) X-cp-cp-X (stand-in: *-cp-cu-* as X-cp-cp-X)"
cg-cu-cp-hc,2,-1,2,"GAFF 1.81, from gaff-1.81.dat (AmberTools 24.8) X-cp-cp-X (stand-in: *-cp-cu-* as X-cp-cp-X)"
cg-cu-c1-ca,0,-1,2,"GAFF 1.81, from gaff-1.81.dat (AmberTools 24.8) X-c1-cu-X"
cg-cu-c1-ha,0,-1,2,"GAFF 1.81, from gaff-1.81.dat (AmberTools 24.8) X-c1-cu-X"
cg-cu-c1-cp,0,-1,2,"GAFF 1.81, from gaff-1.81.dat (AmberTools 24.8) X-c1-cu-X"
cg-cu-c1-c1,0,-1,2,"GAFF 1.81, from gaff-1.81.dat (AmberTools 24.8) X-c1-cu-X"
cg-cu-c1-cg,0,-1,2,"GAFF 1.81, from gaff-1.81.dat (AmberTools 24.8) X-c1-cu-X"
cg-cu-c1-ch,0,-1,2,"GAFF 1.81, from gaff-1.81.dat (AmberTools 24.8) X-c1-cu-X"
cg-cu-c1-ce,0,-1,2,"GAFF 1.81, from gaff-1.81.dat (AmberTools 24.8) X-c1-cu-X"
cg-cu-c1-cu,0,-1,2,"GAFF 1.81, from gaff-1.81.dat (AmberTools 24.8) X-c1-cu-X"
cg-cu-c1-c3,0,-1,2,"GAFF 1.81, from gaff-1.81.dat (AmberTools 24.8) X-c1-cu-X"
cg-cu-c1-hc,0,-1,2,"GAFF 1.81, from gaff-1.81.dat (AmberTools 24.8) X-c1-cu-X"
cg-cu-cg-ca,0,-1,2,"GAFF 1.81, from gaff-1.81.dat (AmberTools 24.8) X-c1-c1-X (stand-in: *-cg-cu-* as X-c1-c1-X)"
cg-cu-cg-ha,0,-1,2,"GAFF 1.81, from gaff-1.81.dat (AmberTools 24.8) X-c1-c1-X (stand-in: *-cg-cu-* as X-c1-c1-X)"
cg-cu-cg-cp,0,-1,2,"GAFF 1.81, from gaff-1.81.dat (AmberTools 24.8) X-c1-c1-X (stand-in: *-cg-cu-* as X-c1-c1-X)"
cg-cu-cg-c1,0,-1,2,"GAFF 1.81, from gaff-1.81.dat (AmberTools 24.8) X-c1-c1-X (stand-in: *-cg-cu-* as X-c1-c1-X)"
cg-cu-cg-cg,0,-1,2,"GAFF 1.81, from gaff-1.81.dat (AmberTools 24.8) X-c1-c1-X (stand-in: *-cg-cu-* as X-c1-c1-X)"
cg-cu-cg-ch,0,-1,2,"GAFF 1.81, from gaff-1.81.dat (AmberTools 24.8) X-c1-c1-X (stand-in: *-cg-cu-* as X-c1-c1-X)"
cg-cu-cg-ce,0,-1,2,"GAFF 1.81, from gaff-1.81.dat (AmberTools 24.8) X-c1-c1-X (stand-in: *-cg-cu-* as X-c1-c1-X)"
cg-cu-cg-cu,0,-1,2,"GAFF 1.81, from gaff-1.81.dat (AmberTools 24.8) X-c1-c1-X (stand-in: *-cg-cu-* as X-c1-c1-X)"
cg-cu-cg-c3,0,-1,2,"GAFF 1.81, from gaff-1.81.dat (AmberTools 24.8) X-c1-c1-X (stand-in: *-cg-cu-* as X-c1-c1-X)"
cg-cu-cg-hc,0,-1,2,"GAFF 1.81, from gaff-1.81.dat (AmberTools 24.8) X-c1-c1-X (stand-in: *-cg-cu-* as X-c1-c1-X)"
cg-cu-ch-ca,0,-1,2,"GAFF 1.81, from gaff-1.81.dat (AmberTools 24.8) X-c1-c1-X (stand-in: *-ch-cu-* as X-c1-c1-X)"
cg-cu-ch-ha,0,-1,2,"GAFF 1.81, from gaff-1.81.dat (AmberTools 24.8) X-c1-c1-X (stand-in: *-ch-cu-* as X-c1-c1-X)"
cg-cu-ch-cp,0,-1,2,"GAFF 1.81, from gaff-1.81.dat (AmberTools 24.8) X-c1-c1-X (stand-in: *-ch-cu-* as X-c1-c1-X)"
cg-cu-ch-c1,0,-1,2,"GAFF 1.81, from gaff-1.81.dat (AmberTools 24.8) X-c1-c1-X (stand-in: *-ch-cu-* as X-c1-c1-X)"
cg-cu-ch-cg,0,-1,2,"GAFF 1.81, from gaff-1.81.dat (AmberTools 24.8) X-c1-c1-X (stand-in: *-ch-cu-* as X-c1-c1-X)"
cg-cu-ch-ch,0,-1,2,"GAFF 1.81, from gaff-1.81.dat (AmberTools 24.8) X-c1-c1-X (stand-in: *-ch-cu-* as X-c1-c1-X)"
cg-cu-ch-ce,0,-1,2,"GAFF 1.81, from gaff-1.81.dat (AmberTools 24.8) X-c1-c1-X (stand-in: *-ch-cu-* as X-c1-c1-X)"
cg-cu-ch-cu,0,-1,2,"GAFF 1.81, from gaff-1.81.dat (AmberTools 24.8) X-c1-c1-X (stand-in: *-ch-cu-* as X-c1-c1-X)"
cg-cu-ch-c3,0,-1,2,"GAFF 1.81, from gaff-1.81.dat (AmberTools 24.8) X-c1-c1-X (stand-in: *-ch-cu-* as X-c1-c1-X)"
cg-cu-ch-hc,0,-1,2,"GAFF 1.81, from gaff-1.81.dat (AmberTools 24.8) X-c1-c1-X (stand-in: *-ch-cu-* as X-c1-c1-X)"
cg-cu-ce-ca,2,-1,2,"GAFF 1.81, from gaff-1.81.dat (AmberTools 24.8) X-cp-cp-X (stand-in: *-ce-cu-* as X-cp-cp-X)"
cg-cu-ce-ha,2,-1,2,"GAFF 1.81, from gaff-1.81.dat (AmberTools 24.8) X-cp-cp-X (stand-in: *-ce-cu-* as X-cp-cp-X)"
cg-cu-ce-cp,2,-1,2,"GAFF 1.81, from gaff-1.81.dat (AmberTools 24.8) X-cp-cp-X (stand-in: *-ce-cu-* as X-cp-cp-X)"
cg-cu-ce-c1,2,-1,2,"GAFF 1.81, from gaff-1.81.dat (AmberTools 24.8) X-cp-cp-X (stand-in: *-ce-cu-* as X-cp-cp-X)"
cg-cu-ce-cg,2,-1,2,"GAFF 1.81, from gaff-1.81.dat (AmberTools 24.8) X-cp-cp-X (stand-in: *-ce-cu-* as X-cp-cp-X)"
cg-cu-ce-ch,2,-1,2,"GAFF 1.81, from gaff-1.81.dat (AmberTools 24.8) X-cp-cp-X (stand-in: *-ce-cu-* as X-cp-cp-X)"
cg-cu-ce-ce,2,-1,2,"GAFF 1.81, from gaff-1.81.dat (AmberTools 24.8) X-cp-cp-X (stand-in: *-ce-cu-* as X-cp-cp-X)"
cg-cu-ce-cu,2,-1,2,"GAFF 1.81, from gaff-1.81.dat (AmberTools 24.8) X-cp-cp-X (stand-in: *-ce-cu-* as X-cp-cp-X)"
cg-cu-ce-c3,2,-1,2,"GAFF 1.81, from gaff-1.81.dat (AmberTools 24.8) X-cp-cp-X (stand-in: *-ce-cu-* as X-cp-cp-X)"
cg-cu-ce-hc,2,-1,2,"GAFF 1.81, from gaff-1.81.dat (AmberTools 24.8) X-cp-cp-X (stand-in: *-ce-cu-* as X-cp-cp-X)"
cg-cu-cu-ca,2,-1,2,"GAFF 1.81, from gaff-1.81.dat (AmberTools 24.8) X-ce-ce-X (cu as ce)"
cg-cu-cu-ha,2,-1,2,"GAFF 1.81, from gaff-1.81.dat (AmberTools 24.8) X-ce-ce-X (cu as ce)"
cg-cu-cu-cp,2,-1,2,"GAFF 1.81, from gaff-1.81.dat (AmberTools 24.8) X-ce-ce-X (cu as ce)"
cg-cu-cu-c1,2,-1,2,"GAFF 1.81, from gaff-1.81.dat (AmberTools 24.8) X-ce-ce-X (cu as ce)"
cg-cu-cu-cg,2,-1,2,"GAFF 1.81, from gaff-1.81.dat (AmberTools 24.8) X-ce-ce-X (cu as ce)"
cg-cu-cu-ch,2,-1,2,"GAFF 1.81, from gaff-1.81.dat (AmberTools 24.8) X-ce-ce-X (cu as ce)"
cg-cu-cu-ce,2,-1,2,"GAFF 1.81, from gaff-1.81.dat (AmberTools 24.8) X-ce-ce-X (cu as ce)"
cg-cu-cu-cu,2,-1,2,"GAFF 1.81, from gaff-1.81.dat (AmberTools 24.8) X-ce-ce-X (cu as ce)"
cg-cu-cu-c3,2,-1,2,"GAFF 1.81, from gaff-1.81.dat (AmberTools 24.8) X-ce-ce-X (cu as ce)"
cg-cu-cu-hc,2,-1,2,"GAFF 1.81, from gaff-1.81.dat (AmberTools 24.8) X-ce-ce-X (cu as ce)"
cg-cu-c3-ca,0,1,2,"GAFF 1.81, from gaff-1.81.dat (AmberTools 24.8) X-c2-c3-X (stand-in: *-c3-cu-* as X-c2-c3-X)"
cg-cu-c3-ha,0,1,2,"GAFF 1.81, from gaff-1.81.dat (AmberTools 24.8) X-c2-c3-X (stand-in: *-c3-cu-* as X-c2-c3-X)"
cg-cu-c3-cp,0,1,2,"GAFF 1.81, from gaff-1.81.dat (AmberTools 24.8) X-c2-c3-X (stand-in: *-c3-cu-* as X-c2-c3-X)"
cg-cu-c3-c1,0,1,2,"GAFF 1.81, from gaff-1.81.dat (AmberTools 24.8) X-c2-c3-X (stand-in: *-c3-cu-* as X-c2-c3-X)"
cg-cu-c3-cg,0,1,2,"GAFF 1.81, from gaff-1.81.dat (AmberTools 24.8) X-c2-c3-X (stand-in: *-c3-cu-* as X-c2-c3-X)"
cg-cu-c3-ch,0,1,2,"GAFF 1.81, from gaff-1.81.dat (AmberTools 24.8) X-c2-c3-X (stand-in: *-c3-cu-* as X-c2-c3-X)"
cg-cu-c3-ce,0,1,2,"GAFF 1.81, from gaff-1.81.dat (AmberTools 24.8) X-c2-c3-X (stand-in: *-c3-cu-* as X-c2-c3-X)"
cg-cu-c3-cu,0,1,2,"GAFF 1.81, from gaff-1.81.dat (AmberTools 24.8) X-c2-c3-X (stand-in: *-c3-cu-* as X-c2-c3-X)"
cg-cu-c3-c3,0,1,2,"GAFF 1.81, from gaff-1.81.dat (AmberTools 24.8) X-c2-c3-X (stand-in: *-c3-cu-* as X-c2-c3-X)"
cg-cu-c3-hc,0,1,2,"GAFF 1.81, from gaff-1.81.dat (AmberTools 24.8) X-c2-c3-X (stand-in: *-c3-cu-* as X-c2-c3-X)"
cg-c3-ca-ca,0,1,2,"GAFF 1.81, from gaff-1.81.dat (AmberTools 24.8) X-c3-ca-X"
cg-c3-ca-ha,0,1,2,"GAFF 1.81, from gaff-1.81.dat (AmberTools 24.8) X-c3-ca-X"
cg-c3-ca-cp,0,1,2,"GAFF 1.81, from gaff-1.81.dat (AmberTools 24.8) X-c3-ca-X"
cg-c3-ca-c1,0,1,2,"GAFF 1.81, from gaff-1.81.dat (AmberTools 24.8) X-c3-ca-X"
cg-c3-ca-cg,0,1,2,"GAFF 1.81, from gaff-1.81.dat (AmberTools 24.8) X-c3-ca-X"
cg-c3-ca-ch,0,1,2,"GAFF 1.81, from gaff-1.81.dat (AmberTools 24.8) X-c3-ca-X"
cg-c3-ca-ce,0,1,2,"GAFF 1.81, from gaff-1.81.dat (AmberTools 24.8) X-c3-ca-X"
cg-c3-ca-cu,0,1,2,"GAFF 1.81, from gaff-1.81.dat (AmberTools 24.8) X-c3-ca-X"
cg-c3-ca-c3,0,1,2,"GAFF 1.81, from gaff-1.81.dat (AmberTools 24.8) X-c3-ca-X"
cg-c3-ca-hc,0,1,2,"GAFF 1.81, from gaff-1.81.dat (AmberTools 24.8) X-c3-ca-X"
cg-c3-cp-ca,0,1,2,"GAFF 1.81, from gaff-1.81.dat (AmberTools 24.8) X-c3-ca-X (cp as ca)"
cg-c3-cp-ha,0,1,2,"GAFF 1.81, from gaff-1.81.dat (AmberTools 24.8) X-c3-ca-X (cp as ca)"
cg-c3-cp-cp,0,1,2,"GAFF 1.81, from gaff-1.81.dat (AmberTools 24.8) X-c3-ca-X (cp as ca)"
cg-c3-cp-c1,0,1,2,"GAFF 1.81, from gaff-1.81.dat (AmberTools 24.8) X-c3-ca-X (cp as ca)"
cg-c3-cp-cg,0,1,2,"GAFF 1.81, from gaff-1.81.dat (AmberTools 24.8) X-c3-ca-X (cp as ca)"
cg-c3-cp-ch,0,1,2,"GAFF 1.81, from gaff-1.81.dat (AmberTools 24.8) X-c3-ca-X (cp as ca)"
cg-c3-cp-ce,0,1,2,"GAFF 1.81, from gaff-1.81.dat (AmberTools 24.8) X-c3-ca-X (cp as ca)"
cg-c3-cp-cu,0,1,2,"GAFF 1.81, from gaff-1.81.dat (AmberTools 24.8) X-c3-ca-X (cp as ca)"
cg-c3-cp-c3,0,1,2,"GAFF 1.81, from gaff-1.81.dat (AmberTools 24.8) X-c3-ca-X (cp as ca)"
cg-c3-cp-hc,0,1,2,"GAFF 1.81, from gaff-1.81.dat (AmberTools 24.8) X-c3-ca-X (cp as ca)"
cg-c3-c1-ca,0,-1,2,"GAFF 1.81, from gaff-1.81.dat (AmberTools 24.8) X-c1-c3-X"
cg-c3-c1-ha,0,-1,2,"GAFF 1.81, from gaff-1.81.dat (AmberTools 24.8) X-c1-c3-X"
cg-c3-c1-cp,0,-1,2,"GAFF 1.81, from gaff-1.81.dat (AmberTools 24.8) X-c1-c3-X"
cg-c3-c1-c1,0,-1,2,"GAFF 1.81, from gaff-1.81.dat (AmberTools 24.8) X-c1-c3-X"
cg-c3-c1-cg,0,-1,2,"GAFF 1.81, from gaff-1.81.dat (AmberTools 24.8) X-c1-c3-X"
cg-c3-c1-ch,0,-1,2,"GAFF 1.81, from gaff-1.81.dat (AmberTools 24.8) X-c1-c3-X"
cg-c3-c1-ce,0,-1,2,"GAFF 1.81, from gaff-1.81.dat (AmberTools 24.8) X-c1-c3-X"
cg-c3-c1-cu,0,-1,2,"GAFF 1.81, from gaff-1.81.dat (AmberTools 24.8) X-c1-c3-X"
cg-c3-c1-c3,0,-1,2,"GAFF 1.81, from gaff-1.81.dat (AmberTools 24.8) X-c1-c3-X"
cg-c3-c1-hc,0,-1,2,"GAFF 1.81, from gaff-1.81.dat (AmberTools 24.8) X-c1-c3-X"
cg-c3-cg-ca,0,-1,2,"GAFF 1.81, from gaff-1.81.dat (AmberTools 24.8) X-c1-c3-X (cg as c1)"
cg-c3-cg-ha,0,-1,2,"GAFF 1.81, from gaff-1.81.dat (AmberTools 24.8) X-c1-c3-X (cg as c1)"
cg-c3-cg-cp,0,-1,2,"GAFF 1.81, from gaff-1.81.dat (AmberTools 24.8) X-c1-c3-X (cg as c1)"
cg-c3-cg-c1,0,-1,2,"GAFF 1.81, from gaff-1.81.dat (AmberTools 24.8) X-c1-c3-X (cg as c1)"
cg-c3-cg-cg,0,-1,2,"GAFF 1.81, from gaff-1.81.dat (AmberTools 24.8) X-c1-c3-X (cg as c1)"
cg-c3-cg-ch,0,-1,2,"GAFF 1.81, from gaff-1.81.dat (AmberTools 24.8) X-c1-c3-X (cg as c1)"
cg-c3-cg-ce,0,-1,2,"GAFF 1.81, from gaff-1.81.dat (AmberTools 24.8) X-c1-c3-X (cg as c1)"
cg-c3-cg-cu,0,-1,2,"GAFF 1.81, from gaff-1.81.dat (AmberTools 24.8) X-c1-c3-X (cg as c1)"
cg-c3-cg-c3,0,-1,2,"GAFF 1.81, from gaff-1.81.dat (AmberTools 24.8) X-c1-c3-X (cg as c1)"
cg-c3-cg-hc,0,-1,2,"GAFF 1.81, from gaff-1.81.dat (AmberTools 24.8) X-c1-c3-X (cg as c1)"
cg-c3-ch-ca,0,-1,2,"GAFF 1.81, from gaff-1.81.dat (AmberTools 24.8) X-c1-c3-X (ch as c1)"
cg-c3-ch-ha,0,-1,2,"GAFF 1.81, from gaff-1.81.dat (AmberTools 24.8) X-c1-c3-X (ch as c1)"
cg-c3-ch-cp,0,-1,2,"GAFF 1.81, from gaff-1.81.dat (AmberTools 24.8) X-c1-c3-X (ch as c1)"
cg-c3-ch-c1,0,-1,2,"GAFF 1.81, from gaff-1.81.dat (AmberTools 24.8) X-c1-c3-X (ch as c1)"
cg-c3-ch-cg,0,-1,2,"GAFF 1.81, from gaff-1.81.dat (AmberTools 24.8) X-c1-c3-X (ch as c1)"
cg-c3-ch-ch,0,-1,2,"GAFF 1.81, from gaff-1.81.dat (AmberTools 24.8) X-c1-c3-X (ch as c1)"
cg-c3-ch-ce,0,-1,2,"GAFF 1.81, from gaff-1.81.dat (AmberTools 24.8) X-c1-c3-X (ch as c1)"
cg-c3-ch-cu,0,-1,2,"GAFF 1.81, from gaff-1.81.dat (AmberTools 24.8) X-c1-c3-X (ch as c1)"
cg-c3-ch-c3,0,-1,2,"GAFF 1.81, from gaff-1.81.dat (AmberTools 24.8) X-c1-c3-X (ch as c1)"
cg-c3-ch-hc,0,-1,2,"GAFF 1.81, from gaff-1.81.dat (AmberTools 24.8) X-c1-c3-X (ch as c1)"
cg-c3-ce-ca,0,1,2,"GAFF 1.81, from gaff-1.81.dat (AmberTools 24.8) X-c2-c3-X (ce as c2)"
cg-c3-ce-ha,0,1,2,"GAFF 1.81, from gaff-1.81.dat (AmberTools 24.8) X-c2-c3-X (ce as c2)"
cg-c3-ce-cp,0,1,2,"GAFF 1.81, from gaff-1.81.dat (AmberTools 24.8) X-c2-c3-X (ce as c2)"
cg-c3-ce-c1,0,1,2,"GAFF 1.81, from gaff-1.81.dat (AmberTools 24.8) X-c2-c3-X (ce as c2)"
cg-c3-ce-cg,0,1,2,"GAFF 1.81, from gaff-1.81.dat (AmberTools 24.8) X-c2-c3-X (ce as c2)"
cg-c3-ce-ch,0,1,2,"GAFF 1.81, from gaff-1.81.dat (AmberTools 24.8) X-c2-c3-X (ce as c2)"
cg-c3-ce-ce,0,1,2,"GAFF 1.81, from gaff-1.81.dat (AmberTools 24.8) X-c2-c3-X (ce as c2)"
cg-c3-ce-cu,0,1,2,"GAFF 1.81, from gaff-1.81.dat (AmberTools 24.8) X-c2-c3-X (ce as c2)"
cg-c3-ce-c3,0,1,2,"GAFF 1.81, from gaff-1.81.dat (AmberTools 24.8) X-c2-c3-X (ce as c2)"
cg-c3-ce-hc,0,1,2,"GAFF 1.81, from gaff-1.81.dat (AmberTools 24.8) X-c2-c3-X (ce as c2)"
cg-c3-cu-ca,0,1,2,"GAFF 1.81, from gaff-1.81.dat (AmberTools 24.8) X-c2-c3-X (stand-in: *-c3-cu-* as X-c2-c3-X)"
cg-c3-cu-ha,0,1,2,"GAFF 1.81, from gaff-1.81.dat (AmberTools 24.8) X-c2-c3-X (stand-in: *-c3-cu-* as X-c2-c3-X)"
cg-c3-cu-cp,0,1,2,"GAFF 1.81, from gaff-1.81.dat (AmberTools 24.8) X-c2-c3-X (stand-in: *-c3-cu-* as X-c2-c3-X)"
cg-c3-cu-c1,0,1,2,"GAFF 1.81, from gaff-1.81.dat (AmberTools 24.8) X-c2-c3-X (stand-in: *-c3-cu-* as X-c2-c3-X)"
cg-c3-cu-cg,0,1,2,"GAFF 1.81, from gaff-1.81.dat (AmberTools 24.8) X-c2-c3-X (stand-in: *-c3-cu-* as X-c2-c3-X)"
cg-c3-cu-ch,0,1,2,"GAFF 1.81, from gaff-1.81.dat (AmberTools 24.8) X-c2-c3-X (stand-in: *-c3-cu-* as X-c2-c3-X)"
cg-c3-cu-ce,0,1,2,"GAFF 1.81, from gaff-1.81.dat (AmberTools 24.8) X-c2-c3-X (stand-in: *-c3-cu-* as X-c2-c3-X)"
cg-c3-cu-cu,0,1,2,"GAFF 1.81, from gaff-1.81.dat (AmberTools 24.8) X-c2-c3-X (stand-in: *-c3-cu-* as X-c2-c3-X)"
cg-c3-cu-c3,0,1,2,"GAFF 1.81, from gaff-1.81.dat (AmberTools 24.8) X-c2-c3-X (stand-in: *-c3-cu-* as X-c2-c3-X)"
cg-c3-cu-hc,0,1,2,"GAFF 1.81, from gaff-1.81.dat (AmberTools 24.8) X-c2-c3-X (stand-in: *-c3-cu-* as X-c2-c3-X)"
cg-c3-c3-ca,0.311111,1,3,"GAFF 1.81, from gaff-1.81.dat (AmberTools 24.8) X-c3-c3-X"
cg-c3-c3-ha,0.311111,1,3,"GAFF 1.81, from gaff-1.81.dat (AmberTools 24.8) X-c3-c3-X"
cg-c3-c3-cp,0.311111,1,3,"GAFF 1.81, from gaff-1.81.dat (AmberTools 24.8) X-c3-c3-X"
cg-c3-c3-c1,0.311111,1,3,"GAFF 1.81, from gaff-1.81.dat (AmberTools 24.8) X-c3-c3-X"
cg-c3-c3-cg,0.311111,1,3,"GAFF 1.81, from gaff-1.81.dat (AmberTools 24.8) X-c3-c3-X"
cg-c3-c3-ch,0.311111,1,3,"GAFF 1.81, from gaff-1.81.dat (AmberTools 24.8) X-c3-c3-X"
cg-c3-c3-ce,0.311111,1,3,"GAFF 1.81, from gaff-1.81.dat (AmberTools 24.8) X-c3-c3-X"
cg-c3-c3-cu,0.311111,1,3,"GAFF 1.81, from gaff-1.81.dat (AmberTools 24.8) X-c3-c3-X"
cg-c3-c3-c3,0.311111,1,3,"GAFF 1.81, from gaff-1.81.dat (AmberTools 24.8) X-c3-c3-X"
cg-c3-c3-hc,0.311111,1,3,"GAFF 1.81, from gaff-1.81.dat (AmberTools 24.8) X-c3-c3-X"
ch-ca-ca-ca,7.25,-1,2,"GAFF 1.81, from gaff-1.81.dat (AmberTools 24.8) X-ca-ca-X"
ch-ca-ca-ha,7.25,-1,2,"GAFF 1.81, from gaff-1.81.dat (AmberTools 24.8) X-ca-ca-X"
ch-ca-ca-cp,7.25,-1,2,"GAFF 1.81, from gaff-1.81.dat (AmberTools 24.8) X-ca-ca-X"
ch-ca-ca-c1,7.25,-1,2,"GAFF 1.81, from gaff-1.81.dat (AmberTools 24.8) X-ca-ca-X"
ch-ca-ca-cg,7.25,-1,2,"GAFF 1.81, from gaff-1.81.dat (AmberTools 24.8) X-ca-ca-X"
ch-ca-ca-ch,7.25,-1,2,"GAFF 1.81, from gaff-1.81.dat (AmberTools 24.8) X-ca-ca-X"
ch-ca-ca-ce,7.25,-1,2,"GAFF 1.81, from gaff-1.81.dat (AmberTools 24.8) X-ca-ca-X"
ch-ca-ca-cu,7.25,-1,2,"GAFF 1.81, from gaff-1.81.dat (AmberTools 24.8) X-ca-ca-X"
ch-ca-ca-c3,7.25,-1,2,"GAFF 1.81, from gaff-1.81.dat (AmberTools 24.8) X-ca-ca-X"
ch-ca-ca-hc,7.25,-1,2,"GAFF 1.81, from gaff-1.81.dat (AmberTools 24.8) X-ca-ca-X"
ch-ca-cp-ca,7.25,-1,2,"GAFF 1.81, from gaff-1.81.dat (AmberTools 24.8) X-ca-cp-X"
ch-ca-cp-ha,7.25,-1,2,"GAFF 1.81, from gaff-1.81.dat (AmberTools 24.8) X-ca-cp-X"
ch-ca-cp-cp,7.25,-1,2,"GAFF 1.81, from gaff-1.81.dat (AmberTools 24.8) X-ca-cp-X"
ch-ca-cp-c1,7.25,-1,2,"GAFF 1.81, from gaff-1.81.dat (AmberTools 24.8) X-ca-cp-X"
ch-ca-cp-cg,7.25,-1,2,"GAFF 1.81, from gaff-1.81.dat (AmberTools 24.8) X-ca-cp-X"
ch-ca-cp-ch,7.25,-1,2,"GAFF 1.81, from gaff-1.81.dat (AmberTools 24.8) X-ca-cp-X"
ch-ca-cp-ce,7.25,-1,2,"GAFF 1.81, from gaff-1.81.dat (AmberTools 24.8) X-ca-cp-X"
ch-ca-cp-cu,7.25,-1,2,"GAFF 1.81, from gaff-1.81.dat (AmberTools 24.8) X-ca-cp-X"
ch-ca-cp-c3,7.25,-1,2,"GAFF 1.81, from gaff-1.81.dat (AmberTools 24.8) X-ca-cp-X"
ch-ca-cp-hc,7.25,-1,2,"GAFF 1.81, from gaff-1.81.dat (AmberTools 24.8) X-ca-cp-X"
ch-ca-c1-ca,0,-1,2,"GAFF 1.81, from gaff-1.81.dat (AmberTools 24.8) X-c1-ca-X"
ch-ca-c1-ha,0,-1,2,"GAFF 1.81, from gaff-1.81.dat (AmberTools 24.8) X-c1-ca-X"
ch-ca-c1-cp,0,-1,2,"GAFF 1.81, from gaff-1.81.dat (AmberTools 24.8) X-c1-ca-X"
ch-ca-c1-c1,0,-1,2,"GAFF 1.81, from gaff-1.81.dat (AmberTools 24.8) X-c1-ca-X"
ch-ca-c1-cg,0,-1,2,"GAFF 1.81, from gaff-1.81.dat (AmberTools 24.8) X-c1-ca-X"
ch-ca-c1-ch,0,-1,2,"GAFF 1.81, from gaff-1.81.dat (AmberTools 24.8) X-c1-ca-X"
ch-ca-c1-ce,0,-1,2,"GAFF 1.81, from gaff-1.81.dat (AmberTools 24.8) X-c1-ca-X"
ch-ca-c1-cu,0,-1,2,"GAFF 1.81, from gaff-1.81.dat (AmberTools 24.8) X-c1-ca-X"
ch-ca-c1-c3,0,-1,2,"GAFF 1.81, from gaff-1.81.dat (AmberTools 24.8) X-c1-ca-X"
ch-ca-c1-hc,0,-1,2,"GAFF 1.81, from gaff-1.81.dat (AmberTools 24.8) X-c1-ca-X"
ch-ca-cg-ca,0,-1,2,"GAFF 1.81, from gaff-1.81.dat (AmberTools 24.8) X-c1-ca-X (cg as c1)"
ch-ca-cg-ha,0,-1,2,"GAFF 1.81, from gaff-1.81.dat (AmberTools 24.8) X-c1-ca-X (cg as c1)"
ch-ca-cg-cp,0,-1,2,"GAFF 1.81, from gaff-1.81.dat (AmberTools 24.8) X-c1-ca-X (cg as c1)"
ch-ca-cg-c1,0,-1,2,"GAFF 1.81, from gaff-1.81.dat (AmberTools 24.8) X-c1-ca-X (cg as c1)"
ch-ca-cg-cg,0,-1,2,"GAFF 1.81, from gaff-1.81.dat (AmberTools 24.8) X-c1-ca-X (cg as c1)"
ch-ca-cg-ch,0,-1,2,"GAFF 1.81, from gaff-1.81.dat (AmberTools 24.8) X-c1-ca-X (cg as c1)"
ch-ca-cg-ce,0,-1,2,"GAFF 1.81, from gaff-1.81.dat (AmberTools 24.8) X-c1-ca-X (cg as c1)"
ch-ca-cg-cu,0,-1,2,"GAFF 1.81, from gaff-1.81.dat (AmberTools 24.8) X-c1-ca-X (cg as c1)"
ch-ca-cg-c3,0,-1,2,"GAFF 1.81, from gaff-1.81.dat (AmberTools 24.8) X-c1-ca-X (cg as c1)"
ch-ca-cg-hc,0,-1,2,"GAFF 1.81, from gaff-1.81.dat (AmberTools 24.8) X-c1-ca-X (cg as c1)"
ch-ca-ch-ca,0,-1,2,"GAFF 1.81, from gaff-1.81.dat (AmberTools 24.8) X-c1-ca-X (ch as c1)"
ch-ca-ch-ha,0,-1,2,"GAFF 1.81, from gaff-1.81.dat (AmberTools 24.8) X-c1-ca-X (ch as c1)"
ch-ca-ch-cp,0,-1,2,"GAFF 1.81, from gaff-1.81.dat (AmberTools 24.8) X-c1-ca-X (ch as c1)"
ch-ca-ch-c1,0,-1,2,"GAFF 1.81, from gaff-1.81.dat (AmberTools 24.8) X-c1-ca-X (ch as c1)"
ch-ca-ch-cg,0,-1,2,"GAFF 1.81, from gaff-1.81.dat (AmberTools 24.8) X-c1-ca-X (ch as c1)"
ch-ca-ch-ch,0,-1,2,"GAFF 1.81, from gaff-1.81.dat (AmberTools 24.8) X-c1-ca-X (ch as c1)"
ch-ca-ch-ce,0,-1,2,"GAFF 1.81, from gaff-1.81.dat (AmberTools 24.8) X-c1-ca-X (ch as c1)"
ch-ca-ch-cu,0,-1,2,"GAFF 1.81, from gaff-1.81.dat (AmberTools 24.8) X-c1-ca-X (ch as c1)"
ch-ca-ch-c3,0,-1,2,"GAFF 1.81, from gaff-1.81.dat (AmberTools 24.8) X-c1-ca-X (ch as c1)"
ch-ca-ch-hc,0,-1,2,"GAFF 1.81, from gaff-1.81.dat (AmberTools 24.8) X-c1-ca-X (ch as c1)"
ch-ca-ce-ca,1.4,-1,2,"GAFF 1.81, from gaff-1.81.dat (AmberTools 24.8) X-c2-ca-X (ce as c2)"
ch-ca-ce-ha,1.4,-1,2,"GAFF 1.81, from gaff-1.81.dat (AmberTools 24.8) X-c2-ca-X (ce as c2)"
ch-ca-ce-cp,1.4,-1,2,"GAFF 1.81, from gaff-1.81.dat (AmberTools 24.8) X-c2-ca-X (ce as c2)"
ch-ca-ce-c1,1.4,-1,2,"GAFF 1.81, from gaff-1.81.dat (AmberTools 24.8) X-c2-ca-X (ce as c2)"
ch-ca-ce-cg,1.4,-1,2,"GAFF 1.81, from gaff-1.81.dat (AmberTools 24.8) X-c2-ca-X (ce as c2)"
ch-ca-ce-ch,1.4,-1,2,"GAFF 1.81, from gaff-1.81.dat (AmberTools 24.8) X-c2-ca-X (ce as c2)"
ch-ca-ce-ce,1.4,-1,2,"GAFF 1.81, from gaff-1.81.dat (AmberTools 24.8) X-c2-ca-X (ce as c2)"
ch-ca-ce-cu,1.4,-1,2,"GAFF 1.81, from gaff-1.81.dat (AmberTools 24.8) X-c2-ca-X (ce as c2)"
ch-ca-ce-c3,1.4,-1,2,"GAFF 1.81, from gaff-1.81.dat (AmberTools 24.8) X-c2-ca-X (ce as c2)"
ch-ca-ce-hc,1.4,-1,2,"GAFF 1.81, from gaff-1.81.dat (AmberTools 24.8) X-c2-ca-X (ce as c2)"
ch-ca-cu-ca,2,-1,2,"GAFF 1.81, from gaff-1.81.dat (AmberTools 24.8) X-cp-cp-X (stand-in: *-ca-cu-* as X-cp-cp-X)"
ch-ca-cu-ha,2,-1,2,"GAFF 1.81, from gaff-1.81.dat (AmberTools 24.8) X-cp-cp-X (stand-in: *-ca-cu-* as X-cp-cp-X)"
ch-ca-cu-cp,2,-1,2,"GAFF 1.81, from gaff-1.81.dat (AmberTools 24.8) X-cp-cp-X (stand-in: *-ca-cu-* as X-cp-cp-X)"
ch-ca-cu-c1,2,-1,2,"GAFF 1.81, from gaff-1.81.dat (AmberTools 24.8) X-cp-cp-X (stand-in: *-ca-cu-* as X-cp-cp-X)"
ch-ca-cu-cg,2,-1,2,"GAFF 1.81, from gaff-1.81.dat (AmberTools 24.8) X-cp-cp-X (stand-in: *-ca-cu-* as X-cp-cp-X)"
ch-ca-cu-ch,2,-1,2,"GAFF 1.81, from gaff-1.81.dat (AmberTools 24.8) X-cp-cp-X (stand-in: *-ca-cu-* as X-cp-cp-X)"
ch-ca-cu-ce,2,-1,2,"GAFF 1.81, from gaff-1.81.dat (AmberTools 24.8) X-cp-cp-X (stand-in: *-ca-cu-* as X-cp-cp-X)"
ch-ca-cu-cu,2,-1,2,"GAFF 1.81, from gaff-1.81.dat (AmberTools 24.8) X-cp-cp-X (stand-in: *-ca-cu-* as X-cp-cp-X)"
ch-ca-cu-c3,2,-1,2,"GAFF 1.81, from gaff-1.81.dat (AmberTools 24.8) X-cp-cp-X (stand-in: *-ca-cu-* as X-cp-cp-X)"
ch-ca-cu-hc,2,-1,2,"GAFF 1.81, from gaff-1.81.dat (AmberTools 24.8) X-cp-cp-X (stand-in: *-ca-cu-* as X-cp-cp-X)"
ch-ca-c3-ca,0,1,2,"GAFF 1.81, from gaff-1.81.dat (AmberTools 24.8) X-c3-ca-X"
ch-ca-c3-ha,0,1,2,"GAFF 1.81, from gaff-1.81.dat (AmberTools 24.8) X-c3-ca-X"
ch-ca-c3-cp,0,1,2,"GAFF 1.81, from gaff-1.81.dat (AmberTools 24.8) X-c3-ca-X"
ch-ca-c3-c1,0,1,2,"GAFF 1.81, from gaff-1.81.dat (AmberTools 24.8) X-c3-ca-X"
ch-ca-c3-cg,0,1,2,"GAFF 1.81, from gaff-1.81.dat (AmberTools 24.8) X-c3-ca-X"
ch-ca-c3-ch,0,1,2,"GAFF 1.81, from gaff-1.81.dat (AmberTools 24.8) X-c3-ca-X"
ch-ca-c3-ce,0,1,2,"GAFF 1.81, from gaff-1.81.dat (AmberTools 24.8) X-c3-ca-X"
ch-ca-c3-cu,0,1,2,"GAFF 1.81, from gaff-1.81.dat (AmberTools 24.8) X-c3-ca-X"
ch-ca-c3-c3,0,1,2,"GAFF 1.81, from gaff-1.81.dat (AmberTools 24.8) X-c3-ca-X"
ch-ca-c3-hc,0,1,2,"GAFF 1.81, from gaff-1.81.dat (AmberTools 24.8) X-c3-ca-X"
ch-cp-ca-ca,7.25,-1,2,"GAFF 1.81, from gaff-1.81.dat (AmberTools 24.8) X-ca-cp-X"
ch-cp-ca-ha,7.25,-1,2,"GAFF 1.81, from gaff-1.81.dat (AmberTools 24.8) X-ca-cp-X"
ch-cp-ca-cp,7.25,-1,2,"GAFF 1.81, from gaff-1.81.dat (AmberTools 24.8) X-ca-cp-X"
ch-cp-ca-c1,7.25,-1,2,"GAFF 1.81, from gaff-1.81.dat (AmberTools 24.8) X-ca-cp-X"
ch-cp-ca-cg,7.25,-1,2,"GAFF 1.81, from gaff-1.81.dat (AmberTools 24.8) X-ca-cp-X"
ch-cp-ca-ch,7.25,-1,2,"GAFF 1.81, from gaff-1.81.dat (AmberTools 24.8) X-ca-cp-X"
ch-cp-ca-ce,7.25,-1,2,"GAFF 1.81, from gaff-1.81.dat (AmberTools 24.8) X-ca-cp-X"
ch-cp-ca-cu,7.25,-1,2,"GAFF 1.81, from gaff-1.81.dat (AmberTools 24.8) X-ca-cp-X"
ch-cp-ca-c3,7.25,-1,2,"GAFF 1.81, from gaff-1.81.dat (AmberTools 24.8) X-ca-cp-X"
ch-cp-ca-hc,7.25,-1,2,"GAFF 1.81, from gaff-1.81.dat (AmberTools 24.8) X-ca-cp-X"
ch-cp-cp-ca,2,-1,2,"GAFF 1.81, from gaff-1.81.dat (AmberTools 24.8) X-cp-cp-X"
ch-cp-cp-ha,2,-1,2,"GAFF 1.81, from gaff-1.81.dat (AmberTools 24.8) X-cp-cp-X"
ch-cp-cp-cp,2,-1,2,"GAFF 1.81, from gaff-1.81.dat (AmberTools 24.8) X-cp-cp-X"
ch-cp-cp-c1,2,-1,2,"GAFF 1.81, from gaff-1.81.dat (AmberTools 24.8) X-cp-cp-X"
ch-cp-cp-cg,2,-1,2,"GAFF 1.81, from gaff-1.81.dat (AmberTools 24.8) X-cp-cp-X"
ch-cp-cp-ch,2,-1,2,"GAFF 1.81, from gaff-1.81.dat (AmberTools 24.8) X-cp-cp-X"
ch-cp-cp-ce,2,-1,2,"GAFF 1.81, from gaff-1.81.dat (AmberTools 24.8) X-cp-cp-X"
ch-cp-cp-cu,2,-1,2,"GAFF 1.81, from gaff-1.81.dat (AmberTools 24.8) X-cp-cp-X"
ch-cp-cp-c3,2,-1,2,"GAFF 1.81, from gaff-1.81.dat (AmberTools 24.8) X-cp-cp-X"
ch-cp-cp-hc,2,-1,2,"GAFF 1.81, from gaff-1.81.dat (AmberTools 24.8) X-cp-cp-X"
ch-cp-c1-ca,0,-1,2,"GAFF 1.81, from gaff-1.81.dat (AmberTools 24.8) X-c1-ca-X (cp as ca)"
ch-cp-c1-ha,0,-1,2,"GAFF 1.81, from gaff-1.81.dat (AmberTools 24.8) X-c1-ca-X (cp as ca)"
ch-cp-c1-cp,0,-1,2,"GAFF 1.81, from gaff-1.81.dat (AmberTools 24.8) X-c1-ca-X (cp as ca)"
ch-cp-c1-c1,0,-1,2,"GAFF 1.81, from gaff-1.81.dat (AmberTools 24.8) X-c1-ca-X (cp as ca)"
ch-cp-c1-cg,0,-1,2,"GAFF 1.81, from gaff-1.81.dat (AmberTools 24.8) X-c1-ca-X (cp as ca)"
ch-cp-c1-ch,0,-1,2,"GAFF 1.81, from gaff-1.81.dat (AmberTools 24.8) X-c1-ca-X (cp as ca)"
ch-cp-c1-ce,0,-1,2,"GAFF 1.81, from gaff-1.81.dat (AmberTools 24.8) X-c1-ca-X (cp as ca)"
ch-cp-c1-cu,0,-1,2,"GAFF 1.81, from gaff-1.81.dat (AmberTools 24.8) X-c1-ca-X (cp as ca)"
ch-cp-c1-c3,0,-1,2,"GAFF 1.81, from gaff-1.81.dat (AmberTools 24.8) X-c1-ca-X (cp as ca)"
ch-cp-c1-hc,0,-1,2,"GAFF 1.81, from gaff-1.81.dat (AmberTools 24.8) X-c1-ca-X (cp as ca)"
ch-cp-cg-ca,0,-1,2,"GAFF 1.81, from gaff-1.81.dat (AmberTools 24.8) X-c1-ca-X (cg as c1, cp as ca)"
ch-cp-cg-ha,0,-1,2,"GAFF 1.81, from gaff-1.81.dat (AmberTools 24.8) X-c1-ca-X (cg as c1, cp as ca)"
ch-cp-cg-cp,0,-1,2,"GAFF 1.81, from gaff-1.81.dat (AmberTools 24.8) X-c1-ca-X (cg as c1, cp as ca)"
ch-cp-cg-c1,0,-1,2,"GAFF 1.81, from gaff-1.81.dat (AmberTools 24.8) X-c1-ca-X (cg as c1, cp as ca)"
ch-cp-cg-cg,0,-1,2,"GAFF 1.81, from gaff-1.81.dat (AmberTools 24.8) X-c1-ca-X (cg as c1, cp as ca)"
ch-cp-cg-ch,0,-1,2,"GAFF 1.81, from gaff-1.81.dat (AmberTools 24.8) X-c1-ca-X (cg as c1, cp as ca)"
ch-cp-cg-ce,0,-1,2,"GAFF 1.81, from gaff-1.81.dat (AmberTools 24.8) X-c1-ca-X (cg as c1, cp as ca)"
ch-cp-cg-cu,0,-1,2,"GAFF 1.81, from gaff-1.81.dat (AmberTools 24.8) X-c1-ca-X (cg as c1, cp as ca)"
ch-cp-cg-c3,0,-1,2,"GAFF 1.81, from gaff-1.81.dat (AmberTools 24.8) X-c1-ca-X (cg as c1, cp as ca)"
ch-cp-cg-hc,0,-1,2,"GAFF 1.81, from gaff-1.81.dat (AmberTools 24.8) X-c1-ca-X (cg as c1, cp as ca)"
ch-cp-ch-ca,0,-1,2,"GAFF 1.81, from gaff-1.81.dat (AmberTools 24.8) X-c1-ca-X (ch as c1, cp as ca)"
ch-cp-ch-ha,0,-1,2,"GAFF 1.81, from gaff-1.81.dat (AmberTools 24.8) X-c1-ca-X (ch as c1, cp as ca)"
ch-cp-ch-cp,0,-1,2,"GAFF 1.81, from gaff-1.81.dat (AmberTools 24.8) X-c1-ca-X (ch as c1, cp as ca)"
ch-cp-ch-c1,0,-1,2,"GAFF 1.81, from gaff-1.81.dat (AmberTools 24.8) X-c1-ca-X (ch as c1, cp as ca)"
ch-cp-ch-cg,0,-1,2,"GAFF 1.81, from gaff-1.81.dat (AmberTools 24.8) X-c1-ca-X (ch as c1, cp as ca)"
ch-cp-ch-ch,0,-1,2,"GAFF 1.81, from gaff-1.81.dat (AmberTools 24.8) X-c1-ca-X (ch as c1, cp as ca)"
ch-cp-ch-ce,0,-1,2,"GAFF 1.81, from gaff-1.81.dat (AmberTools 24.8) X-c1-ca-X (ch as c1, cp as ca)"
ch-cp-ch-cu,0,-1,2,"GAFF 1.81, from gaff-1.81.dat (AmberTools 24.8) X-c1-ca-X (ch as c1, cp as ca)"
ch-cp-ch-c3,0,-1,2,"GAFF 1.81, from gaff-1.81.dat (AmberTools 24.8) X-c1-ca-X (ch as c1, cp as ca)"
ch-cp-ch-hc,0,-1,2,"GAFF 1.81, from gaff-1.81.dat (AmberTools 24.8) X-c1-ca-X (ch as c1, cp as ca)"
ch-cp-ce-ca,1.4,-1,2,"GAFF 1.81, from gaff-1.81.dat (AmberTools 24.8) X-c2-ca-X (ce as c2, cp as ca)"
ch-cp-ce-ha,1.4,-1,2,"GAFF 1.81, from gaff-1.81.dat (AmberTools 24.8) X-c2-ca-X (ce as c2, cp as ca)"
ch-cp-ce-cp,1.4,-1,2,"GAFF 1.81, from gaff-1.81.dat (AmberTools 24.8) X-c2-ca-X (ce as c2, cp as ca)"
ch-cp-ce-c1,1.4,-1,2,"GAFF 1.81, from gaff-1.81.dat (AmberTools 24.8) X-c2-ca-X (ce as c2, cp as ca)"
ch-cp-ce-cg,1.4,-1,2,"GAFF 1.81, from gaff-1.81.dat (AmberTools 24.8) X-c2-ca-X (ce as c2, cp as ca)"
ch-cp-ce-ch,1.4,-1,2,"GAFF 1.81, from gaff-1.81.dat (AmberTools 24.8) X-c2-ca-X (ce as c2, cp as ca)"
ch-cp-ce-ce,1.4,-1,2,"GAFF 1.81, from gaff-1.81.dat (AmberTools 24.8) X-c2-ca-X (ce as c2, cp as ca)"
ch-cp-ce-cu,1.4,-1,2,"GAFF 1.81, from gaff-1.81.dat (AmberTools 24.8) X-c2-ca-X (ce as c2, cp as ca)"
ch-cp-ce-c3,1.4,-1,2,"GAFF 1.81, from gaff-1.81.dat (AmberTools 24.8) X-c2-ca-X (ce as c2, cp as ca)"
ch-cp-ce-hc,1.4,-1,2,"GAFF 1.81, from gaff-1.81.dat (AmberTools 24.8) X-c2-ca-X (ce as c2, cp as ca)"
ch-cp-cu-ca,2,-1,2,"GAFF 1.81, from gaff-1.81.dat (AmberTools 24.8) X-cp-cp-X (stand-in: *-cp-cu-* as X-cp-cp-X)"
ch-cp-cu-ha,2,-1,2,"GAFF 1.81, from gaff-1.81.dat (AmberTools 24.8) X-cp-cp-X (stand-in: *-cp-cu-* as X-cp-cp-X)"
ch-cp-cu-cp,2,-1,2,"GAFF 1.81, from gaff-1.81.dat (AmberTools 24.8) X-cp-cp-X (stand-in: *-cp-cu-* as X-cp-cp-X)"
ch-cp-cu-c1,2,-1,2,"GAFF 1.81, from gaff-1.81.dat (AmberTools 24.8) X-cp-cp-X (stand-in: *-cp-cu-* as X-cp-cp-X)"
ch-cp-cu-cg,2,-1,2,"GAFF 1.81, from gaff-1.81.dat (AmberTools 24.8) X-cp-cp-X (stand-in: *-cp-cu-* as X-cp-cp-X)"
ch-cp-cu-ch,2,-1,2,"GAFF 1.81, from gaff-1.81.dat (AmberTools 24.8) X-cp-cp-X (stand-in: *-cp-cu-* as X-cp-cp-X)"
ch-cp-cu-ce,2,-1,2,"GAFF 1.81, from gaff-1.81.dat (AmberTools 24.8) X-cp-cp-X (stand-in: *-cp-cu-* as X-cp-cp-X)"
ch-cp-cu-cu,2,-1,2,"GAFF 1.81, from gaff-1.81.dat (AmberTools 24.8) X-cp-cp-X (stand-in: *-cp-cu-* as X-cp-cp-X)"
ch-cp-cu-c3,2,-1,2,"GAFF 1.81, from gaff-1.81.dat (AmberTools 24.8) X-cp-cp-X (stand-in: *-cp-cu-* as X-cp-cp-X)"
ch-cp-cu-hc,2,-1,2,"GAFF 1.81, from gaff-1.81.dat (AmberTools 24.8) X-cp-cp-X (stand-in: *-cp-cu-* as X-cp-cp-X)"
ch-cp-c3-ca,0,1,2,"GAFF 1.81, from gaff-1.81.dat (AmberTools 24.8) X-c3-ca-X (cp as ca)"
ch-cp-c3-ha,0,1,2,"GAFF 1.81, from gaff-1.81.dat (AmberTools 24.8) X-c3-ca-X (cp as ca)"
ch-cp-c3-cp,0,1,2,"GAFF 1.81, from gaff-1.81.dat (AmberTools 24.8) X-c3-ca-X (cp as ca)"
ch-cp-c3-c1,0,1,2,"GAFF 1.81, from gaff-1.81.dat (AmberTools 24.8) X-c3-ca-X (cp as ca)"
ch-cp-c3-cg,0,1,2,"GAFF 1.81, from gaff-1.81.dat (AmberTools 24.8) X-c3-ca-X (cp as ca)"
ch-cp-c3-ch,0,1,2,"GAFF 1.81, from gaff-1.81.dat (AmberTools 24.8) X-c3-ca-X (cp as ca)"
ch-cp-c3-ce,0,1,2,"GAFF 1.81, from gaff-1.81.dat (AmberTools 24.8) X-c3-ca-X (cp as ca)"
ch-cp-c3-cu,0,1,2,"GAFF 1.81, from gaff-1.81.dat (AmberTools 24.8) X-c3-ca-X (cp as ca)"
ch-cp-c3-c3,0,1,2,"GAFF 1.81, from gaff-1.81.dat (AmberTools 24.8) X-c3-ca-X (cp as ca)"
ch-cp-c3-hc,0,1,2,"GAFF 1.81, from gaff-1.81.dat (AmberTools 24.8) X-c3-ca-X (cp as ca)"
ch-c1-ca-ca,0,-1,2,"GAFF 1.81, from gaff-1.81.dat (AmberTools 24.8) X-c1-ca-X"
ch-c1-ca-ha,0,-1,2,"GAFF 1.81, from gaff-1.81.dat (AmberTools 24.8) X-c1-ca-X"
ch-c1-ca-cp,0,-1,2,"GAFF 1.81, from gaff-1.81.dat (AmberTools 24.8) X-c1-ca-X"
ch-c1-ca-c1,0,-1,2,"GAFF 1.81, from gaff-1.81.dat (AmberTools 24.8) X-c1-ca-X"
ch-c1-ca-cg,0,-1,2,"GAFF 1.81, from gaff-1.81.dat (AmberTools 24.8) X-c1-ca-X"
ch-c1-ca-ch,0,-1,2,"GAFF 1.81, from gaff-1.81.dat (AmberTools 24.8) X-c1-ca-X"
ch-c1-ca-ce,0,-1,2,"GAFF 1.81, from gaff-1.81.dat (AmberTools 24.8) X-c1-ca-X"
ch-c1-ca-cu,0,-1,2,"GAFF 1.81, from gaff-1.81.dat (AmberTools 24.8) X-c1-ca-X"
ch-c1-ca-c3,0,-1,2,"GAFF 1.81, from gaff-1.81.dat (AmberTools 24.8) X-c1-ca-X"
ch-c1-ca-hc,0,-1,2,"GAFF 1.81, from gaff-1.81.dat (AmberTools 24.8) X-c1-ca-X"
ch-c1-cp-ca,0,-1,2,"GAFF 1.81, from gaff-1.81.dat (AmberTools 24.8) X-c1-ca-X (cp as ca)"
ch-c1-cp-ha,0,-1,2,"GAFF 1.81, from gaff-1.81.dat (AmberTools 24.8) X-c1-ca-X (cp as ca)"
ch-c1-cp-cp,0,-1,2,"GAFF 1.81, from gaff-1.81.dat (AmberTools 24.8) X-c1-ca-X (cp as ca)"
ch-c1-cp-c1,0,-1,2,"GAFF 1.81, from gaff-1.81.dat (AmberTools 24.8) X-c1-ca-X (cp as ca)"
ch-c1-cp-cg,0,-1,2,"GAFF 1.81, from gaff-1.81.dat (AmberTools 24.8) X-c1-ca-X (cp as ca)"
ch-c1-cp-ch,0,-1,2,"GAFF 1.81, from gaff-1.81.dat (AmberTools 24.8) X-c1-ca-X (cp as ca)"
ch-c1-cp-ce,0,-1,2,"GAFF 1.81, from gaff-1.81.dat (AmberTools 24.8) X-c1-ca-X (cp as ca)"
ch-c1-cp-cu,0,-1,2,"GAFF 1.81, from gaff-1.81.dat (AmberTools 24.8) X-c1-ca-X (cp as ca)"
ch-c1-cp-c3,0,-1,2,"GAFF 1.81, from gaff-1.81.dat (AmberTools 24.8) X-c1-ca-X (cp as ca)"
ch-c1-cp-hc,0,-1,2,"GAFF 1.81, from gaff-1.81.dat (AmberTools 24.8) X-c1-ca-X (cp as ca)"
ch-c1-c1-ca,0,-1,2,"GAFF 1.81, from gaff-1.81.dat (AmberTools 24.8) X-c1-c1-X"
ch-c1-c1-ha,0,-1,2,"GAFF 1.81, from gaff-1.81.dat (AmberTools 24.8) X-c1-c1-X"
ch-c1-c1-cp,0,-1,2,"GAFF 1.81, from gaff-1.81.dat (AmberTools 24.8) X-c1-c1-X"
ch-c1-c1-c1,0,-1,2,"GAFF 1.81, from gaff-1.81.dat (AmberTools 24.8) X-c1-c1-X"
ch-c1-c1-cg,0,-1,2,"GAFF 1.81, from gaff-1.81.dat (AmberTools 24.8) X-c1-c1-X"
ch-c1-c1-ch,0,-1,2,"GAFF 1.81, from gaff-1.81.dat (AmberTools 24.8) X-c1-c1-X"
ch-c1-c1-ce,0,-1,2,"GAFF 1.81, from gaff-1.81.dat (AmberTools 24.8) X-c1-c1-X"
ch-c1-c1-cu,0,-1,2,"GAFF 1.81, from gaff-1.81.dat (AmberTools 24.8) X-c1-c1-X"
ch-c1-c1-c3,0,-1,2,"GAFF 1.81, from gaff-1.81.dat (AmberTools 24.8) X-c1-c1-X"
ch-c1-c1-hc,0,-1,2,"GAFF 1.81, from gaff-1.81.dat (AmberTools 24.8) X-c1-c1-X"
ch-c1-cg-ca,0,-1,2,"GAFF 1.81, from gaff-1.81.dat (AmberTools 24.8) X-c1-cg-X"
ch-c1-cg-ha,0,-1,2,"GAFF 1.81, from gaff-1.81.dat (AmberTools 24.8) X-c1-cg-X"
ch-c1-cg-cp,0,-1,2,"GAFF 1.81, from gaff-1.81.dat (AmberTools 24.8) X-c1-cg-X"
ch-c1-cg-c1,0,-1,2,"GAFF 1.81, from gaff-1.81.dat (AmberTools 24.8) X-c1-cg-X"
ch-c1-cg-cg,0,-1,2,"GAFF 1.81, from gaff-1.81.dat (AmberTools 24.8) X-c1-cg-X"
ch-c1-cg-ch,0,-1,2,"GAFF 1.81, from gaff-1.81.dat (AmberTools 24.8) X-c1-cg-X"
ch-c1-cg-ce,0,-1,2,"GAFF 1.81, from gaff-1.81.dat (AmberTools 24.8) X-c1-cg-X"
ch-c1-cg-cu,0,-1,2,"GAFF 1.81, from gaff-1.81.dat (AmberTools 24.8) X-c1-cg-X"
ch-c1-cg-c3,0,-1,2,"GAFF 1.81, from gaff-1.81.dat (AmberTools 24.8) X-c1-cg-X"
ch-c1-cg-hc,0,-1,2,"GAFF 1.81, from gaff-1.81.dat (AmberTools 24.8) X-c1-cg-X"
ch-c1-ch-ca,0,-1,2,"GAFF 1.81, from gaff-1.81.dat (AmberTools 24.8) X-c1-ch-X"
ch-c1-ch-ha,0,-1,2,"GAFF 1.81, from gaff-1.81.dat (AmberTools 24.8) X-c1-ch-X"
ch-c1-ch-cp,0,-1,2,"GAFF 1.81, from gaff-1.81.dat (AmberTools 24.8) X-c1-ch-X"
ch-c1-ch-c1,0,-1,2,"GAFF 1.81, from gaff-1.81.dat (AmberTools 24.8) X-c1-ch-X"
ch-c1-ch-cg,0,-1,2,"GAFF 1.81, from gaff-1.81.dat (AmberTools 24.8) X-c1-ch-X"
ch-c1-ch-ch,0,-1,2,"GAFF 1.81, from gaff-1.81.dat (AmberTools 24.8) X-c1-ch-X"
ch-c1-ch-ce,0,-1,2,"GAFF 1.81, from gaff-1.81.dat (AmberTools 24.8) X-c1-ch-X"
ch-c1-ch-cu,0,-1,2,"GAFF 1.81, from gaff-1.81.dat (AmberTools 24.8) X-c1-ch-X"
ch-c1-ch-c3,0,-1,2,"GAFF 1.81, from gaff-1.81.dat (AmberTools 24.8) X-c1-ch-X"
ch-c1-ch-hc,0,-1,2,"GAFF 1.81, from gaff-1.81.dat (AmberTools 24.8) X-c1-ch-X"
ch-c1-ce-ca,0,-1,2,"GAFF 1.81, from gaff-1.81.dat (AmberTools 24.8) X-c1-ce-X"
ch-c1-ce-ha,0,-1,2,"GAFF 1.81, from gaff-1.81.dat (AmberTools 24.8) X-c1-ce-X"
ch-c1-ce-cp,0,-1,2,"GAFF 1.81, from gaff-1.81.dat (AmberTools 24.8) X-c1-ce-X"
ch-c1-ce-c1,0,-1,2,"GAFF 1.81, from gaff-1.81.dat (AmberTools 24.8) X-c1-ce-X"
ch-c1-ce-cg,0,-1,2,"GAFF 1.81, from gaff-1.81.dat (AmberTools 24.8) X-c1-ce-X"
ch-c1-ce-ch,0,-1,2,"GAFF 1.81, from gaff-1.81.dat (AmberTools 24.8) X-c1-ce-X"
ch-c1-ce-ce,0,-1,2,"GAFF 1.81, from gaff-1.81.dat (AmberTools 24.8) X-c1-ce-X"
ch-c1-ce-cu,0,-1,2,"GAFF 1.81, from gaff-1.81.dat (AmberTools 24.8) X-c1-ce-X"
ch-c1-ce-c3,0,-1,2,"GAFF 1.81, from gaff-1.81.dat (AmberTools 24.8) X-c1-ce-X"
ch-c1-ce-hc,0,-1,2,"GAFF 1.81, from gaff-1.81.dat (AmberTools 24.8) X-c1-ce-X"
ch-c1-cu-ca,0,-1,2,"GAFF 1.81, from gaff-1.81.dat (AmberTools 24.8) X-c1-cu-X"
ch-c1-cu-ha,0,-1,2,"GAFF 1.81, from gaff-1.81.dat (AmberTools 24.8) X-c1-cu-X"
ch-c1-cu-cp,0,-1,2,"GAFF 1.81, from gaff-1.81.dat (AmberTools 24.8) X-c1-cu-X"
ch-c1-cu-c1,0,-1,2,"GAFF 1.81, from gaff-1.81.dat (AmberTools 24.8) X-c1-cu-X"
ch-c1-cu-cg,0,-1,2,"GAFF 1.81, from gaff-1.81.dat (AmberTools 24.8) X-c1-cu-X"
ch-c1-cu-ch,0,-1,2,"GAFF 1.81, from gaff-1.81.dat (AmberTools 24.8) X-c1-cu-X"
ch-c1-cu-ce,0,-1,2,"GAFF 1.81, from gaff-1.81.dat (AmberTools 24.8) X-c1-cu-X"
ch-c1-cu-cu,0,-1,2,"GAFF 1.81, from gaff-1.81.dat (AmberTools 24.8) X-c1-cu-X"
ch-c1-cu-c3,0,-1,2,"GAFF 1.81, from gaff-1.81.dat (AmberTools 24.8) X-c1-cu-X"
ch-c1-cu-hc,0,-1,2,"GAFF 1.81, from gaff-1.81.dat (AmberTools 24.8) X-c1-cu-X"
ch-c1-c3-ca,0,-1,2,"GAFF 1.81, from gaff-1.81.dat (AmberTools 24.8) X-c1-c3-X"
ch-c1-c3-ha,0,-1,2,"GAFF 1.81, from gaff-1.81.dat (AmberTools 24.8) X-c1-c3-X"
ch-c1-c3-cp,0,-1,2,"GAFF 1.81, from gaff-1.81.dat (AmberTools 24.8) X-c1-c3-X"
ch-c1-c3-c1,0,-1,2,"GAFF 1.81, from gaff-1.81.dat (AmberTools 24.8) X-c1-c3-X"
ch-c1-c3-cg,0,-1,2,"GAFF 1.81, from gaff-1.81.dat (AmberTools 24.8) X-c1-c3-X"
ch-c1-c3-ch,0,-1,2,"GAFF 1.81, from gaff-1.81.dat (AmberTools 24.8) X-c1-c3-X"
ch-c1-c3-ce,0,-1,2,"GAFF 1.81, from gaff-1.81.dat (AmberTools 24.8) X-c1-c3-X"
ch-c1-c3-cu,0,-1,2,"GAFF 1.81, from gaff-1.81.dat (AmberTools 24.8) X-c1-c3-X"
ch-c1-c3-c3,0,-1,2,"GAFF 1.81, from gaff-1.81.dat (AmberTools 24.8) X-c1-c3-X"
ch-c1-c3-hc,0,-1,2,"GAFF 1.81, from gaff-1.81.dat (AmberTools 24.8) X-c1-c3-X"
ch-cg-ca-ca,0,-1,2,"GAFF 1.81, from gaff-1.81.dat (AmberTools 24.8) X-c1-ca-X (cg as c1)"
ch-cg-ca-ha,0,-1,2,"GAFF 1.81, from gaff-1.81.dat (AmberTools 24.8) X-c1-ca-X (cg as c1)"
ch-cg-ca-cp,0,-1,2,"GAFF 1.81, from gaff-1.81.dat (AmberTools 24.8) X-c1-ca-X (cg as c1)"
ch-cg-ca-c1,0,-1,2,"GAFF 1.81, from gaff-1.81.dat (AmberTools 24.8) X-c1-ca-X (cg as c1)"
ch-cg-ca-cg,0,-1,2,"GAFF 1.81, from gaff-1.81.dat (AmberTools 24.8) X-c1-ca-X (cg as c1)"
ch-cg-ca-ch,0,-1,2,"GAFF 1.81, from gaff-1.81.dat (AmberTools 24.8) X-c1-ca-X (cg as c1)"
ch-cg-ca-ce,0,-1,2,"GAFF 1.81, from gaff-1.81.dat (AmberTools 24.8) X-c1-ca-X (cg as c1)"
ch-cg-ca-cu,0,-1,2,"GAFF 1.81, from gaff-1.81.dat (AmberTools 24.8) X-c1-ca-X (cg as c1)"
ch-cg-ca-c3,0,-1,2,"GAFF 1.81, from gaff-1.81.dat (AmberTools 24.8) X-c1-ca-X (cg as c1)"
ch-cg-ca-hc,0,-1,2,"GAFF 1.81, from gaff-1.81.dat (AmberTools 24.8) X-c1-ca-X (cg as c1)"
ch-cg-cp-ca,0,-1,2,"GAFF 1.81, from gaff-1.81.dat (AmberTools 24.8) X-c1-ca-X (cg as c1, cp as ca)"
ch-cg-cp-ha,0,-1,2,"GAFF 1.81, from gaff-1.81.dat (AmberTools 24.8) X-c1-ca-X (cg as c1, cp as ca)"
ch-cg-cp-cp,0,-1,2,"GAFF 1.81, from gaff-1.81.dat (AmberTools 24.8) X-c1-ca-X (cg as c1, cp as ca)"
ch-cg-cp-c1,0,-1,2,"GAFF 1.81, from gaff-1.81.dat (AmberTools 24.8) X-c1-ca-X (cg as c1, cp as ca)"
ch-cg-cp-cg,0,-1,2,"GAFF 1.81, from gaff-1.81.dat (AmberTools 24.8) X-c1-ca-X (cg as c1, cp as ca)"
ch-cg-cp-ch,0,-1,2,"GAFF 1.81, from gaff-1.81.dat (AmberTools 24.8) X-c1-ca-X (cg as c1, cp as ca)"
ch-cg-cp-ce,0,-1,2,"GAFF 1.81, from gaff-1.81.dat (AmberTools 24.8) X-c1-ca-X (cg as c1, cp as ca)"
ch-cg-cp-cu,0,-1,2,"GAFF 1.81, from gaff-1.81.dat (AmberTools 24.8) X-c1-ca-X (cg as c1, cp as ca)"
ch-cg-cp-c3,0,-1,2,"GAFF 1.81, from gaff-1.81.dat (AmberTools 24.8) X-c1-ca-X (cg as c1, cp as ca)"
ch-cg-cp-hc,0,-1,2,"GAFF 1.81, from gaff-1.81.dat (AmberTools 24.8) X-c1-ca-X (cg as c1, cp as ca)"
ch-cg-c1-ca,0,-1,2,"GAFF 1.81, from gaff-1.81.dat (AmberTools 24.8) X-c1-cg-X"
ch-cg-c1-ha,0,-1,2,"GAFF 1.81, from gaff-1.81.dat (AmberTools 24.8) X-c1-cg-X"
ch-cg-c1-cp,0,-1,2,"GAFF 1.81, from gaff-1.81.dat (AmberTools 24.8) X-c1-cg-X"
ch-cg-c1-c1,0,-1,2,"GAFF 1.81, from gaff-1.81.dat (AmberTools 24.8) X-c1-cg-X"
ch-cg-c1-cg,0,-1,2,"GAFF 1.81, from gaff-1.81.dat (AmberTools 24.8) X-c1-cg-X"
ch-cg-c1-ch,0,-1,2,"GAFF 1.81, from gaff-1.81.dat (AmberTools 24.8) X-c1-cg-X"
ch-cg-c1-ce,0,-1,2,"GAFF 1.81, from gaff-1.81.dat (AmberTools 24.8) X-c1-cg-X"
ch-cg-c1-cu,0,-1,2,"GAFF 1.81, from gaff-1.81.dat (AmberTools 24.8) X-c1-cg-X"
ch-cg-c1-c3,0,-1,2,"GAFF 1.81, from gaff-1.81.dat (AmberTools 24.8) X-c1-cg-X"
ch-cg-c1-hc,0,-1,2,"GAFF 1.81, from gaff-1.81.dat (AmberTools 24.8) X-c1-cg-X"
ch-cg-cg-ca,0,-1,2,"GAFF 1.81, from gaff-1.81.dat (AmberTools 24.8) X-cg-cg-X"
ch-cg-cg-ha,0,-1,2,"GAFF 1.81, from gaff-1.81.dat (AmberTools 24.8) X-cg-cg-X"
ch-cg-cg-cp,0,-1,2,"GAFF 1.81, from gaff-1.81.dat (AmberTools 24.8) X-cg-cg-X"
ch-cg-cg-c1,0,-1,2,"GAFF 1.81, from gaff-1.81.dat (AmberTools 24.8) X-cg-cg-X"
ch-cg-cg-cg,0,-1,2,"GAFF 1.81, from gaff-1.81.dat (AmberTools 24.8) X-cg-cg-X"
ch-cg-cg-ch,0,-1,2,"GAFF 1.81, from gaff-1.81.dat (AmberTools 24.8) X-cg-cg-X"
ch-cg-cg-ce,0,-1,2,"GAFF 1.81, from gaff-1.81.dat (AmberTools 24.8) X-cg-cg-X"
ch-cg-cg-cu,0,-1,2,"GAFF 1.81, from gaff-1.81.dat (AmberTools 24.8) X-cg-cg-X"
ch-cg-cg-c3,0,-1,2,"GAFF 1.81, from gaff-1.81.dat (AmberTools 24.8) X-cg-cg-X"
ch-cg-cg-hc,0,-1,2,"GAFF 1.81, from gaff-1.81.dat (AmberTools 24.8) X-cg-cg-X"
ch-cg-ch-ca,0,-1,2,"GAFF 1.81, from gaff-1.81.dat (AmberTools 24.8) X-cg-ch-X"
ch-cg-ch-ha,0,-1,2,"GAFF 1.81, from gaff-1.81.dat (AmberTools 24.8) X-cg-ch-X"
ch-cg-ch-cp,0,-1,2,"GAFF 1.81, from gaff-1.81.dat (AmberTools 24.8) X-cg-ch-X"
ch-cg-ch-c1,0,-1,2,"GAFF 1.81, from gaff-1.81.dat (AmberTools 24.8) X-cg-ch-X"
ch-cg-ch-cg,0,-1,2,"GAFF 1.81, from gaff-1.81.dat (AmberTools 24.8) X-cg-ch-X"
ch-cg-ch-ch,0,-1,2,"GAFF 1.81, from gaff-1.81.dat (AmberTools 24.8) X-cg-ch-X"
ch-cg-ch-ce,0,-1,2,"GAFF 1.81, from gaff-1.81.dat (AmberTools 24.8) X-cg-ch-X"
ch-cg-ch-cu,0,-1,2,"GAFF 1.81, from gaff-1.81.dat (AmberTools 24.8) X-cg-ch-X"
ch-cg-ch-c3,0,-1,2,"GAFF 1.81, from gaff-1.81.dat (AmberTools 24.8) X-cg-ch-X"
ch-cg-ch-hc,0,-1,2,"GAFF 1.81, from gaff-1.81.dat (AmberTools 24.8) X-cg-ch-X"
ch-cg-ce-ca,0,-1,2,"GAFF 1.81, from gaff-1.81.dat (AmberTools 24.8) X-c1-ce-X (cg as c1)"
ch-cg-ce-ha,0,-1,2,"GAFF 1.81, from gaff-1.81.dat (AmberTools 24.8) X-c1-ce-X (cg as c1)"
ch-cg-ce-cp,0,-1,2,"GAFF 1.81, from gaff-1.81.dat (AmberTools 24.8) X-c1-ce-X (cg as c1)"
ch-cg-ce-c1,0,-1,2,"GAFF 1.81, from gaff-1.81.dat (AmberTools 24.8) X-c1-ce-X (cg as c1)"
ch-cg-ce-cg,0,-1,2,"GAFF 1.81, from gaff-1.81.dat (AmberTools 24.8) X-c1-ce-X (cg as c1)"
ch-cg-ce-ch,0,-1,2,"GAFF 1.81, from gaff-1.81.dat (AmberTools 24.8) X-c1-ce-X (cg as c1)"
ch-cg-ce-ce,0,-1,2,"GAFF 1.81, from gaff-1.81.dat (AmberTools 24.8) X-c1-ce-X (cg as c1)"
ch-cg-ce-cu,0,-1,2,"GAFF 1.81, from gaff-1.81.dat (AmberTools 24.8) X-c1-ce-X (cg as c1)"
ch-cg-ce-c3,0,-1,2,"GAFF 1.81, from gaff-1.81.dat (AmberTools 24.8) X-c1-ce-X (cg as c1)"
ch-cg-ce-hc,0,-1,2,"GAFF 1.81, from gaff-1.81.dat (AmberTools 24.8) X-c1-ce-X (cg as c1)"
ch-cg-cu-ca,0,-1,2,"GAFF 1.81, from gaff-1.81.dat (AmberTools 24.8) X-c1-c1-X (stand-in: *-cg-cu-* as X-c1-c1-X)"
ch-cg-cu-ha,0,-1,2,"GAFF 1.81, from gaff-1.81.dat (AmberTools 24.8) X-c1-c1-X (stand-in: *-cg-cu-* as X-c1-c1-X)"
ch-cg-cu-cp,0,-1,2,"GAFF 1.81, from gaff-1.81.dat (AmberTools 24.8) X-c1-c1-X (stand-in: *-cg-cu-* as X-c1-c1-X)"
ch-cg-cu-c1,0,-1,2,"GAFF 1.81, from gaff-1.81.dat (AmberTools 24.8) X-c1-c1-X (stand-in: *-cg-cu-* as X-c1-c1-X)"
ch-cg-cu-cg,0,-1,2,"GAFF 1.81, from gaff-1.81.dat (AmberTools 24.8) X-c1-c1-X (stand-in: *-cg-cu-* as X-c1-c1-X)"
ch-cg-cu-ch,0,-1,2,"GAFF 1.81, from gaff-1.81.dat (AmberTools 24.8) X-c1-c1-X (stand-in: *-cg-cu-* as X-c1-c1-X)"
ch-cg-cu-ce,0,-1,2,"GAFF 1.81, from gaff-1.81.dat (AmberTools 24.8) X-c1-c1-X (stand-in: *-cg-cu-* as X-c1-c1-X)"
ch-cg-cu-cu,0,-1,2,"GAFF 1.81, from gaff-1.81.dat (AmberTools 24.8) X-c1-c1-X (stand-in: *-cg-cu-* as X-c1-c1-X)"
ch-cg-cu-c3,0,-1,2,"GAFF 1.81, from gaff-1.81.dat (AmberTools 24.8) X-c1-c1-X (stand-in: *-cg-cu-* as X-c1-c1-X)"
ch-cg-cu-hc,0,-1,2,"GAFF 1.81, from gaff-1.81.dat (AmberTools 24.8) X-c1-c1-X (stand-in: *-cg-cu-* as X-c1-c1-X)"
ch-cg-c3-ca,0,-1,2,"GAFF 1.81, from gaff-1.81.dat (AmberTools 24.8) X-c1-c3-X (cg as c1)"
ch-cg-c3-ha,0,-1,2,"GAFF 1.81, from gaff-1.81.dat (AmberTools 24.8) X-c1-c3-X (cg as c1)"
ch-cg-c3-cp,0,-1,2,"GAFF 1.81, from gaff-1.81.dat (AmberTools 24.8) X-c1-c3-X (cg as c1)"
ch-cg-c3-c1,0,-1,2,"GAFF 1.81, from gaff-1.81.dat (AmberTools 24.8) X-c1-c3-X (cg as c1)"
ch-cg-c3-cg,0,-1,2,"GAFF 1.81, from gaff-1.81.dat (AmberTools 24.8) X-c1-c3-X (cg as c1)"
ch-cg-c3-ch,0,-1,2,"GAFF 1.81, from gaff-1.81.dat (AmberTools 24.8) X-c1-c3-X (cg as c1)"
ch-cg-c3-ce,0,-1,2,"GAFF 1.81, from gaff-1.81.dat (AmberTools 24.8) X-c1-c3-X (cg as c1)"
ch-cg-c3-cu,0,-1,2,"GAFF 1.81, from gaff-1.81.dat (AmberTools 24.8) X-c1-c3-X (cg as c1)"
ch-cg-c3-c3,0,-1,2,"GAFF 1.81, from gaff-1.81.dat (AmberTools 24.8) X-c1-c3-X (cg as c1)"
ch-cg-c3-hc,0,-1,2,"GAFF 1.81, from gaff-1.81.dat (AmberTools 24.8) X-c1-c3-X (cg as c1)"
ch-ch-ca-ca,0,-1,2,"GAFF 1.81, from gaff-1.81.dat (AmberTools 24.8) X-c1-ca-X (ch as c1)"
ch-ch-ca-ha,0,-1,2,"GAFF 1.81, from gaff-1.81.dat (AmberTools 24.8) X-c1-ca-X (ch as c1)"
ch-ch-ca-cp,0,-1,2,"GAFF 1.81, from gaff-1.81.dat (AmberTools 24.8) X-c1-ca-X (ch as c1)"
ch-ch-ca-c1,0,-1,2,"GAFF 1.81, from gaff-1.81.dat (AmberTools 24.8) X-c1-ca-X (ch as c1)"
ch-ch-ca-cg,0,-1,2,"GAFF 1.81, from gaff-1.81.dat (AmberTools 24.8) X-c1-ca-X (ch as c1)"
ch-ch-ca-ch,0,-1,2,"GAFF 1.81, from gaff-1.81.dat (AmberTools 24.8) X-c1-ca-X (ch as c1)"
ch-ch-ca-ce,0,-1,2,"GAFF 1.81, from gaff-1.81.dat (AmberTools 24.8) X-c1-ca-X (ch as c1)"
ch-ch-ca-cu,0,-1,2,"GAFF 1.81, from gaff-1.81.dat (AmberTools 24.8) X-c1-ca-X (ch as c1)"
ch-ch-ca-c3,0,-1,2,"GAFF 1.81, from gaff-1.81.dat (AmberTools 24.8) X-c1-ca-X (ch as c1)"
ch-ch-ca-hc,0,-1,2,"GAFF 1.81, from gaff-1.81.dat (AmberTools 24.8) X-c1-ca-X (ch as c1)"
ch-ch-cp-ca,0,-1,2,"GAFF 1.81, from gaff-1.81.dat (AmberTools 24.8) X-c1-ca-X (ch as c1, cp as ca)"
ch-ch-cp-ha,0,-1,2,"GAFF 1.81, from gaff-1.81.dat (AmberTools 24.8) X-c1-ca-X (ch as c1, cp as ca)"
ch-ch-cp-cp,0,-1,2,"GAFF 1.81, from gaff-1.81.dat (AmberTools 24.8) X-c1-ca-X (ch as c1, cp as ca)"
ch-ch-cp-c1,0,-1,2,"GAFF 1.81, from gaff-1.81.dat (AmberTools 24.8) X-c1-ca-X (ch as c1, cp as ca)"
ch-ch-cp-cg,0,-1,2,"GAFF 1.81, from gaff-1.81.dat (AmberTools 24.8) X-c1-ca-X (ch as c1, cp as ca)"
ch-ch-cp-ch,0,-1,2,"GAFF 1.81, from gaff-1.81.dat (AmberTools 24.8) X-c1-ca-X (ch as c1, cp as ca)"
ch-ch-cp-ce,0,-1,2,"GAFF 1.81, from gaff-1.81.dat (AmberTools 24.8) X-c1-ca-X (ch as c1, cp as ca)"
ch-ch-cp-cu,0,-1,2,"GAFF 1.81, from gaff-1.81.dat (AmberTools 24.8) X-c1-ca-X (ch as c1, cp as ca)"
ch-ch-cp-c3,0,-1,2,"GAFF 1.81, from gaff-1.81.dat (AmberTools 24.8) X-c1-ca-X (ch as c1, cp as ca)"
ch-ch-cp-hc,0,-1,2,"GAFF 1.81, from gaff-1.81.dat (AmberTools 24.8) X-c1-ca-X (ch as c1, cp as ca)"
ch-ch-c1-ca,0,-1,2,"GAFF 1.81, from gaff-1.81.dat (AmberTools 24.8) X-c1-ch-X"
ch-ch-c1-ha,0,-1,2,"GAFF 1.81, from gaff-1.81.dat (AmberTools 24.8) X-c1-ch-X"
ch-ch-c1-cp,0,-1,2,"GAFF 1.81, from gaff-1.81.dat (AmberTools 24.8) X-c1-ch-X"
ch-ch-c1-c1,0,-1,2,"GAFF 1.81, from gaff-1.81.dat (AmberTools 24.8) X-c1-ch-X"
ch-ch-c1-cg,0,-1,2,"GAFF 1.81, from gaff-1.81.dat (AmberTools 24.8) X-c1-ch-X"
ch-ch-c1-ch,0,-1,2,"GAFF 1.81, from gaff-1.81.dat (AmberTools 24.8) X-c1-ch-X"
ch-ch-c1-ce,0,-1,2,"GAFF 1.81, from gaff-1.81.dat (AmberTools 24.8) X-c1-ch-X"
ch-ch-c1-cu,0,-1,2,"GAFF 1.81, from gaff-1.81.dat (AmberTools 24.8) X-c1-ch-X"
ch-ch-c1-c3,0,-1,2,"GAFF 1.81, from gaff-1.81.dat (AmberTools 24.8) X-c1-ch-X"
ch-ch-c1-hc,0,-1,2,"GAFF 1.81, from gaff-1.81.dat (AmberTools 24.8) X-c1-ch-X"
ch-ch-cg-ca,0,-1,2,"GAFF 1.81, from gaff-1.81.dat (AmberTools 24.8) X-cg-ch-X"
ch-ch-cg-ha,0,-1,2,"GAFF 1.81, from gaff-1.81.dat (AmberTools 24.8) X-cg-ch-X"
ch-ch-cg-cp,0,-1,2,"GAFF 1.81, from gaff-1.81.dat (AmberTools 24.8) X-cg-ch-X"
ch-ch-cg-c1,0,-1,2,"GAFF 1.81, from gaff-1.81.dat (AmberTools 24.8) X-cg-ch-X"
ch-ch-cg-cg,0,-1,2,"GAFF 1.81, from gaff-1.81.dat (AmberTools 24.8) X-cg-ch-X"
ch-ch-cg-ch,0,-1,2,"GAFF 1.81, from gaff-1.81.dat (AmberTools 24.8) X-cg-ch-X"
ch-ch-cg-ce,0,-1,2,"GAFF 1.81, from gaff-1.81.dat (AmberTools 24.8) X-cg-ch-X"
ch-ch-cg-cu,0,-1,2,"GAFF 1.81, from gaff-1.81.dat (AmberTools 24.8) X-cg-ch-X"
ch-ch-cg-c3,0,-1,2,"GAFF 1.81, from gaff-1.81.dat (AmberTools 24.8) X-cg-ch-X"
ch-ch-cg-hc,0,-1,2,"GAFF 1.81, from gaff-1.81.dat (AmberTools 24.8) X-cg-ch-X"
ch-ch-ch-ca,0,-1,2,"GAFF 1.81, from gaff-1.81.dat (AmberTools 24.8) X-ch-ch-X"
ch-ch-ch-ha,0,-1,2,"GAFF 1.81, from gaff-1.81.dat (AmberTools 24.8) X-ch-ch-X"
ch-ch-ch-cp,0,-1,2,"GAFF 1.81, from gaff-1.81.dat (AmberTools 24.8) X-ch-ch-X"
ch-ch-ch-c1,0,-1,2,"GAFF 1.81, from gaff-1.81.dat (AmberTools 24.8) X-ch-ch-X"
ch-ch-ch-cg,0,-1,2,"GAFF 1.81, from gaff-1.81.dat (AmberTools 24.8) X-ch-ch-X"
ch-ch-ch-ch,0,-1,2,"GAFF 1.81, from gaff-1.81.dat (AmberTools 24.8) X-ch-ch-X"
ch-ch-ch-ce,0,-1,2,"GAFF 1.81, from gaff-1.81.dat (AmberTools 24.8) X-ch-ch-X"
ch-ch-ch-cu,0,-1,2,"GAFF 1.81, from gaff-1.81.dat (AmberTools 24.8) X-ch-ch-X"
ch-ch-ch-c3,0,-1,2,"GAFF 1.81, from gaff-1.81.dat (AmberTools 24.8) X-ch-ch-X"
ch-ch-ch-hc,0,-1,2,"GAFF 1.81, from gaff-1.81.dat (AmberTools 24.8) X-ch-ch-X"
ch-ch-ce-ca,0,-1,2,"GAFF 1.81, from gaff-1.81.dat (AmberTools 24.8) X-c1-ce-X (ch as c1)"
ch-ch-ce-ha,0,-1,2,"GAFF 1.81, from gaff-1.81.dat (AmberTools 24.8) X-c1-ce-X (ch as c1)"
ch-ch-ce-cp,0,-1,2,"GAFF 1.81, from gaff-1.81.dat (AmberTools 24.8) X-c1-ce-X (ch as c1)"
ch-ch-ce-c1,0,-1,2,"GAFF 1.81, from gaff-1.81.dat (AmberTools 24.8) X-c1-ce-X (ch as c1)"
ch-ch-ce-cg,0,-1,2,"GAFF 1.81, from gaff-1.81.dat (AmberTools 24.8) X-c1-ce-X (ch as c1)"
ch-ch-ce-ch,0,-1,2,"GAFF 1.81, from gaff-1.81.dat (AmberTools 24.8) X-c1-ce-X (ch as c1)"
ch-ch-ce-ce,0,-1,2,"GAFF 1.81, from gaff-1.81.dat (AmberTools 24.8) X-c1-ce-X (ch as c1)"
ch-ch-ce-cu,0,-1,2,"GAFF 1.81, from gaff-1.81.dat (AmberTools 24.8) X-c1-ce-X (ch as c1)"
ch-ch-ce-c3,0,-1,2,"GAFF 1.81, from gaff-1.81.dat (AmberTools 24.8) X-c1-ce-X (ch as c1)"
ch-ch-ce-hc,0,-1,2,"GAFF 1.81, from gaff-1.81.dat (AmberTools 24.8) X-c1-ce-X (ch as c1)"
ch-ch-cu-ca,0,-1,2,"GAFF 1.81, from gaff-1.81.dat (AmberTools 24.8) X-c1-c1-X (stand-in: *-ch-cu-* as X-c1-c1-X)"
ch-ch-cu-ha,0,-1,2,"GAFF 1.81, from gaff-1.81.dat (AmberTools 24.8) X-c1-c1-X (stand-in: *-ch-cu-* as X-c1-c1-X)"
ch-ch-cu-cp,0,-1,2,"GAFF 1.81, from gaff-1.81.dat (AmberTools 24.8) X-c1-c1-X (stand-in: *-ch-cu-* as X-c1-c1-X)"
ch-ch-cu-c1,0,-1,2,"GAFF 1.81, from gaff-1.81.dat (AmberTools 24.8) X-c1-c1-X (stand-in: *-ch-cu-* as X-c1-c1-X)"
ch-ch-cu-cg,0,-1,2,"GAFF 1.81, from gaff-1.81.dat (AmberTools 24.8) X-c1-c1-X (stand-in: *-ch-cu-* as X-c1-c1-X)"
ch-ch-cu-ch,0,-1,2,"GAFF 1.81, from gaff-1.81.dat (AmberTools 24.8) X-c1-c1-X (stand-in: *-ch-cu-* as X-c1-c1-X)"
ch-ch-cu-ce,0,-1,2,"GAFF 1.81, from gaff-1.81.dat (AmberTools 24.8) X-c1-c1-X (stand-in: *-ch-cu-* as X-c1-c1-X)"
ch-ch-cu-cu,0,-1,2,"GAFF 1.81, from gaff-1.81.dat (AmberTools 24.8) X-c1-c1-X (stand-in: *-ch-cu-* as X-c1-c1-X)"
ch-ch-cu-c3,0,-1,2,"GAFF 1.81, from gaff-1.81.dat (AmberTools 24.8) X-c1-c1-X (stand-in: *-ch-cu-* as X-c1-c1-X)"
ch-ch-cu-hc,0,-1,2,"GAFF 1.81, from gaff-1.81.dat (AmberTools 24.8) X-c1-c1-X (stand-in: *-ch-cu-* as X-c1-c1-X)"
ch-ch-c3-ca,0,-1,2,"GAFF 1.81, from gaff-1.81.dat (AmberTools 24.8) X-c1-c3-X (ch as c1)"
ch-ch-c3-ha,0,-1,2,"GAFF 1.81, from gaff-1.81.dat (AmberTools 24.8) X-c1-c3-X (ch as c1)"
ch-ch-c3-cp,0,-1,2,"GAFF 1.81, from gaff-1.81.dat (AmberTools 24.8) X-c1-c3-X (ch as c1)"
ch-ch-c3-c1,0,-1,2,"GAFF 1.81, from gaff-1.81.dat (AmberTools 24.8) X-c1-c3-X (ch as c1)"
ch-ch-c3-cg,0,-1,2,"GAFF 1.81, from gaff-1.81.dat (AmberTools 24.8) X-c1-c3-X (ch as c1)"
ch-ch-c3-ch,0,-1,2,"GAFF 1.81, from gaff-1.81.dat (AmberTools 24.8) X-c1-c3-X (ch as c1)"
ch-ch-c3-ce,0,-1,2,"GAFF 1.81, from gaff-1.81.dat (AmberTools 24.8) X-c1-c3-X (ch as c1)"
ch-ch-c3-cu,0,-1,2,"GAFF 1.81, from gaff-1.81.dat (AmberTools 24.8) X-c1-c3-X (ch as c1)"
ch-ch-c3-c3,0,-1,2,"GAFF 1.81, from gaff-1.81.dat (AmberTools 24.8) X-c1-c3-X (ch as c1)"
ch-ch-c3-hc,0,-1,2,"GAFF 1.81, from gaff-1.81.dat (AmberTools 24.8) X-c1-c3-X (ch as c1)"
ch-ce-ca-ca,1.4,-1,2,"GAFF 1.81, from gaff-1.81.dat (AmberTools 24.8) X-c2-ca-X (ce as c2)"
ch-ce-ca-ha,1.4,-1,2,"GAFF 1.81, from gaff-1.81.dat (AmberTools 24.8) X-c2-ca-X (ce as c2)"
ch-ce-ca-cp,1.4,-1,2,"GAFF 1.81, from gaff-1.81.dat (AmberTools 24.8) X-c2-ca-X (ce as c2)"
ch-ce-ca-c1,1.4,-1,2,"GAFF 1.81, from gaff-1.81.dat (AmberTools 24.8) X-c2-ca-X (ce as c2)"
ch-ce-ca-cg,1.4,-1,2,"GAFF 1.81, from gaff-1.81.dat (AmberTools 24.8) X-c2-ca-X (ce as c2)"
ch-ce-ca-ch,1.4,-1,2,"GAFF 1.81, from gaff-1.81.dat (AmberTools 24.8) X-c2-ca-X (ce as c2)"
ch-ce-ca-ce,1.4,-1,2,"GAFF 1.81, from gaff-1.81.dat (AmberTools 24.8) X-c2-ca-X (ce as c2)"
ch-ce-ca-cu,1.4,-1,2,"GAFF 1.81, from gaff-1.81.dat (AmberTools 24.8) X-c2-ca-X (ce as c2)"
ch-ce-ca-c3,1.4,-1,2,"GAFF 1.81, from gaff-1.81.dat (AmberTools 24.8) X-c2-ca-X (ce as c2)"
ch-ce-ca-hc,1.4,-1,2,"GAFF 1.81, from gaff-1.81.dat (AmberTools 24.8) X-c2-ca-X (ce as c2)"
ch-ce-cp-ca,1.4,-1,2,"GAFF 1.81, from gaff-1.81.dat (AmberTools 24.8) X-c2-ca-X (ce as c2, cp as ca)"
ch-ce-cp-ha,1.4,-1,2,"GAFF 1.81, from gaff-1.81.dat (AmberTools 24.8) X-c2-ca-X (ce as c2, cp as ca)"
ch-ce-cp-cp,1.4,-1,2,"GAFF 1.81, from gaff-1.81.dat (AmberTools 24.8) X-c2-ca-X (ce as c2, cp as ca)"
ch-ce-cp-c1,1.4,-1,2,"GAFF 1.81, from gaff-1.81.dat (AmberTools 24.8) X-c2-ca-X (ce as c2, cp as ca)"
ch-ce-cp-cg,1.4,-1,2,"GAFF 1.81, from gaff-1.81.dat (AmberTools 24.8) X-c2-ca-X (ce as c2, cp as ca)"
ch-ce-cp-ch,1.4,-1,2,"GAFF 1.81, from gaff-1.81.dat (AmberTools 24.8) X-c2-ca-X (ce as c2, cp as ca)"
ch-ce-cp-ce,1.4,-1,2,"GAFF 1.81, from gaff-1.81.dat (AmberTools 24.8) X-c2-ca-X (ce as c2, cp as ca)"
ch-ce-cp-cu,1.4,-1,2,"GAFF 1.81, from gaff-1.81.dat (AmberTools 24.8) X-c2-ca-X (ce as c2, cp as ca)"
ch-ce-cp-c3,1.4,-1,2,"GAFF 1.81, from gaff-1.81.dat (AmberTools 24.8) X-c2-ca-X (ce as c2, cp as ca)"
ch-ce-cp-hc,1.4,-1,2,"GAFF 1.81, from gaff-1.81.dat (AmberTools 24.8) X-c2-ca-X (ce as c2, cp as ca)"
ch-ce-c1-ca,0,-1,2,"GAFF 1.81, from gaff-1.81.dat (AmberTools 24.8) X-c1-ce-X"
ch-ce-c1-ha,0,-1,2,"GAFF 1.81, from gaff-1.81.dat (AmberTools 24.8) X-c1-ce-X"
ch-ce-c1-cp,0,-1,2,"GAFF 1.81, from gaff-1.81.dat (AmberTools 24.8) X-c1-ce-X"
ch-ce-c1-c1,0,-1,2,"GAFF 1.81, from gaff-1.81.dat (AmberTools 24.8) X-c1-ce-X"
ch-ce-c1-cg,0,-1,2,"GAFF 1.81, from gaff-1.81.dat (AmberTools 24.8) X-c1-ce-X"
ch-ce-c1-ch,0,-1,2,"GAFF 1.81, from gaff-1.81.dat (AmberTools 24.8) X-c1-ce-X"
ch-ce-c1-ce,0,-1,2,"GAFF 1.81, from gaff-1.81.dat (AmberTools 24.8) X-c1-ce-X"
ch-ce-c1-cu,0,-1,2,"GAFF 1.81, from gaff-1.81.dat (AmberTools 24.8) X-c1-ce-X"
ch-ce-c1-c3,0,-1,2,"GAFF 1.81, from gaff-1.81.dat (AmberTools 24.8) X-c1-ce-X"
ch-ce-c1-hc,0,-1,2,"GAFF 1.81, from gaff-1.81.dat (AmberTools 24.8) X-c1-ce-X"
ch-ce-cg-ca,0,-1,2,"GAFF 1.81, from gaff-1.81.dat (AmberTools 24.8) X-c1-ce-X (cg as c1)"
ch-ce-cg-ha,0,-1,2,"GAFF 1.81, from gaff-1.81.dat (AmberTools 24.8) X-c1-ce-X (cg as c1)"
ch-ce-cg-cp,0,-1,2,"GAFF 1.81, from gaff-1.81.dat (AmberTools 24.8) X-c1-ce-X (cg as c1)"
ch-ce-cg-c1,0,-1,2,"GAFF 1.81, from gaff-1.81.dat (AmberTools 24.8) X-c1-ce-X (cg as c1)"
ch-ce-cg-cg,0,-1,2,"GAFF 1.81, from gaff-1.81.dat (AmberTools 24.8) X-c1-ce-X (cg as c1)"
ch-ce-cg-ch,0,-1,2,"GAFF 1.81, from gaff-1.81.dat (AmberTools 24.8) X-c1-ce-X (cg as c1)"
ch-ce-cg-ce,0,-1,2,"GAFF 1.81, from gaff-1.81.dat (AmberTools 24.8) X-c1-ce-X (cg as c1)"
ch-ce-cg-cu,0,-1,2,"GAFF 1.81, from gaff-1.81.dat (AmberTools 24.8) X-c1-ce-X (cg as c1)"
ch-ce-cg-c3,0,-1,2,"GAFF 1.81, from gaff-1.81.dat (AmberTools 24.8) X-c1-ce-X (cg as c1)"
ch-ce-cg-hc,0,-1,2,"GAFF 1.81, from gaff-1.81.dat (AmberTools 24.8) X-c1-ce-X (cg as c1)"
ch-ce-ch-ca,0,-1,2,"GAFF 1.81, from gaff-1.81.dat (AmberTools 24.8) X-c1-ce-X (ch as c1)"
ch-ce-ch-ha,0,-1,2,"GAFF 1.81, from gaff-1.81.dat (AmberTools 24.8) X-c1-ce-X (ch as c1)"
ch-ce-ch-cp,0,-1,2,"GAFF 1.81, from gaff-1.81.dat (AmberTools 24.8) X-c1-ce-X (ch as c1)"
ch-ce-ch-c1,0,-1,2,"GAFF 1.81, from gaff-1.81.dat (AmberTools 24.8) X-c1-ce-X (ch as c1)"
ch-ce-ch-cg,0,-1,2,"GAFF 1.81, from gaff-1.81.dat (AmberTools 24.8) X-c1-ce-X (ch as c1)"
ch-ce-ch-ch,0,-1,2,"GAFF 1.81, from gaff-1.81.dat (AmberTools 24.8) X-c1-ce-X (ch as c1)"
ch-ce-ch-ce,0,-1,2,"GAFF 1.81, from gaff-1.81.dat (AmberTools 24.8) X-c1-ce-X (ch as c1)"
ch-ce-ch-cu,0,-1,2,"GAFF 1.81, from gaff-1.81.dat (AmberTools 24.8) X-c1-ce-X (ch as c1)"
ch-ce-ch-c3,0,-1,2,"GAFF 1.81, from gaff-1.81.dat (AmberTools 24.8) X-c1-ce-X (ch as c1)"
ch-ce-ch-hc,0,-1,2,"GAFF 1.81, from gaff-1.81.dat (AmberTools 24.8) X-c1-ce-X (ch as c1)"
ch-ce-ce-ca,2,-1,2,"GAFF 1.81, from gaff-1.81.dat (AmberTools 24.8) X-ce-ce-X"
ch-ce-ce-ha,2,-1,2,"GAFF 1.81, from gaff-1.81.dat (AmberTools 24.8) X-ce-ce-X"
ch-ce-ce-cp,2,-1,2,"GAFF 1.81, from gaff-1.81.dat (AmberTools 24.8) X-ce-ce-X"
ch-ce-ce-c1,2,-1,2,"GAFF 1.81, from gaff-1.81.dat (AmberTools 24.8) X-ce-ce-X"
ch-ce-ce-cg,2,-1,2,"GAFF 1.81, from gaff-1.81.dat (AmberTools 24.8) X-ce-ce-X"
ch-ce-ce-ch,2,-1,2,"GAFF 1.81, from gaff-1.81.dat (AmberTools 24.8) X-ce-ce-X"
ch-ce-ce-ce,2,-1,2,"GAFF 1.81, from gaff-1.81.dat (AmberTools 24.8) X-ce-ce-X"
ch-ce-ce-cu,2,-1,2,"GAFF 1.81, from gaff-1.81.dat (AmberTools 24.8) X-ce-ce-X"
ch-ce-ce-c3,2,-1,2,"GAFF 1.81, from gaff-1.81.dat (AmberTools 24.8) X-ce-ce-X"
ch-ce-ce-hc,2,-1,2,"GAFF 1.81, from gaff-1.81.dat (AmberTools 24.8) X-ce-ce-X"
ch-ce-cu-ca,2,-1,2,"GAFF 1.81, from gaff-1.81.dat (AmberTools 24.8) X-cp-cp-X (stand-in: *-ce-cu-* as X-cp-cp-X)"
ch-ce-cu-ha,2,-1,2,"GAFF 1.81, from gaff-1.81.dat (AmberTools 24.8) X-cp-cp-X (stand-in: *-ce-cu-* as X-cp-cp-X)"
ch-ce-cu-cp,2,-1,2,"GAFF 1.81, from gaff-1.81.dat (AmberTools 24.8) X-cp-cp-X (stand-in: *-ce-cu-* as X-cp-cp-X)"
ch-ce-cu-c1,2,-1,2,"GAFF 1.81, from gaff-1.81.dat (AmberTools 24.8) X-cp-cp-X (stand-in: *-ce-cu-* as X-cp-cp-X)"
ch-ce-cu-cg,2,-1,2,"GAFF 1.81, from gaff-1.81.dat (AmberTools 24.8) X-cp-cp-X (stand-in: *-ce-cu-* as X-cp-cp-X)"
ch-ce-cu-ch,2,-1,2,"GAFF 1.81, from gaff-1.81.dat (AmberTools 24.8) X-cp-cp-X (stand-in: *-ce-cu-* as X-cp-cp-X)"
ch-ce-cu-ce,2,-1,2,"GAFF 1.81, from gaff-1.81.dat (AmberTools 24.8) X-cp-cp-X (stand-in: *-ce-cu-* as X-cp-cp-X)"
ch-ce-cu-cu,2,-1,2,"GAFF 1.81, from gaff-1.81.dat (AmberTools 24.8) X-cp-cp-X (stand-in: *-ce-cu-* as X-cp-cp-X)"
ch-ce-cu-c3,2,-1,2,"GAFF 1.81, from gaff-1.81.dat (AmberTools 24.8) X-cp-cp-X (stand-in: *-ce-cu-* as X-cp-cp-X)"
ch-ce-cu-hc,2,-1,2,"GAFF 1.81, from gaff-1.81.dat (AmberTools 24.8) X-cp-cp-X (stand-in: *-ce-cu-* as X-cp-cp-X)"
ch-ce-c3-ca,0,1,2,"GAFF 1.81, from gaff-1.81.dat (AmberTools 24.8) X-c2-c3-X (ce as c2)"
ch-ce-c3-ha,0,1,2,"GAFF 1.81, from gaff-1.81.dat (AmberTools 24.8) X-c2-c3-X (ce as c2)"
ch-ce-c3-cp,0,1,2,"GAFF 1.81, from gaff-1.81.dat (AmberTools 24.8) X-c2-c3-X (ce as c2)"
ch-ce-c3-c1,0,1,2,"GAFF 1.81, from gaff-1.81.dat (AmberTools 24.8) X-c2-c3-X (ce as c2)"
ch-ce-c3-cg,0,1,2,"GAFF 1.81, from gaff-1.81.dat (AmberTools 24.8) X-c2-c3-X (ce as c2)"
ch-ce-c3-ch,0,1,2,"GAFF 1.81, from gaff-1.81.dat (AmberTools 24.8) X-c2-c3-X (ce as c2)"
ch-ce-c3-ce,0,1,2,"GAFF 1.81, from gaff-1.81.dat (AmberTools 24.8) X-c2-c3-X (ce as c2)"
ch-ce-c3-cu,0,1,2,"GAFF 1.81, from gaff-1.81.dat (AmberTools 24.8) X-c2-c3-X (ce as c2)"
ch-ce-c3-c3,0,1,2,"GAFF 1.81, from gaff-1.81.dat (AmberTools 24.8) X-c2-c3-X (ce as c2)"
ch-ce-c3-hc,0,1,2,"GAFF 1.81, from gaff-1.81.dat (AmberTools 24.8) X-c2-c3-X (ce as c2)"
ch-cu-ca-ca,2,-1,2,"GAFF 1.81, from gaff-1.81.dat (AmberTools 24.8) X-cp-cp-X (stand-in: *-ca-cu-* as X-cp-cp-X)"
ch-cu-ca-ha,2,-1,2,"GAFF 1.81, from gaff-1.81.dat (AmberTools 24.8) X-cp-cp-X (stand-in: *-ca-cu-* as X-cp-cp-X)"
ch-cu-ca-cp,2,-1,2,"GAFF 1.81, from gaff-1.81.dat (AmberTools 24.8) X-cp-cp-X (stand-in: *-ca-cu-* as X-cp-cp-X)"
ch-cu-ca-c1,2,-1,2,"GAFF 1.81, from gaff-1.81.dat (AmberTools 24.8) X-cp-cp-X (stand-in: *-ca-cu-* as X-cp-cp-X)"
ch-cu-ca-cg,2,-1,2,"GAFF 1.81, from gaff-1.81.dat (AmberTools 24.8) X-cp-cp-X (stand-in: *-ca-cu-* as X-cp-cp-X)"
ch-cu-ca-ch,2,-1,2,"GAFF 1.81, from gaff-1.81.dat (AmberTools 24.8) X-cp-cp-X (stand-in: *-ca-cu-* as X-cp-cp-X)"
ch-cu-ca-ce,2,-1,2,"GAFF 1.81, from gaff-1.81.dat (AmberTools 24.8) X-cp-cp-X (stand-in: *-ca-cu-* as X-cp-cp-X)"
ch-cu-ca-cu,2,-1,2,"GAFF 1.81, from gaff-1.81.dat (AmberTools 24.8) X-cp-cp-X (stand-in: *-ca-cu-* as X-cp-cp-X)"
ch-cu-ca-c3,2,-1,2,"GAFF 1.81, from gaff-1.81.dat (AmberTools 24.8) X-cp-cp-X (stand-in: *-ca-cu-* as X-cp-cp-X)"
ch-cu-ca-hc,2,-1,2,"GAFF 1.81, from gaff-1.81.dat (AmberTools 24.8) X-cp-cp-X (stand-in: *-ca-cu-* as X-cp-cp-X)"
ch-cu-cp-ca,2,-1,2,"GAFF 1.81, from gaff-1.81.dat (AmberTools 24.8) X-cp-cp-X (stand-in: *-cp-cu-* as X-cp-cp-X)"
ch-cu-cp-ha,2,-1,2,"GAFF 1.81, from gaff-1.81.dat (AmberTools 24.8) X-cp-cp-X (stand-in: *-cp-cu-* as X-cp-cp-X)"
ch-cu-cp-cp,2,-1,2,"GAFF 1.81, from gaff-1.81.dat (AmberTools 24.8) X-cp-cp-X (stand-in: *-cp-cu-* as X-cp-cp-X)"
ch-cu-cp-c1,2,-1,2,"GAFF 1.81, from gaff-1.81.dat (AmberTools 24.8) X-cp-cp-X (stand-in: *-cp-cu-* as X-cp-cp-X)"
ch-cu-cp-cg,2,-1,2,"GAFF 1.81, from gaff-1.81.dat (AmberTools 24.8) X-cp-cp-X (stand-in: *-cp-cu-* as X-cp-cp-X)"
ch-cu-cp-ch,2,-1,2,"GAFF 1.81, from gaff-1.81.dat (AmberTools 24.8) X-cp-cp-X (stand-in: *-cp-cu-* as X-cp-cp-X)"
ch-cu-cp-ce,2,-1,2,"GAFF 1.81, from gaff-1.81.dat (AmberTools 24.8) X-cp-cp-X (stand-in: *-cp-cu-* as X-cp-cp-X)"
ch-cu-cp-cu,2,-1,2,"GAFF 1.81, from gaff-1.81.dat (AmberTools 24.8) X-cp-cp-X (stand-in: *-cp-cu-* as X-cp-cp-X)"
ch-cu-cp-c3,2,-1,2,"GAFF 1.81, from gaff-1.81.dat (AmberTools 24.8) X-cp-cp-X (stand-in: *-cp-cu-* as X-cp-cp-X)"
ch-cu-cp-hc,2,-1,2,"GAFF 1.81, from gaff-1.81.dat (AmberTools 24.8) X-cp-cp-X (stand-in: *-cp-cu-* as X-cp-cp-X)"
ch-cu-c1-ca,0,-1,2,"GAFF 1.81, from gaff-1.81.dat (AmberTools 24.8) X-c1-cu-X"
ch-cu-c1-ha,0,-1,2,"GAFF 1.81, from gaff-1.81.dat (AmberTools 24.8) X-c1-cu-X"
ch-cu-c1-cp,0,-1,2,"GAFF 1.81, from gaff-1.81.dat (AmberTools 24.8) X-c1-cu-X"
ch-cu-c1-c1,0,-1,2,"GAFF 1.81, from gaff-1.81.dat (AmberTools 24.8) X-c1-cu-X"
ch-cu-c1-cg,0,-1,2,"GAFF 1.81, from gaff-1.81.dat (AmberTools 24.8) X-c1-cu-X"
ch-cu-c1-ch,0,-1,2,"GAFF 1.81, from gaff-1.81.dat (AmberTools 24.8) X-c1-cu-X"
ch-cu-c1-ce,0,-1,2,"GAFF 1.81, from gaff-1.81.dat (AmberTools 24.8) X-c1-cu-X"
ch-cu-c1-cu,0,-1,2,"GAFF 1.81, from gaff-1.81.dat (AmberTools 24.8) X-c1-cu-X"
ch-cu-c1-c3,0,-1,2,"GAFF 1.81, from gaff-1.81.dat (AmberTools 24.8) X-c1-cu-X"
ch-cu-c1-hc,0,-1,2,"GAFF 1.81, from gaff-1.81.dat (AmberTools 24.8) X-c1-cu-X"
ch-cu-cg-ca,0,-1,2,"GAFF 1.81, from gaff-1.81.dat (AmberTools 24.8) X-c1-c1-X (stand-in: *-cg-cu-* as X-c1-c1-X)"
ch-cu-cg-ha,0,-1,2,"GAFF 1.81, from gaff-1.81.dat (AmberTools 24.8) X-c1-c1-X (stand-in: *-cg-cu-* as X-c1-c1-X)"
ch-cu-cg-cp,0,-1,2,"GAFF 1.81, from gaff-1.81.dat (AmberTools 24.8) X-c1-c1-X (stand-in: *-cg-cu-* as X-c1-c1-X)"
ch-cu-cg-c1,0,-1,2,"GAFF 1.81, from gaff-1.81.dat (AmberTools 24.8) X-c1-c1-X (stand-in: *-cg-cu-* as X-c1-c1-X)"
ch-cu-cg-cg,0,-1,2,"GAFF 1.81, from gaff-1.81.dat (AmberTools 24.8) X-c1-c1-X (stand-in: *-cg-cu-* as X-c1-c1-X)"
ch-cu-cg-ch,0,-1,2,"GAFF 1.81, from gaff-1.81.dat (AmberTools 24.8) X-c1-c1-X (stand-in: *-cg-cu-* as X-c1-c1-X)"
ch-cu-cg-ce,0,-1,2,"GAFF 1.81, from gaff-1.81.dat (AmberTools 24.8) X-c1-c1-X (stand-in: *-cg-cu-* as X-c1-c1-X)"
ch-cu-cg-cu,0,-1,2,"GAFF 1.81, from gaff-1.81.dat (AmberTools 24.8) X-c1-c1-X (stand-in: *-cg-cu-* as X-c1-c1-X)"
ch-cu-cg-c3,0,-1,2,"GAFF 1.81, from gaff-1.81.dat (AmberTools 24.8) X-c1-c1-X (stand-in: *-cg-cu-* as X-c1-c1-X)"
ch-cu-cg-hc,0,-1,2,"GAFF 1.81, from gaff-1.81.dat (AmberTools 24.8) X-c1-c1-X (stand-in: *-cg-cu-* as X-c1-c1-X)"
ch-cu-ch-ca,0,-1,2,"GAFF 1.81, from gaff-1.81.dat (AmberTools 24.8) X-c1-c1-X (stand-in: *-ch-cu-* as X-c1-c1-X)"
ch-cu-ch-ha,0,-1,2,"GAFF 1.81, from gaff-1.81.dat (AmberTools 24.8) X-c1-c1-X (stand-in: *-ch-cu-* as X-c1-c1-X)"
ch-cu-ch-cp,0,-1,2,"GAFF 1.81, from gaff-1.81.dat (AmberTools 24.8) X-c1-c1-X (stand-in: *-ch-cu-* as X-c1-c1-X)"
ch-cu-ch-c1,0,-1,2,"GAFF 1.81, from gaff-1.81.dat (AmberTools 24.8) X-c1-c1-X (stand-in: *-ch-cu-* as X-c1-c1-X)"
ch-cu-ch-cg,0,-1,2,"GAFF 1.81, from gaff-1.81.dat (AmberTools 24.8) X-c1-c1-X (stand-in: *-ch-cu-* as X-c1-c1-X)"
ch-cu-ch-ch,0,-1,2,"GAFF 1.81, from gaff-1.81.dat (AmberTools 24.8) X-c1-c1-X (stand-in: *-ch-cu-* as X-c1-c1-X)"
ch-cu-ch-ce,0,-1,2,"GAFF 1.81, from gaff-1.81.dat (AmberTools 24.8) X-c1-c1-X (stand-in: *-ch-cu-* as X-c1-c1-X)"
ch-cu-ch-cu,0,-1,2,"GAFF 1.81, from gaff-1.81.dat (AmberTools 24.8) X-c1-c1-X (stand-in: *-ch-cu-* as X-c1-c1-X)"
ch-cu-ch-c3,0,-1,2,"GAFF 1.81, from gaff-1.81.dat (AmberTools 24.8) X-c1-c1-X (stand-in: *-ch-cu-* as X-c1-c1-X)"
ch-cu-ch-hc,0,-1,2,"GAFF 1.81, from gaff-1.81.dat (AmberTools 24.8) X-c1-c1-X (stand-in: *-ch-cu-* as X-c1-c1-X)"
ch-cu-ce-ca,2,-1,2,"GAFF 1.81, from gaff-1.81.dat (AmberTools 24.8) X-cp-cp-X (stand-in: *-ce-cu-* as X-cp-cp-X)"
ch-cu-ce-ha,2,-1,2,"GAFF 1.81, from gaff-1.81.dat (AmberTools 24.8) X-cp-cp-X (stand-in: *-ce-cu-* as X-cp-cp-X)"
ch-cu-ce-cp,2,-1,2,"GAFF 1.81, from gaff-1.81.dat (AmberTools 24.8) X-cp-cp-X (stand-in: *-ce-cu-* as X-cp-cp-X)"
ch-cu-ce-c1,2,-1,2,"GAFF 1.81, from gaff-1.81.dat (AmberTools 24.8) X-cp-cp-X (stand-in: *-ce-cu-* as X-cp-cp-X)"
ch-cu-ce-cg,2,-1,2,"GAFF 1.81, from gaff-1.81.dat (AmberTools 24.8) X-cp-cp-X (stand-in: *-ce-cu-* as X-cp-cp-X)"
ch-cu-ce-ch,2,-1,2,"GAFF 1.81, from gaff-1.81.dat (AmberTools 24.8) X-cp-cp-X (stand-in: *-ce-cu-* as X-cp-cp-X)"
ch-cu-ce-ce,2,-1,2,"GAFF 1.81, from gaff-1.81.dat (AmberTools 24.8) X-cp-cp-X (stand-in: *-ce-cu-* as X-cp-cp-X)"
ch-cu-ce-cu,2,-1,2,"GAFF 1.81, from gaff-1.81.dat (AmberTools 24.8) X-cp-cp-X (stand-in: *-ce-cu-* as X-cp-cp-X)"
ch-cu-ce-c3,2,-1,2,"GAFF 1.81, from gaff-1.81.dat (AmberTools 24.8) X-cp-cp-X (stand-in: *-ce-cu-* as X-cp-cp-X)"
ch-cu-ce-hc,2,-1,2,"GAFF 1.81, from gaff-1.81.dat (AmberTools 24.8) X-cp-cp-X (stand-in: *-ce-cu-* as X-cp-cp-X)"
ch-cu-cu-ca,2,-1,2,"GAFF 1.81, from gaff-1.81.dat (AmberTools 24.8) X-ce-ce-X (cu as ce)"
ch-cu-cu-ha,2,-1,2,"GAFF 1.81, from gaff-1.81.dat (AmberTools 24.8) X-ce-ce-X (cu as ce)"
ch-cu-cu-cp,2,-1,2,"GAFF 1.81, from gaff-1.81.dat (AmberTools 24.8) X-ce-ce-X (cu as ce)"
ch-cu-cu-c1,2,-1,2,"GAFF 1.81, from gaff-1.81.dat (AmberTools 24.8) X-ce-ce-X (cu as ce)"
ch-cu-cu-cg,2,-1,2,"GAFF 1.81, from gaff-1.81.dat (AmberTools 24.8) X-ce-ce-X (cu as ce)"
ch-cu-cu-ch,2,-1,2,"GAFF 1.81, from gaff-1.81.dat (AmberTools 24.8) X-ce-ce-X (cu as ce)"
ch-cu-cu-ce,2,-1,2,"GAFF 1.81, from gaff-1.81.dat (AmberTools 24.8) X-ce-ce-X (cu as ce)"
ch-cu-cu-cu,2,-1,2,"GAFF 1.81, from gaff-1.81.dat (AmberTools 24.8) X-ce-ce-X (cu as ce)"
ch-cu-cu-c3,2,-1,2,"GAFF 1.81, from gaff-1.81.dat (AmberTools 24.8) X-ce-ce-X (cu as ce)"
ch-cu-cu-hc,2,-1,2,"GAFF 1.81, from gaff-1.81.dat (AmberTools 24.8) X-ce-ce-X (cu as ce)"
ch-cu-c3-ca,0,1,2,"GAFF 1.81, from gaff-1.81.dat (AmberTools 24.8) X-c2-c3-X (stand-in: *-c3-cu-* as X-c2-c3-X)"
ch-cu-c3-ha,0,1,2,"GAFF 1.81, from gaff-1.81.dat (AmberTools 24.8) X-c2-c3-X (stand-in: *-c3-cu-* as X-c2-c3-X)"
ch-cu-c3-cp,0,1,2,"GAFF 1.81, from gaff-1.81.dat (AmberTools 24.8) X-c2-c3-X (stand-in: *-c3-cu-* as X-c2-c3-X)"
ch-cu-c3-c1,0,1,2,"GAFF 1.81, from gaff-1.81.dat (AmberTools 24.8) X-c2-c3-X (stand-in: *-c3-cu-* as X-c2-c3-X)"
ch-cu-c3-cg,0,1,2,"GAFF 1.81, from gaff-1.81.dat (AmberTools 24.8) X-c2-c3-X (stand-in: *-c3-cu-* as X-c2-c3-X)"
ch-cu-c3-ch,0,1,2,"GAFF 1.81, from gaff-1.81.dat (AmberTools 24.8) X-c2-c3-X (stand-in: *-c3-cu-* as X-c2-c3-X)"
ch-cu-c3-ce,0,1,2,"GAFF 1.81, from gaff-1.81.dat (AmberTools 24.8) X-c2-c3-X (stand-in: *-c3-cu-* as X-c2-c3-X)"
ch-cu-c3-cu,0,1,2,"GAFF 1.81, from gaff-1.81.dat (AmberTools 24.8) X-c2-c3-X (stand-in: *-c3-cu-* as X-c2-c3-X)"
ch-cu-c3-c3,0,1,2,"GAFF 1.81, from gaff-1.81.dat (AmberTools 24.8) X-c2-c3-X (stand-in: *-c3-cu-* as X-c2-c3-X)"
ch-cu-c3-hc,0,1,2,"GAFF 1.81, from gaff-1.81.dat (AmberTools 24.8) X-c2-c3-X (stand-in: *-c3-cu-* as X-c2-c3-X)"
ch-c3-ca-ca,0,1,2,"GAFF 1.81, from gaff-1.81.dat (AmberTools 24.8) X-c3-ca-X"
ch-c3-ca-ha,0,1,2,"GAFF 1.81, from gaff-1.81.dat (AmberTools 24.8) X-c3-ca-X"
ch-c3-ca-cp,0,1,2,"GAFF 1.81, from gaff-1.81.dat (AmberTools 24.8) X-c3-ca-X"
ch-c3-ca-c1,0,1,2,"GAFF 1.81, from gaff-1.81.dat (AmberTools 24.8) X-c3-ca-X"
ch-c3-ca-cg,0,1,2,"GAFF 1.81, from gaff-1.81.dat (AmberTools 24.8) X-c3-ca-X"
ch-c3-ca-ch,0,1,2,"GAFF 1.81, from gaff-1.81.dat (AmberTools 24.8) X-c3-ca-X"
ch-c3-ca-ce,0,1,2,"GAFF 1.81, from gaff-1.81.dat (AmberTools 24.8) X-c3-ca-X"
ch-c3-ca-cu,0,1,2,"GAFF 1.81, from gaff-1.81.dat (AmberTools 24.8) X-c3-ca-X"
ch-c3-ca-c3,0,1,2,"GAFF 1.81, from gaff-1.81.dat (AmberTools 24.8) X-c3-ca-X"
ch-c3-ca-hc,0,1,2,"GAFF 1.81, from gaff-1.81.dat (AmberTools 24.8) X-c3-ca-X"
ch-c3-cp-ca,0,1,2,"GAFF 1.81, from gaff-1.81.dat (AmberTools 24.8) X-c3-ca-X (cp as ca)"
ch-c3-cp-ha,0,1,2,"GAFF 1.81, from gaff-1.81.dat (AmberTools 24.8) X-c3-ca-X (cp as ca)"
ch-c3-cp-cp,0,1,2,"GAFF 1.81, from gaff-1.81.dat (AmberTools 24.8) X-c3-ca-X (cp as ca)"
ch-c3-cp-c1,0,1,2,"GAFF 1.81, from gaff-1.81.dat (AmberTools 24.8) X-c3-ca-X (cp as ca)"
ch-c3-cp-cg,0,1,2,"GAFF 1.81, from gaff-1.81.dat (AmberTools 24.8) X-c3-ca-X (cp as ca)"
ch-c3-cp-ch,0,1,2,"GAFF 1.81, from gaff-1.81.dat (AmberTools 24.8) X-c3-ca-X (cp as ca)"
ch-c3-cp-ce,0,1,2,"GAFF 1.81, from gaff-1.81.dat (AmberTools 24.8) X-c3-ca-X (cp as ca)"
ch-c3-cp-cu,0,1,2,"GAFF 1.81, from gaff-1.81.dat (AmberTools 24.8) X-c3-ca-X (cp as ca)"
ch-c3-cp-c3,0,1,2,"GAFF 1.81, from gaff-1.81.dat (AmberTools 24.8) X-c3-ca-X (cp as ca)"
ch-c3-cp-hc,0,1,2,"GAFF 1.81, from gaff-1.81.dat (AmberTools 24.8) X-c3-ca-X (cp as ca)"
ch-c3-c1-ca,0,-1,2,"GAFF 1.81, from gaff-1.81.dat (AmberTools 24.8) X-c1-c3-X"
ch-c3-c1-ha,0,-1,2,"GAFF 1.81, from gaff-1.81.dat (AmberTools 24.8) X-c1-c3-X"
ch-c3-c1-cp,0,-1,2,"GAFF 1.81, from gaff-1.81.dat (AmberTools 24.8) X-c1-c3-X"
ch-c3-c1-c1,0,-1,2,"GAFF 1.81, from gaff-1.81.dat (AmberTools 24.8) X-c1-c3-X"
ch-c3-c1-cg,0,-1,2,"GAFF 1.81, from gaff-1.81.dat (AmberTools 24.8) X-c1-c3-X"
ch-c3-c1-ch,0,-1,2,"GAFF 1.81, from gaff-1.81.dat (AmberTools 24.8) X-c1-c3-X"
ch-c3-c1-ce,0,-1,2,"GAFF 1.81, from gaff-1.81.dat (AmberTools 24.8) X-c1-c3-X"
ch-c3-c1-cu,0,-1,2,"GAFF 1.81, from gaff-1.81.dat (AmberTools 24.8) X-c1-c3-X"
ch-c3-c1-c3,0,-1,2,"GAFF 1.81, from gaff-1.81.dat (AmberTools 24.8) X-c1-c3-X"
ch-c3-c1-hc,0,-1,2,"GAFF 1.81, from gaff-1.81.dat (AmberTools 24.8) X-c1-c3-X"
ch-c3-cg-ca,0,-1,2,"GAFF 1.81, from gaff-1.81.dat (AmberTools 24.8) X-c1-c3-X (cg as c1)"
ch-c3-cg-ha,0,-1,2,"GAFF 1.81, from gaff-1.81.dat (AmberTools 24.8) X-c1-c3-X (cg as c1)"
ch-c3-cg-cp,0,-1,2,"GAFF 1.81, from gaff-1.81.dat (AmberTools 24.8) X-c1-c3-X (cg as c1)"
ch-c3-cg-c1,0,-1,2,"GAFF 1.81, from gaff-1.81.dat (AmberTools 24.8) X-c1-c3-X (cg as c1)"
ch-c3-cg-cg,0,-1,2,"GAFF 1.81, from gaff-1.81.dat (AmberTools 24.8) X-c1-c3-X (cg as c1)"
ch-c3-cg-ch,0,-1,2,"GAFF 1.81, from gaff-1.81.dat (AmberTools 24.8) X-c1-c3-X (cg as c1)"
ch-c3-cg-ce,0,-1,2,"GAFF 1.81, from gaff-1.81.dat (AmberTools 24.8) X-c1-c3-X (cg as c1)"
ch-c3-cg-cu,0,-1,2,"GAFF 1.81, from gaff-1.81.dat (AmberTools 24.8) X-c1-c3-X (cg as c1)"
ch-c3-cg-c3,0,-1,2,"GAFF 1.81, from gaff-1.81.dat (AmberTools 24.8) X-c1-c3-X (cg as c1)"
ch-c3-cg-hc,0,-1,2,"GAFF 1.81, from gaff-1.81.dat (AmberTools 24.8) X-c1-c3-X (cg as c1)"
ch-c3-ch-ca,0,-1,2,"GAFF 1.81, from gaff-1.81.dat (AmberTools 24.8) X-c1-c3-X (ch as c1)"
ch-c3-ch-ha,0,-1,2,"GAFF 1.81, from gaff-1.81.dat (AmberTools 24.8) X-c1-c3-X (ch as c1)"
ch-c3-ch-cp,0,-1,2,"GAFF 1.81, from gaff-1.81.dat (AmberTools 24.8) X-c1-c3-X (ch as c1)"
ch-c3-ch-c1,0,-1,2,"GAFF 1.81, from gaff-1.81.dat (AmberTools 24.8) X-c1-c3-X (ch as c1)"
ch-c3-ch-cg,0,-1,2,"GAFF 1.81, from gaff-1.81.dat (AmberTools 24.8) X-c1-c3-X (ch as c1)"
ch-c3-ch-ch,0,-1,2,"GAFF 1.81, from gaff-1.81.dat (AmberTools 24.8) X-c1-c3-X (ch as c1)"
ch-c3-ch-ce,0,-1,2,"GAFF 1.81, from gaff-1.81.dat (AmberTools 24.8) X-c1-c3-X (ch as c1)"
ch-c3-ch-cu,0,-1,2,"GAFF 1.81, from gaff-1.81.dat (AmberTools 24.8) X-c1-c3-X (ch as c1)"
ch-c3-ch-c3,0,-1,2,"GAFF 1.81, from gaff-1.81.dat (AmberTools 24.8) X-c1-c3-X (ch as c1)"
ch-c3-ch-hc,0,-1,2,"GAFF 1.81, from gaff-1.81.dat (AmberTools 24.8) X-c1-c3-X (ch as c1)"
ch-c3-ce-ca,0,1,2,"GAFF 1.81, from gaff-1.81.dat (AmberTools 24.8) X-c2-c3-X (ce as c2)"
ch-c3-ce-ha,0,1,2,"GAFF 1.81, from gaff-1.81.dat (AmberTools 24.8) X-c2-c3-X (ce as c2)"
ch-c3-ce-cp,0,1,2,"GAFF 1.81, from gaff-1.81.dat (AmberTools 24.8) X-c2-c3-X (ce as c2)"
ch-c3-ce-c1,0,1,2,"GAFF 1.81, from gaff-1.81.dat (AmberTools 24.8) X-c2-c3-X (ce as c2)"
ch-c3-ce-cg,0,1,2,"GAFF 1.81, from gaff-1.81.dat (AmberTools 24.8) X-c2-c3-X (ce as c2)"
ch-c3-ce-ch,0,1,2,"GAFF 1.81, from gaff-1.81.dat (AmberTools 24.8) X-c2-c3-X (ce as c2)"
ch-c3-ce-ce,0,1,2,"GAFF 1.81, from gaff-1.81.dat (AmberTools 24.8) X-c2-c3-X (ce as c2)"
ch-c3-ce-cu,0,1,2,"GAFF 1.81, from gaff-1.81.dat (AmberTools 24.8) X-c2-c3-X (ce as c2)"
ch-c3-ce-c3,0,1,2,"GAFF 1.81, from gaff-1.81.dat (AmberTools 24.8) X-c2-c3-X (ce as c2)"
ch-c3-ce-hc,0,1,2,"GAFF 1.81, from gaff-1.81.dat (AmberTools 24.8) X-c2-c3-X (ce as c2)"
ch-c3-cu-ca,0,1,2,"GAFF 1.81, from gaff-1.81.dat (AmberTools 24.8) X-c2-c3-X (stand-in: *-c3-cu-* as X-c2-c3-X)"
ch-c3-cu-ha,0,1,2,"GAFF 1.81, from gaff-1.81.dat (AmberTools 24.8) X-c2-c3-X (stand-in: *-c3-cu-* as X-c2-c3-X)"
ch-c3-cu-cp,0,1,2,"GAFF 1.81, from gaff-1.81.dat (AmberTools 24.8) X-c2-c3-X (stand-in: *-c3-cu-* as X-c2-c3-X)"
ch-c3-cu-c1,0,1,2,"GAFF 1.81, from gaff-1.81.dat (AmberTools 24.8) X-c2-c3-X (stand-in: *-c3-cu-* as X-c2-c3-X)"
ch-c3-cu-cg,0,1,2,"GAFF 1.81, from gaff-1.81.dat (AmberTools 24.8) X-c2-c3-X (stand-in: *-c3-cu-* as X-c2-c3-X)"
ch-c3-cu-ch,0,1,2,"GAFF 1.81, from gaff-1.81.dat (AmberTools 24.8) X-c2-c3-X (stand-in: *-c3-cu-* as X-c2-c3-X)"
ch-c3-cu-ce,0,1,2,"GAFF 1.81, from gaff-1.81.dat (AmberTools 24.8) X-c2-c3-X (stand-in: *-c3-cu-* as X-c2-c3-X)"
ch-c3-cu-cu,0,1,2,"GAFF 1.81, from gaff-1.81.dat (AmberTools 24.8) X-c2-c3-X (stand-in: *-c3-cu-* as X-c2-c3-X)"
ch-c3-cu-c3,0,1,2,"GAFF 1.81, from gaff-1.81.dat (AmberTools 24.8) X-c2-c3-X (stand-in: *-c3-cu-* as X-c2-c3-X)"
ch-c3-cu-hc,0,1,2,"GAFF 1.81, from gaff-1.81.dat (AmberTools 24.8) X-c2-c3-X (stand-in: *-c3-cu-* as X-c2-c3-X)"
ch-c3-c3-ca,0.311111,1,3,"GAFF 1.81, from gaff-1.81.dat (AmberTools 24.8) X-c3-c3-X"
ch-c3-c3-ha,0.311111,1,3,"GAFF 1.81, from gaff-1.81.dat (AmberTools 24.8) X-c3-c3-X"
ch-c3-c3-cp,0.311111,1,3,"GAFF 1.81, from gaff-1.81.dat (AmberTools 24.8) X-c3-c3-X"
ch-c3-c3-c1,0.311111,1,3,"GAFF 1.81, from gaff-1.81.dat (AmberTools 24.8) X-c3-c3-X"
ch-c3-c3-cg,0.311111,1,3,"GAFF 1.81, from gaff-1.81.dat (AmberTools 24.8) X-c3-c3-X"
ch-c3-c3-ch,0.311111,1,3,"GAFF 1.81, from gaff-1.81.dat (AmberTools 24.8) X-c3-c3-X"
ch-c3-c3-ce,0.311111,1,3,"GAFF 1.81, from gaff-1.81.dat (AmberTools 24.8) X-c3-c3-X"
ch-c3-c3-cu,0.311111,1,3,"GAFF 1.81, from gaff-1.81.dat (AmberTools 24.8) X-c3-c3-X"
ch-c3-c3-c3,0.311111,1,3,"GAFF 1.81, from gaff-1.81.dat (AmberTools 24.8) X-c3-c3-X"
ch-c3-c3-hc,0.311111,1,3,"GAFF 1.81, from gaff-1.81.dat (AmberTools 24.8) X-c3-c3-X"
ce-ca-ca-ca,7.25,-1,2,"GAFF 1.81, from gaff-1.81.dat (AmberTools 24.8) X-ca-ca-X"
ce-ca-ca-ha,7.25,-1,2,"GAFF 1.81, from gaff-1.81.dat (AmberTools 24.8) X-ca-ca-X"
ce-ca-ca-cp,7.25,-1,2,"GAFF 1.81, from gaff-1.81.dat (AmberTools 24.8) X-ca-ca-X"
ce-ca-ca-c1,7.25,-1,2,"GAFF 1.81, from gaff-1.81.dat (AmberTools 24.8) X-ca-ca-X"
ce-ca-ca-cg,7.25,-1,2,"GAFF 1.81, from gaff-1.81.dat (AmberTools 24.8) X-ca-ca-X"
ce-ca-ca-ch,7.25,-1,2,"GAFF 1.81, from gaff-1.81.dat (AmberTools 24.8) X-ca-ca-X"
ce-ca-ca-ce,7.25,-1,2,"GAFF 1.81, from gaff-1.81.dat (AmberTools 24.8) X-ca-ca-X"
ce-ca-ca-cu,7.25,-1,2,"GAFF 1.81, from gaff-1.81.dat (AmberTools 24.8) X-ca-ca-X"
ce-ca-ca-c3,7.25,-1,2,"GAFF 1.81, from gaff-1.81.dat (AmberTools 24.8) X-ca-ca-X"
ce-ca-ca-hc,7.25,-1,2,"GAFF 1.81, from gaff-1.81.dat (AmberTools 24.8) X-ca-ca-X"
ce-ca-cp-ca,7.25,-1,2,"GAFF 1.81, from gaff-1.81.dat (AmberTools 24.8) X-ca-cp-X"
ce-ca-cp-ha,7.25,-1,2,"GAFF 1.81, from gaff-1.81.dat (AmberTools 24.8) X-ca-cp-X"
ce-ca-cp-cp,7.25,-1,2,"GAFF 1.81, from gaff-1.81.dat (AmberTools 24.8) X-ca-cp-X"
ce-ca-cp-c1,7.25,-1,2,"GAFF 1.81, from gaff-1.81.dat (AmberTools 24.8) X-ca-cp-X"
ce-ca-cp-cg,7.25,-1,2,"GAFF 1.81, from gaff-1.81.dat (AmberTools 24.8) X-ca-cp-X"
ce-ca-cp-ch,7.25,-1,2,"GAFF 1.81, from gaff-1.81.dat (AmberTools 24.8) X-ca-cp-X"
ce-ca-cp-ce,7.25,-1,2,"GAFF 1.81, from gaff-1.81.dat (AmberTools 24.8) X-ca-cp-X"
ce-ca-cp-cu,7.25,-1,2,"GAFF 1.81, from gaff-1.81.dat (AmberTools 24.8) X-ca-cp-X"
ce-ca-cp-c3,7.25,-1,2,"GAFF 1.81, from gaff-1.81.dat (AmberTools 24.8) X-ca-cp-X"
ce-ca-cp-hc,7.25,-1,2,"GAFF 1.81, from gaff-1.81.dat (AmberTools 24.8) X-ca-cp-X"
ce-ca-c1-ca,0,-1,2,"GAFF 1.81, from gaff-1.81.dat (AmberTools 24.8) X-c1-ca-X"
ce-ca-c1-ha,0,-1,2,"GAFF 1.81, from gaff-1.81.dat (AmberTools 24.8) X-c1-ca-X"
ce-ca-c1-cp,0,-1,2,"GAFF 1.81, from gaff-1.81.dat (AmberTools 24.8) X-c1-ca-X"
ce-ca-c1-c1,0,-1,2,"GAFF 1.81, from gaff-1.81.dat (AmberTools 24.8) X-c1-ca-X"
ce-ca-c1-cg,0,-1,2,"GAFF 1.81, from gaff-1.81.dat (AmberTools 24.8) X-c1-ca-X"
ce-ca-c1-ch,0,-1,2,"GAFF 1.81, from gaff-1.81.dat (AmberTools 24.8) X-c1-ca-X"
ce-ca-c1-ce,0,-1,2,"GAFF 1.81, from gaff-1.81.dat (AmberTools 24.8) X-c1-ca-X"
ce-ca-c1-cu,0,-1,2,"GAFF 1.81, from gaff-1.81.dat (AmberTools 24.8) X-c1-ca-X"
ce-ca-c1-c3,0,-1,2,"GAFF 1.81, from gaff-1.81.dat (AmberTools 24.8) X-c1-ca-X"
ce-ca-c1-hc,0,-1,2,"GAFF 1.81, from gaff-1.81.dat (AmberTools 24.8) X-c1-ca-X"
ce-ca-cg-ca,0,-1,2,"GAFF 1.81, from gaff-1.81.dat (AmberTools 24.8) X-c1-ca-X (cg as c1)"
ce-ca-cg-ha,0,-1,2,"GAFF 1.81, from gaff-1.81.dat (AmberTools 24.8) X-c1-ca-X (cg as c1)"
ce-ca-cg-cp,0,-1,2,"GAFF 1.81, from gaff-1.81.dat (AmberTools 24.8) X-c1-ca-X (cg as c1)"
ce-ca-cg-c1,0,-1,2,"GAFF 1.81, from gaff-1.81.dat (AmberTools 24.8) X-c1-ca-X (cg as c1)"
ce-ca-cg-cg,0,-1,2,"GAFF 1.81, from gaff-1.81.dat (AmberTools 24.8) X-c1-ca-X (cg as c1)"
ce-ca-cg-ch,0,-1,2,"GAFF 1.81, from gaff-1.81.dat (AmberTools 24.8) X-c1-ca-X (cg as c1)"
ce-ca-cg-ce,0,-1,2,"GAFF 1.81, from gaff-1.81.dat (AmberTools 24.8) X-c1-ca-X (cg as c1)"
ce-ca-cg-cu,0,-1,2,"GAFF 1.81, from gaff-1.81.dat (AmberTools 24.8) X-c1-ca-X (cg as c1)"
ce-ca-cg-c3,0,-1,2,"GAFF 1.81, from gaff-1.81.dat (AmberTools 24.8) X-c1-ca-X (cg as c1)"
ce-ca-cg-hc,0,-1,2,"GAFF 1.81, from gaff-1.81.dat (AmberTools 24.8) X-c1-ca-X (cg as c1)"
ce-ca-ch-ca,0,-1,2,"GAFF 1.81, from gaff-1.81.dat (AmberTools 24.8) X-c1-ca-X (ch as c1)"
ce-ca-ch-ha,0,-1,2,"GAFF 1.81, from gaff-1.81.dat (AmberTools 24.8) X-c1-ca-X (ch as c1)"
ce-ca-ch-cp,0,-1,2,"GAFF 1.81, from gaff-1.81.dat (AmberTools 24.8) X-c1-ca-X (ch as c1)"
ce-ca-ch-c1,0,-1,2,"GAFF 1.81, from gaff-1.81.dat (AmberTools 24.8) X-c1-ca-X (ch as c1)"
ce-ca-ch-cg,0,-1,2,"GAFF 1.81, from gaff-1.81.dat (AmberTools 24.8) X-c1-ca-X (ch as c1)"
ce-ca-ch-ch,0,-1,2,"GAFF 1.81, from gaff-1.81.dat (AmberTools 24.8) X-c1-ca-X (ch as c1)"
ce-ca-ch-ce,0,-1,2,"GAFF 1.81, from gaff-1.81.dat (AmberTools 24.8) X-c1-ca-X (ch as c1)"
ce-ca-ch-cu,0,-1,2,"GAFF 1.81, from gaff-1.81.dat (AmberTools 24.8) X-c1-ca-X (ch as c1)"
ce-ca-ch-c3,0,-1,2,"GAFF 1.81, from gaff-1.81.dat (AmberTools 24.8) X-c1-ca-X (ch as c1)"
ce-ca-ch-hc,0,-1,2,"GAFF 1.81, from gaff-1.81.dat (AmberTools 24.8) X-c1-ca-X (ch as c1)"
ce-ca-ce-ca,1.4,-1,2,"GAFF 1.81, from gaff-1.81.dat (AmberTools 24.8) X-c2-ca-X (ce as c2)"
ce-ca-ce-ha,1.4,-1,2,"GAFF 1.81, from gaff-1.81.dat (AmberTools 24.8) X-c2-ca-X (ce as c2)"
ce-ca-ce-cp,1.4,-1,2,"GAFF 1.81, from gaff-1.81.dat (AmberTools 24.8) X-c2-ca-X (ce as c2)"
ce-ca-ce-c1,1.4,-1,2,"GAFF 1.81, from gaff-1.81.dat (AmberTools 24.8) X-c2-ca-X (ce as c2)"
ce-ca-ce-cg,1.4,-1,2,"GAFF 1.81, from gaff-1.81.dat (AmberTools 24.8) X-c2-ca-X (ce as c2)"
ce-ca-ce-ch,1.4,-1,2,"GAFF 1.81, from gaff-1.81.dat (AmberTools 24.8) X-c2-ca-X (ce as c2)"
ce-ca-ce-ce,1.4,-1,2,"GAFF 1.81, from gaff-1.81.dat (AmberTools 24.8) X-c2-ca-X (ce as c2)"
ce-ca-ce-cu,1.4,-1,2,"GAFF 1.81, from gaff-1.81.dat (AmberTools 24.8) X-c2-ca-X (ce as c2)"
ce-ca-ce-c3,1.4,-1,2,"GAFF 1.81, from gaff-1.81.dat (AmberTools 24.8) X-c2-ca-X (ce as c2)"
ce-ca-ce-hc,1.4,-1,2,"GAFF 1.81, from gaff-1.81.dat (AmberTools 24.8) X-c2-ca-X (ce as c2)"
ce-ca-cu-ca,2,-1,2,"GAFF 1.81, from gaff-1.81.dat (AmberTools 24.8) X-cp-cp-X (stand-in: *-ca-cu-* as X-cp-cp-X)"
ce-ca-cu-ha,2,-1,2,"GAFF 1.81, from gaff-1.81.dat (AmberTools 24.8) X-cp-cp-X (stand-in: *-ca-cu-* as X-cp-cp-X)"
ce-ca-cu-cp,2,-1,2,"GAFF 1.81, from gaff-1.81.dat (AmberTools 24.8) X-cp-cp-X (stand-in: *-ca-cu-* as X-cp-cp-X)"
ce-ca-cu-c1,2,-1,2,"GAFF 1.81, from gaff-1.81.dat (AmberTools 24.8) X-cp-cp-X (stand-in: *-ca-cu-* as X-cp-cp-X)"
ce-ca-cu-cg,2,-1,2,"GAFF 1.81, from gaff-1.81.dat (AmberTools 24.8) X-cp-cp-X (stand-in: *-ca-cu-* as X-cp-cp-X)"
ce-ca-cu-ch,2,-1,2,"GAFF 1.81, from gaff-1.81.dat (AmberTools 24.8) X-cp-cp-X (stand-in: *-ca-cu-* as X-cp-cp-X)"
ce-ca-cu-ce,2,-1,2,"GAFF 1.81, from gaff-1.81.dat (AmberTools 24.8) X-cp-cp-X (stand-in: *-ca-cu-* as X-cp-cp-X)"
ce-ca-cu-cu,2,-1,2,"GAFF 1.81, from gaff-1.81.dat (AmberTools 24.8) X-cp-cp-X (stand-in: *-ca-cu-* as X-cp-cp-X)"
ce-ca-cu-c3,2,-1,2,"GAFF 1.81, from gaff-1.81.dat (AmberTools 24.8) X-cp-cp-X (stand-in: *-ca-cu-* as X-cp-cp-X)"
ce-ca-cu-hc,2,-1,2,"GAFF 1.81, from gaff-1.81.dat (AmberTools 24.8) X-cp-cp-X (stand-in: *-ca-cu-* as X-cp-cp-X)"
ce-ca-c3-ca,0,1,2,"GAFF 1.81, from gaff-1.81.dat (AmberTools 24.8) X-c3-ca-X"
ce-ca-c3-ha,0,1,2,"GAFF 1.81, from gaff-1.81.dat (AmberTools 24.8) X-c3-ca-X"
ce-ca-c3-cp,0,1,2,"GAFF 1.81, from gaff-1.81.dat (AmberTools 24.8) X-c3-ca-X"
ce-ca-c3-c1,0,1,2,"GAFF 1.81, from gaff-1.81.dat (AmberTools 24.8) X-c3-ca-X"
ce-ca-c3-cg,0,1,2,"GAFF 1.81, from gaff-1.81.dat (AmberTools 24.8) X-c3-ca-X"
ce-ca-c3-ch,0,1,2,"GAFF 1.81, from gaff-1.81.dat (AmberTools 24.8) X-c3-ca-X"
ce-ca-c3-ce,0,1,2,"GAFF 1.81, from gaff-1.81.dat (AmberTools 24.8) X-c3-ca-X"
ce-ca-c3-cu,0,1,2,"GAFF 1.81, from gaff-1.81.dat (AmberTools 24.8) X-c3-ca-X"
ce-ca-c3-c3,0,1,2,"GAFF 1.81, from gaff-1.81.dat (AmberTools 24.8) X-c3-ca-X"
ce-ca-c3-hc,0,1,2,"GAFF 1.81, from gaff-1.81.dat (AmberTools 24.8) X-c3-ca-X"
ce-cp-ca-ca,7.25,-1,2,"GAFF 1.81, from gaff-1.81.dat (AmberTools 24.8) X-ca-cp-X"
ce-cp-ca-ha,7.25,-1,2,"GAFF 1.81, from gaff-1.81.dat (AmberTools 24.8) X-ca-cp-X"
ce-cp-ca-cp,7.25,-1,2,"GAFF 1.81, from gaff-1.81.dat (AmberTools 24.8) X-ca-cp-X"
ce-cp-ca-c1,7.25,-1,2,"GAFF 1.81, from gaff-1.81.dat (AmberTools 24.8) X-ca-cp-X"
ce-cp-ca-cg,7.25,-1,2,"GAFF 1.81, from gaff-1.81.dat (AmberTools 24.8) X-ca-cp-X"
ce-cp-ca-ch,7.25,-1,2,"GAFF 1.81, from gaff-1.81.dat (AmberTools 24.8) X-ca-cp-X"
ce-cp-ca-ce,7.25,-1,2,"GAFF 1.81, from gaff-1.81.dat (AmberTools 24.8) X-ca-cp-X"
ce-cp-ca-cu,7.25,-1,2,"GAFF 1.81, from gaff-1.81.dat (AmberTools 24.8) X-ca-cp-X"
ce-cp-ca-c3,7.25,-1,2,"GAFF 1.81, from gaff-1.81.dat (AmberTools 24.8) X-ca-cp-X"
ce-cp-ca-hc,7.25,-1,2,"GAFF 1.81, from gaff-1.81.dat (AmberTools 24.8) X-ca-cp-X"
ce-cp-cp-ca,2,-1,2,"GAFF 1.81, from gaff-1.81.dat (AmberTools 24.8) X-cp-cp-X"
ce-cp-cp-ha,2,-1,2,"GAFF 1.81, from gaff-1.81.dat (AmberTools 24.8) X-cp-cp-X"
ce-cp-cp-cp,2,-1,2,"GAFF 1.81, from gaff-1.81.dat (AmberTools 24.8) X-cp-cp-X"
ce-cp-cp-c1,2,-1,2,"GAFF 1.81, from gaff-1.81.dat (AmberTools 24.8) X-cp-cp-X"
ce-cp-cp-cg,2,-1,2,"GAFF 1.81, from gaff-1.81.dat (AmberTools 24.8) X-cp-cp-X"
ce-cp-cp-ch,2,-1,2,"GAFF 1.81, from gaff-1.81.dat (AmberTools 24.8) X-cp-cp-X"
ce-cp-cp-ce,2,-1,2,"GAFF 1.81, from gaff-1.81.dat (AmberTools 24.8) X-cp-cp-X"
ce-cp-cp-cu,2,-1,2,"GAFF 1.81, from gaff-1.81.dat (AmberTools 24.8) X-cp-cp-X"
ce-cp-cp-c3,2,-1,2,"GAFF 1.81, from gaff-1.81.dat (AmberTools 24.8) X-cp-cp-X"
ce-cp-cp-hc,2,-1,2,"GAFF 1.81, from gaff-1.81.dat (AmberTools 24.8) X-cp-cp-X"
ce-cp-c1-ca,0,-1,2,"GAFF 1.81, from gaff-1.81.dat (AmberTools 24.8) X-c1-ca-X (cp as ca)"
ce-cp-c1-ha,0,-1,2,"GAFF 1.81, from gaff-1.81.dat (AmberTools 24.8) X-c1-ca-X (cp as ca)"
ce-cp-c1-cp,0,-1,2,"GAFF 1.81, from gaff-1.81.dat (AmberTools 24.8) X-c1-ca-X (cp as ca)"
ce-cp-c1-c1,0,-1,2,"GAFF 1.81, from gaff-1.81.dat (AmberTools 24.8) X-c1-ca-X (cp as ca)"
ce-cp-c1-cg,0,-1,2,"GAFF 1.81, from gaff-1.81.dat (AmberTools 24.8) X-c1-ca-X (cp as ca)"
ce-cp-c1-ch,0,-1,2,"GAFF 1.81, from gaff-1.81.dat (AmberTools 24.8) X-c1-ca-X (cp as ca)"
ce-cp-c1-ce,0,-1,2,"GAFF 1.81, from gaff-1.81.dat (AmberTools 24.8) X-c1-ca-X (cp as ca)"
ce-cp-c1-cu,0,-1,2,"GAFF 1.81, from gaff-1.81.dat (AmberTools 24.8) X-c1-ca-X (cp as ca)"
ce-cp-c1-c3,0,-1,2,"GAFF 1.81, from gaff-1.81.dat (AmberTools 24.8) X-c1-ca-X (cp as ca)"
ce-cp-c1-hc,0,-1,2,"GAFF 1.81, from gaff-1.81.dat (AmberTools 24.8) X-c1-ca-X (cp as ca)"
ce-cp-cg-ca,0,-1,2,"GAFF 1.81, from gaff-1.81.dat (AmberTools 24.8) X-c1-ca-X (cg as c1, cp as ca)"
ce-cp-cg-ha,0,-1,2,"GAFF 1.81, from gaff-1.81.dat (AmberTools 24.8) X-c1-ca-X (cg as c1, cp as ca)"
ce-cp-cg-cp,0,-1,2,"GAFF 1.81, from gaff-1.81.dat (AmberTools 24.8) X-c1-ca-X (cg as c1, cp as ca)"
ce-cp-cg-c1,0,-1,2,"GAFF 1.81, from gaff-1.81.dat (AmberTools 24.8) X-c1-ca-X (cg as c1, cp as ca)"
ce-cp-cg-cg,0,-1,2,"GAFF 1.81, from gaff-1.81.dat (AmberTools 24.8) X-c1-ca-X (cg as c1, cp as ca)"
ce-cp-cg-ch,0,-1,2,"GAFF 1.81, from gaff-1.81.dat (AmberTools 24.8) X-c1-ca-X (cg as c1, cp as ca)"
ce-cp-cg-ce,0,-1,2,"GAFF 1.81, from gaff-1.81.dat (AmberTools 24.8) X-c1-ca-X (cg as c1, cp as ca)"
ce-cp-cg-cu,0,-1,2,"GAFF 1.81, from gaff-1.81.dat (AmberTools 24.8) X-c1-ca-X (cg as c1, cp as ca)"
ce-cp-cg-c3,0,-1,2,"GAFF 1.81, from gaff-1.81.dat (AmberTools 24.8) X-c1-ca-X (cg as c1, cp as ca)"
ce-cp-cg-hc,0,-1,2,"GAFF 1.81, from gaff-1.81.dat (AmberTools 24.8) X-c1-ca-X (cg as c1, cp as ca)"
ce-cp-ch-ca,0,-1,2,"GAFF 1.81, from gaff-1.81.dat (AmberTools 24.8) X-c1-ca-X (ch as c1, cp as ca)"
ce-cp-ch-ha,0,-1,2,"GAFF 1.81, from gaff-1.81.dat (AmberTools 24.8) X-c1-ca-X (ch as c1, cp as ca)"
ce-cp-ch-cp,0,-1,2,"GAFF 1.81, from gaff-1.81.dat (AmberTools 24.8) X-c1-ca-X (ch as c1, cp as ca)"
ce-cp-ch-c1,0,-1,2,"GAFF 1.81, from gaff-1.81.dat (AmberTools 24.8) X-c1-ca-X (ch as c1, cp as ca)"
ce-cp-ch-cg,0,-1,2,"GAFF 1.81, from gaff-1.81.dat (AmberTools 24.8) X-c1-ca-X (ch as c1, cp as ca)"
ce-cp-ch-ch,0,-1,2,"GAFF 1.81, from gaff-1.81.dat (AmberTools 24.8) X-c1-ca-X (ch as c1, cp as ca)"
ce-cp-ch-ce,0,-1,2,"GAFF 1.81, from gaff-1.81.dat (AmberTools 24.8) X-c1-ca-X (ch as c1, cp as ca)"
ce-cp-ch-cu,0,-1,2,"GAFF 1.81, from gaff-1.81.dat (AmberTools 24.8) X-c1-ca-X (ch as c1, cp as ca)"
ce-cp-ch-c3,0,-1,2,"GAFF 1.81, from gaff-1.81.dat (AmberTools 24.8) X-c1-ca-X (ch as c1, cp as ca)"
ce-cp-ch-hc,0,-1,2,"GAFF 1.81, from gaff-1.81.dat (AmberTools 24.8) X-c1-ca-X (ch as c1, cp as ca)"
ce-cp-ce-ca,1.4,-1,2,"GAFF 1.81, from gaff-1.81.dat (AmberTools 24.8) X-c2-ca-X (ce as c2, cp as ca)"
ce-cp-ce-ha,1.4,-1,2,"GAFF 1.81, from gaff-1.81.dat (AmberTools 24.8) X-c2-ca-X (ce as c2, cp as ca)"
ce-cp-ce-cp,1.4,-1,2,"GAFF 1.81, from gaff-1.81.dat (AmberTools 24.8) X-c2-ca-X (ce as c2, cp as ca)"
ce-cp-ce-c1,1.4,-1,2,"GAFF 1.81, from gaff-1.81.dat (AmberTools 24.8) X-c2-ca-X (ce as c2, cp as ca)"
ce-cp-ce-cg,1.4,-1,2,"GAFF 1.81, from gaff-1.81.dat (AmberTools 24.8) X-c2-ca-X (ce as c2, cp as ca)"
ce-cp-ce-ch,1.4,-1,2,"GAFF 1.81, from gaff-1.81.dat (AmberTools 24.8) X-c2-ca-X (ce as c2, cp as ca)"
ce-cp-ce-ce,1.4,-1,2,"GAFF 1.81, from gaff-1.81.dat (AmberTools 24.8) X-c2-ca-X (ce as c2, cp as ca)"
ce-cp-ce-cu,1.4,-1,2,"GAFF 1.81, from gaff-1.81.dat (AmberTools 24.8) X-c2-ca-X (ce as c2, cp as ca)"
ce-cp-ce-c3,1.4,-1,2,"GAFF 1.81, from gaff-1.81.dat (AmberTools 24.8) X-c2-ca-X (ce as c2, cp as ca)"
ce-cp-ce-hc,1.4,-1,2,"GAFF 1.81, from gaff-1.81.dat (AmberTools 24.8) X-c2-ca-X (ce as c2, cp as ca)"
ce-cp-cu-ca,2,-1,2,"GAFF 1.81, from gaff-1.81.dat (AmberTools 24.8) X-cp-cp-X (stand-in: *-cp-cu-* as X-cp-cp-X)"
ce-cp-cu-ha,2,-1,2,"GAFF 1.81, from gaff-1.81.dat (AmberTools 24.8) X-cp-cp-X (stand-in: *-cp-cu-* as X-cp-cp-X)"
ce-cp-cu-cp,2,-1,2,"GAFF 1.81, from gaff-1.81.dat (AmberTools 24.8) X-cp-cp-X (stand-in: *-cp-cu-* as X-cp-cp-X)"
ce-cp-cu-c1,2,-1,2,"GAFF 1.81, from gaff-1.81.dat (AmberTools 24.8) X-cp-cp-X (stand-in: *-cp-cu-* as X-cp-cp-X)"
ce-cp-cu-cg,2,-1,2,"GAFF 1.81, from gaff-1.81.dat (AmberTools 24.8) X-cp-cp-X (stand-in: *-cp-cu-* as X-cp-cp-X)"
ce-cp-cu-ch,2,-1,2,"GAFF 1.81, from gaff-1.81.dat (AmberTools 24.8) X-cp-cp-X (stand-in: *-cp-cu-* as X-cp-cp-X)"
ce-cp-cu-ce,2,-1,2,"GAFF 1.81, from gaff-1.81.dat (AmberTools 24.8) X-cp-cp-X (stand-in: *-cp-cu-* as X-cp-cp-X)"
ce-cp-cu-cu,2,-1,2,"GAFF 1.81, from gaff-1.81.dat (AmberTools 24.8) X-cp-cp-X (stand-in: *-cp-cu-* as X-cp-cp-X)"
ce-cp-cu-c3,2,-1,2,"GAFF 1.81, from gaff-1.81.dat (AmberTools 24.8) X-cp-cp-X (stand-in: *-cp-cu-* as X-cp-cp-X)"
ce-cp-cu-hc,2,-1,2,"GAFF 1.81, from gaff-1.81.dat (AmberTools 24.8) X-cp-cp-X (stand-in: *-cp-cu-* as X-cp-cp-X)"
ce-cp-c3-ca,0,1,2,"GAFF 1.81, from gaff-1.81.dat (AmberTools 24.8) X-c3-ca-X (cp as ca)"
ce-cp-c3-ha,0,1,2,"GAFF 1.81, from gaff-1.81.dat (AmberTools 24.8) X-c3-ca-X (cp as ca)"
ce-cp-c3-cp,0,1,2,"GAFF 1.81, from gaff-1.81.dat (AmberTools 24.8) X-c3-ca-X (cp as ca)"
ce-cp-c3-c1,0,1,2,"GAFF 1.81, from gaff-1.81.dat (AmberTools 24.8) X-c3-ca-X (cp as ca)"
ce-cp-c3-cg,0,1,2,"GAFF 1.81, from gaff-1.81.dat (AmberTools 24.8) X-c3-ca-X (cp as ca)"
ce-cp-c3-ch,0,1,2,"GAFF 1.81, from gaff-1.81.dat (AmberTools 24.8) X-c3-ca-X (cp as ca)"
ce-cp-c3-ce,0,1,2,"GAFF 1.81, from gaff-1.81.dat (AmberTools 24.8) X-c3-ca-X (cp as ca)"
ce-cp-c3-cu,0,1,2,"GAFF 1.81, from gaff-1.81.dat (AmberTools 24.8) X-c3-ca-X (cp as ca)"
ce-cp-c3-c3,0,1,2,"GAFF 1.81, from gaff-1.81.dat (AmberTools 24.8) X-c3-ca-X (cp as ca)"
ce-cp-c3-hc,0,1,2,"GAFF 1.81, from gaff-1.81.dat (AmberTools 24.8) X-c3-ca-X (cp as ca)"
ce-c1-ca-ca,0,-1,2,"GAFF 1.81, from gaff-1.81.dat (AmberTools 24.8) X-c1-ca-X"
ce-c1-ca-ha,0,-1,2,"GAFF 1.81, from gaff-1.81.dat (AmberTools 24.8) X-c1-ca-X"
ce-c1-ca-cp,0,-1,2,"GAFF 1.81, from gaff-1.81.dat (AmberTools 24.8) X-c1-ca-X"
ce-c1-ca-c1,0,-1,2,"GAFF 1.81, from gaff-1.81.dat (AmberTools 24.8) X-c1-ca-X"
ce-c1-ca-cg,0,-1,2,"GAFF 1.81, from gaff-1.81.dat (AmberTools 24.8) X-c1-ca-X"
ce-c1-ca-ch,0,-1,2,"GAFF 1.81, from gaff-1.81.dat (AmberTools 24.8) X-c1-ca-X"
ce-c1-ca-ce,0,-1,2,"GAFF 1.81, from gaff-1.81.dat (AmberTools 24.8) X-c1-ca-X"
ce-c1-ca-cu,0,-1,2,"GAFF 1.81, from gaff-1.81.dat (AmberTools 24.8) X-c1-ca-X"
ce-c1-ca-c3,0,-1,2,"GAFF 1.81, from gaff-1.81.dat (AmberTools 24.8) X-c1-ca-X"
ce-c1-ca-hc,0,-1,2,"GAFF 1.81, from gaff-1.81.dat (AmberTools 24.8) X-c1-ca-X"
ce-c1-cp-ca,0,-1,2,"GAFF 1.81, from gaff-1.81.dat (AmberTools 24.8) X-c1-ca-X (cp as ca)"
ce-c1-cp-ha,0,-1,2,"GAFF 1.81, from gaff-1.81.dat (AmberTools 24.8) X-c1-ca-X (cp as ca)"
ce-c1-cp-cp,0,-1,2,"GAFF 1.81, from gaff-1.81.dat (AmberTools 24.8) X-c1-ca-X (cp as ca)"
ce-c1-cp-c1,0,-1,2,"GAFF 1.81, from gaff-1.81.dat (AmberTools 24.8) X-c1-ca-X (cp as ca)"
ce-c1-cp-cg,0,-1,2,"GAFF 1.81, from gaff-1.81.dat (AmberTools 24.8) X-c1-ca-X (cp as ca)"
ce-c1-cp-ch,0,-1,2,"GAFF 1.81, from gaff-1.81.dat (AmberTools 24.8) X-c1-ca-X (cp as ca)"
ce-c1-cp-ce,0,-1,2,"GAFF 1.81, from gaff-1.81.dat (AmberTools 24.8) X-c1-ca-X (cp as ca)"
ce-c1-cp-cu,0,-1,2,"GAFF 1.81, from gaff-1.81.dat (AmberTools 24.8) X-c1-ca-X (cp as ca)"
ce-c1-cp-c3,0,-1,2,"GAFF 1.81, from gaff-1.81.dat (AmberTools 24.8) X-c1-ca-X (cp as ca)"
ce-c1-cp-hc,0,-1,2,"GAFF 1.81, from gaff-1.81.dat (AmberTools 24.8) X-c1-ca-X (cp as ca)"
ce-c1-c1-ca,0,-1,2,"GAFF 1.81, from gaff-1.81.dat (AmberTools 24.8) X-c1-c1-X"
ce-c1-c1-ha,0,-1,2,"GAFF 1.81, from gaff-1.81.dat (AmberTools 24.8) X-c1-c1-X"
ce-c1-c1-cp,0,-1,2,"GAFF 1.81, from gaff-1.81.dat (AmberTools 24.8) X-c1-c1-X"
ce-c1-c1-c1,0,-1,2,"GAFF 1.81, from gaff-1.81.dat (AmberTools 24.8) X-c1-c1-X"
ce-c1-c1-cg,0,-1,2,"GAFF 1.81, from gaff-1.81.dat (AmberTools 24.8) X-c1-c1-X"
ce-c1-c1-ch,0,-1,2,"GAFF 1.81, from gaff-1.81.dat (AmberTools 24.8) X-c1-c1-X"
ce-c1-c1-ce,0,-1,2,"GAFF 1.81, from gaff-1.81.dat (AmberTools 24.8) X-c1-c1-X"
ce-c1-c1-cu,0,-1,2,"GAFF 1.81, from gaff-1.81.dat (AmberTools 24.8) X-c1-c1-X"
ce-c1-c1-c3,0,-1,2,"GAFF 1.81, from gaff-1.81.dat (AmberTools 24.8) X-c1-c1-X"
ce-c1-c1-hc,0,-1,2,"GAFF 1.81, from gaff-1.81.dat (AmberTools 24.8) X-c1-c1-X"
ce-c1-cg-ca,0,-1,2,"GAFF 1.81, from gaff-1.81.dat (AmberTools 24.8) X-c1-cg-X"
ce-c1-cg-ha,0,-1,2,"GAFF 1.81, from gaff-1.81.dat (AmberTools 24.8) X-c1-cg-X"
ce-c1-cg-cp,0,-1,2,"GAFF 1.81, from gaff-1.81.dat (AmberTools 24.8) X-c1-cg-X"
ce-c1-cg-c1,0,-1,2,"GAFF 1.81, from gaff-1.81.dat (AmberTools 24.8) X-c1-cg-X"
ce-c1-cg-cg,0,-1,2,"GAFF 1.81, from gaff-1.81.dat (AmberTools 24.8) X-c1-cg-X"
ce-c1-cg-ch,0,-1,2,"GAFF 1.81, from gaff-1.81.dat (AmberTools 24.8) X-c1-cg-X"
ce-c1-cg-ce,0,-1,2,"GAFF 1.81, from gaff-1.81.dat (AmberTools 24.8) X-c1-cg-X"
ce-c1-cg-cu,0,-1,2,"GAFF 1.81, from gaff-1.81.dat (AmberTools 24.8) X-c1-cg-X"
ce-c1-cg-c3,0,-1,2,"GAFF 1.81, from gaff-1.81.dat (AmberTools 24.8) X-c1-cg-X"
ce-c1-cg-hc,0,-1,2,"GAFF 1.81, from gaff-1.81.dat (AmberTools 24.8) X-c1-cg-X"
ce-c1-ch-ca,0,-1,2,"GAFF 1.81, from gaff-1.81.dat (AmberTools 24.8) X-c1-ch-X"
ce-c1-ch-ha,0,-1,2,"GAFF 1.81, from gaff-1.81.dat (AmberTools 24.8) X-c1-ch-X"
ce-c1-ch-cp,0,-1,2,"GAFF 1.81, from gaff-1.81.dat (AmberTools 24.8) X-c1-ch-X"
ce-c1-ch-c1,0,-1,2,"GAFF 1.81, from gaff-1.81.dat (AmberTools 24.8) X-c1-ch-X"
ce-c1-ch-cg,0,-1,2,"GAFF 1.81, from gaff-1.81.dat (AmberTools 24.8) X-c1-ch-X"
ce-c1-ch-ch,0,-1,2,"GAFF 1.81, from gaff-1.81.dat (AmberTools 24.8) X-c1-ch-X"
ce-c1-ch-ce,0,-1,2,"GAFF 1.81, from gaff-1.81.dat (AmberTools 24.8) X-c1-ch-X"
ce-c1-ch-cu,0,-1,2,"GAFF 1.81, from gaff-1.81.dat (AmberTools 24.8) X-c1-ch-X"
ce-c1-ch-c3,0,-1,2,"GAFF 1.81, from gaff-1.81.dat (AmberTools 24.8) X-c1-ch-X"
ce-c1-ch-hc,0,-1,2,"GAFF 1.81, from gaff-1.81.dat (AmberTools 24.8) X-c1-ch-X"
ce-c1-ce-ca,0,-1,2,"GAFF 1.81, from gaff-1.81.dat (AmberTools 24.8) X-c1-ce-X"
ce-c1-ce-ha,0,-1,2,"GAFF 1.81, from gaff-1.81.dat (AmberTools 24.8) X-c1-ce-X"
ce-c1-ce-cp,0,-1,2,"GAFF 1.81, from gaff-1.81.dat (AmberTools 24.8) X-c1-ce-X"
ce-c1-ce-c1,0,-1,2,"GAFF 1.81, from gaff-1.81.dat (AmberTools 24.8) X-c1-ce-X"
ce-c1-ce-cg,0,-1,2,"GAFF 1.81, from gaff-1.81.dat (AmberTools 24.8) X-c1-ce-X"
ce-c1-ce-ch,0,-1,2,"GAFF 1.81, from gaff-1.81.dat (AmberTools 24.8) X-c1-ce-X"
ce-c1-ce-ce,0,-1,2,"GAFF 1.81, from gaff-1.81.dat (AmberTools 24.8) X-c1-ce-X"
ce-c1-ce-cu,0,-1,2,"GAFF 1.81, from gaff-1.81.dat (AmberTools 24.8) X-c1-ce-X"
ce-c1-ce-c3,0,-1,2,"GAFF 1.81, from gaff-1.81.dat (AmberTools 24.8) X-c1-ce-X"
ce-c1-ce-hc,0,-1,2,"GAFF 1.81, from gaff-1.81.dat (AmberTools 24.8) X-c1-ce-X"
ce-c1-cu-ca,0,-1,2,"GAFF 1.81, from gaff-1.81.dat (AmberTools 24.8) X-c1-cu-X"
ce-c1-cu-ha,0,-1,2,"GAFF 1.81, from gaff-1.81.dat (AmberTools 24.8) X-c1-cu-X"
ce-c1-cu-cp,0,-1,2,"GAFF 1.81, from gaff-1.81.dat (AmberTools 24.8) X-c1-cu-X"
ce-c1-cu-c1,0,-1,2,"GAFF 1.81, from gaff-1.81.dat (AmberTools 24.8) X-c1-cu-X"
ce-c1-cu-cg,0,-1,2,"GAFF 1.81, from gaff-1.81.dat (AmberTools 24.8) X-c1-cu-X"
ce-c1-cu-ch,0,-1,2,"GAFF 1.81, from gaff-1.81.dat (AmberTools 24.8) X-c1-cu-X"
ce-c1-cu-ce,0,-1,2,"GAFF 1.81, from gaff-1.81.dat (AmberTools 24.8) X-c1-cu-X"
ce-c1-cu-cu,0,-1,2,"GAFF 1.81, from gaff-1.81.dat (AmberTools 24.8) X-c1-cu-X"
ce-c1-cu-c3,0,-1,2,"GAFF 1.81, from gaff-1.81.dat (AmberTools 24.8) X-c1-cu-X"
ce-c1-cu-hc,0,-1,2,"GAFF 1.81, from gaff-1.81.dat (AmberTools 24.8) X-c1-cu-X"
ce-c1-c3-ca,0,-1,2,"GAFF 1.81, from gaff-1.81.dat (AmberTools 24.8) X-c1-c3-X"
ce-c1-c3-ha,0,-1,2,"GAFF 1.81, from gaff-1.81.dat (AmberTools 24.8) X-c1-c3-X"
ce-c1-c3-cp,0,-1,2,"GAFF 1.81, from gaff-1.81.dat (AmberTools 24.8) X-c1-c3-X"
ce-c1-c3-c1,0,-1,2,"GAFF 1.81, from gaff-1.81.dat (AmberTools 24.8) X-c1-c3-X"
ce-c1-c3-cg,0,-1,2,"GAFF 1.81, from gaff-1.81.dat (AmberTools 24.8) X-c1-c3-X"
ce-c1-c3-ch,0,-1,2,"GAFF 1.81, from gaff-1.81.dat (AmberTools 24.8) X-c1-c3-X"
ce-c1-c3-ce,0,-1,2,"GAFF 1.81, from gaff-1.81.dat (AmberTools 24.8) X-c1-c3-X"
ce-c1-c3-cu,0,-1,2,"GAFF 1.81, from gaff-1.81.dat (AmberTools 24.8) X-c1-c3-X"
ce-c1-c3-c3,0,-1,2,"GAFF 1.81, from gaff-1.81.dat (AmberTools 24.8) X-c1-c3-X"
ce-c1-c3-hc,0,-1,2,"GAFF 1.81, from gaff-1.81.dat (AmberTools 24.8) X-c1-c3-X"
ce-cg-ca-ca,0,-1,2,"GAFF 1.81, from gaff-1.81.dat (AmberTools 24.8) X-c1-ca-X (cg as c1)"
ce-cg-ca-ha,0,-1,2,"GAFF 1.81, from gaff-1.81.dat (AmberTools 24.8) X-c1-ca-X (cg as c1)"
ce-cg-ca-cp,0,-1,2,"GAFF 1.81, from gaff-1.81.dat (AmberTools 24.8) X-c1-ca-X (cg as c1)"
ce-cg-ca-c1,0,-1,2,"GAFF 1.81, from gaff-1.81.dat (AmberTools 24.8) X-c1-ca-X (cg as c1)"
ce-cg-ca-cg,0,-1,2,"GAFF 1.81, from gaff-1.81.dat (AmberTools 24.8) X-c1-ca-X (cg as c1)"
ce-cg-ca-ch,0,-1,2,"GAFF 1.81, from gaff-1.81.dat (AmberTools 24.8) X-c1-ca-X (cg as c1)"
ce-cg-ca-ce,0,-1,2,"GAFF 1.81, from gaff-1.81.dat (AmberTools 24.8) X-c1-ca-X (cg as c1)"
ce-cg-ca-cu,0,-1,2,"GAFF 1.81, from gaff-1.81.dat (AmberTools 24.8) X-c1-ca-X (cg as c1)"
ce-cg-ca-c3,0,-1,2,"GAFF 1.81, from gaff-1.81.dat (AmberTools 24.8) X-c1-ca-X (cg as c1)"
ce-cg-ca-hc,0,-1,2,"GAFF 1.81, from gaff-1.81.dat (AmberTools 24.8) X-c1-ca-X (cg as c1)"
ce-cg-cp-ca,0,-1,2,"GAFF 1.81, from gaff-1.81.dat (AmberTools 24.8) X-c1-ca-X (cg as c1, cp as ca)"
ce-cg-cp-ha,0,-1,2,"GAFF 1.81, from gaff-1.81.dat (AmberTools 24.8) X-c1-ca-X (cg as c1, cp as ca)"
ce-cg-cp-cp,0,-1,2,"GAFF 1.81, from gaff-1.81.dat (AmberTools 24.8) X-c1-ca-X (cg as c1, cp as ca)"
ce-cg-cp-c1,0,-1,2,"GAFF 1.81, from gaff-1.81.dat (AmberTools 24.8) X-c1-ca-X (cg as c1, cp as ca)"
ce-cg-cp-cg,0,-1,2,"GAFF 1.81, from gaff-1.81.dat (AmberTools 24.8) X-c1-ca-X (cg as c1, cp as ca)"
ce-cg-cp-ch,0,-1,2,"GAFF 1.81, from gaff-1.81.dat (AmberTools 24.8) X-c1-ca-X (cg as c1, cp as ca)"
ce-cg-cp-ce,0,-1,2,"GAFF 1.81, from gaff-1.81.dat (AmberTools 24.8) X-c1-ca-X (cg as c1, cp as ca)"
ce-cg-cp-cu,0,-1,2,"GAFF 1.81, from gaff-1.81.dat (AmberTools 24.8) X-c1-ca-X (cg as c1, cp as ca)"
ce-cg-cp-c3,0,-1,2,"GAFF 1.81, from gaff-1.81.dat (AmberTools 24.8) X-c1-ca-X (cg as c1, cp as ca)"
ce-cg-cp-hc,0,-1,2,"GAFF 1.81, from gaff-1.81.dat (AmberTools 24.8) X-c1-ca-X (cg as c1, cp as ca)"
ce-cg-c1-ca,0,-1,2,"GAFF 1.81, from gaff-1.81.dat (AmberTools 24.8) X-c1-cg-X"
ce-cg-c1-ha,0,-1,2,"GAFF 1.81, from gaff-1.81.dat (AmberTools 24.8) X-c1-cg-X"
ce-cg-c1-cp,0,-1,2,"GAFF 1.81, from gaff-1.81.dat (AmberTools 24.8) X-c1-cg-X"
ce-cg-c1-c1,0,-1,2,"GAFF 1.81, from gaff-1.81.dat (AmberTools 24.8) X-c1-cg-X"
ce-cg-c1-cg,0,-1,2,"GAFF 1.81, from gaff-1.81.dat (AmberTools 24.8) X-c1-cg-X"
ce-cg-c1-ch,0,-1,2,"GAFF 1.81, from gaff-1.81.dat (AmberTools 24.8) X-c1-cg-X"
ce-cg-c1-ce,0,-1,2,"GAFF 1.81, from gaff-1.81.dat (AmberTools 24.8) X-c1-cg-X"
ce-cg-c1-cu,0,-1,2,"GAFF 1.81, from gaff-1.81.dat (AmberTools 24.8) X-c1-cg-X"
ce-cg-c1-c3,0,-1,2,"GAFF 1.81, from gaff-1.81.dat (AmberTools 24.8) X-c1-cg-X"
ce-cg-c1-hc,0,-1,2,"GAFF 1.81, from gaff-1.81.dat (AmberTools 24.8) X-c1-cg-X"
ce-cg-cg-ca,0,-1,2,"GAFF 1.81, from gaff-1.81.dat (AmberTools 24.8) X-cg-cg-X"
ce-cg-cg-ha,0,-1,2,"GAFF 1.81, from gaff-1.81.dat (AmberTools 24.8) X-cg-cg-X"
ce-cg-cg-cp,0,-1,2,"GAFF 1.81, from gaff-1.81.dat (AmberTools 24.8) X-cg-cg-X"
ce-cg-cg-c1,0,-1,2,"GAFF 1.81, from gaff-1.81.dat (AmberTools 24.8) X-cg-cg-X"
ce-cg-cg-cg,0,-1,2,"GAFF 1.81, from gaff-1.81.dat (AmberTools 24.8) X-cg-cg-X"
ce-cg-cg-ch,0,-1,2,"GAFF 1.81, from gaff-1.81.dat (AmberTools 24.8) X-cg-cg-X"
ce-cg-cg-ce,0,-1,2,"GAFF 1.81, from gaff-1.81.dat (AmberTools 24.8) X-cg-cg-X"
ce-cg-cg-cu,0,-1,2,"GAFF 1.81, from gaff-1.81.dat (AmberTools 24.8) X-cg-cg-X"
ce-cg-cg-c3,0,-1,2,"GAFF 1.81, from gaff-1.81.dat (AmberTools 24.8) X-cg-cg-X"
ce-cg-cg-hc,0,-1,2,"GAFF 1.81, from gaff-1.81.dat (AmberTools 24.8) X-cg-cg-X"
ce-cg-ch-ca,0,-1,2,"GAFF 1.81, from gaff-1.81.dat (AmberTools 24.8) X-cg-ch-X"
ce-cg-ch-ha,0,-1,2,"GAFF 1.81, from gaff-1.81.dat (AmberTools 24.8) X-cg-ch-X"
ce-cg-ch-cp,0,-1,2,"GAFF 1.81, from gaff-1.81.dat (AmberTools 24.8) X-cg-ch-X"
ce-cg-ch-c1,0,-1,2,"GAFF 1.81, from gaff-1.81.dat (AmberTools 24.8) X-cg-ch-X"
ce-cg-ch-cg,0,-1,2,"GAFF 1.81, from gaff-1.81.dat (AmberTools 24.8) X-cg-ch-X"
ce-cg-ch-ch,0,-1,2,"GAFF 1.81, from gaff-1.81.dat (AmberTools 24.8) X-cg-ch-X"
ce-cg-ch-ce,0,-1,2,"GAFF 1.81, from gaff-1.81.dat (AmberTools 24.8) X-cg-ch-X"
ce-cg-ch-cu,0,-1,2,"GAFF 1.81, from gaff-1.81.dat (AmberTools 24.8) X-cg-ch-X"
ce-cg-ch-c3,0,-1,2,"GAFF 1.81, from gaff-1.81.dat (AmberTools 24.8) X-cg-ch-X"
ce-cg-ch-hc,0,-1,2,"GAFF 1.81, from gaff-1.81.dat (AmberTools 24.8) X-cg-ch-X"
ce-cg-ce-ca,0,-1,2,"GAFF 1.81, from gaff-1.81.dat (AmberTools 24.8) X-c1-ce-X (cg as c1)"
ce-cg-ce-ha,0,-1,2,"GAFF 1.81, from gaff-1.81.dat (AmberTools 24.8) X-c1-ce-X (cg as c1)"
ce-cg-ce-cp,0,-1,2,"GAFF 1.81, from gaff-1.81.dat (AmberTools 24.8) X-c1-ce-X (cg as c1)"
ce-cg-ce-c1,0,-1,2,"GAFF 1.81, from gaff-1.81.dat (AmberTools 24.8) X-c1-ce-X (cg as c1)"
ce-cg-ce-cg,0,-1,2,"GAFF 1.81, from gaff-1.81.dat (AmberTools 24.8) X-c1-ce-X (cg as c1)"
ce-cg-ce-ch,0,-1,2,"GAFF 1.81, from gaff-1.81.dat (AmberTools 24.8) X-c1-ce-X (cg as c1)"
ce-cg-ce-ce,0,-1,2,"GAFF 1.81, from gaff-1.81.dat (AmberTools 24.8) X-c1-ce-X (cg as c1)"
ce-cg-ce-cu,0,-1,2,"GAFF 1.81, from gaff-1.81.dat (AmberTools 24.8) X-c1-ce-X (cg as c1)"
ce-cg-ce-c3,0,-1,2,"GAFF 1.81, from gaff-1.81.dat (AmberTools 24.8) X-c1-ce-X (cg as c1)"
ce-cg-ce-hc,0,-1,2,"GAFF 1.81, from gaff-1.81.dat (AmberTools 24.8) X-c1-ce-X (cg as c1)"
ce-cg-cu-ca,0,-1,2,"GAFF 1.81, from gaff-1.81.dat (AmberTools 24.8) X-c1-c1-X (stand-in: *-cg-cu-* as X-c1-c1-X)"
ce-cg-cu-ha,0,-1,2,"GAFF 1.81, from gaff-1.81.dat (AmberTools 24.8) X-c1-c1-X (stand-in: *-cg-cu-* as X-c1-c1-X)"
ce-cg-cu-cp,0,-1,2,"GAFF 1.81, from gaff-1.81.dat (AmberTools 24.8) X-c1-c1-X (stand-in: *-cg-cu-* as X-c1-c1-X)"
ce-cg-cu-c1,0,-1,2,"GAFF 1.81, from gaff-1.81.dat (AmberTools 24.8) X-c1-c1-X (stand-in: *-cg-cu-* as X-c1-c1-X)"
ce-cg-cu-cg,0,-1,2,"GAFF 1.81, from gaff-1.81.dat (AmberTools 24.8) X-c1-c1-X (stand-in: *-cg-cu-* as X-c1-c1-X)"
ce-cg-cu-ch,0,-1,2,"GAFF 1.81, from gaff-1.81.dat (AmberTools 24.8) X-c1-c1-X (stand-in: *-cg-cu-* as X-c1-c1-X)"
ce-cg-cu-ce,0,-1,2,"GAFF 1.81, from gaff-1.81.dat (AmberTools 24.8) X-c1-c1-X (stand-in: *-cg-cu-* as X-c1-c1-X)"
ce-cg-cu-cu,0,-1,2,"GAFF 1.81, from gaff-1.81.dat (AmberTools 24.8) X-c1-c1-X (stand-in: *-cg-cu-* as X-c1-c1-X)"
ce-cg-cu-c3,0,-1,2,"GAFF 1.81, from gaff-1.81.dat (AmberTools 24.8) X-c1-c1-X (stand-in: *-cg-cu-* as X-c1-c1-X)"
ce-cg-cu-hc,0,-1,2,"GAFF 1.81, from gaff-1.81.dat (AmberTools 24.8) X-c1-c1-X (stand-in: *-cg-cu-* as X-c1-c1-X)"
ce-cg-c3-ca,0,-1,2,"GAFF 1.81, from gaff-1.81.dat (AmberTools 24.8) X-c1-c3-X (cg as c1)"
ce-cg-c3-ha,0,-1,2,"GAFF 1.81, from gaff-1.81.dat (AmberTools 24.8) X-c1-c3-X (cg as c1)"
ce-cg-c3-cp,0,-1,2,"GAFF 1.81, from gaff-1.81.dat (AmberTools 24.8) X-c1-c3-X (cg as c1)"
ce-cg-c3-c1,0,-1,2,"GAFF 1.81, from gaff-1.81.dat (AmberTools 24.8) X-c1-c3-X (cg as c1)"
ce-cg-c3-cg,0,-1,2,"GAFF 1.81, from gaff-1.81.dat (AmberTools 24.8) X-c1-c3-X (cg as c1)"
ce-cg-c3-ch,0,-1,2,"GAFF 1.81, from gaff-1.81.dat (AmberTools 24.8) X-c1-c3-X (cg as c1)"
ce-cg-c3-ce,0,-1,2,"GAFF 1.81, from gaff-1.81.dat (AmberTools 24.8) X-c1-c3-X (cg as c1)"
ce-cg-c3-cu,0,-1,2,"GAFF 1.81, from gaff-1.81.dat (AmberTools 24.8) X-c1-c3-X (cg as c1)"
ce-cg-c3-c3,0,-1,2,"GAFF 1.81, from gaff-1.81.dat (AmberTools 24.8) X-c1-c3-X (cg as c1)"
ce-cg-c3-hc,0,-1,2,"GAFF 1.81, from gaff-1.81.dat (AmberTools 24.8) X-c1-c3-X (cg as c1)"
ce-ch-ca-ca,0,-1,2,"GAFF 1.81, from gaff-1.81.dat (AmberTools 24.8) X-c1-ca-X (ch as c1)"
ce-ch-ca-ha,0,-1,2,"GAFF 1.81, from gaff-1.81.dat (AmberTools 24.8) X-c1-ca-X (ch as c1)"
ce-ch-ca-cp,0,-1,2,"GAFF 1.81, from gaff-1.81.dat (AmberTools 24.8) X-c1-ca-X (ch as c1)"
ce-ch-ca-c1,0,-1,2,"GAFF 1.81, from gaff-1.81.dat (AmberTools 24.8) X-c1-ca-X (ch as c1)"
ce-ch-ca-cg,0,-1,2,"GAFF 1.81, from gaff-1.81.dat (AmberTools 24.8) X-c1-ca-X (ch as c1)"
ce-ch-ca-ch,0,-1,2,"GAFF 1.81, from gaff-1.81.dat (AmberTools 24.8) X-c1-ca-X (ch as c1)"
ce-ch-ca-ce,0,-1,2,"GAFF 1.81, from gaff-1.81.dat (AmberTools 24.8) X-c1-ca-X (ch as c1)"
ce-ch-ca-cu,0,-1,2,"GAFF 1.81, from gaff-1.81.dat (AmberTools 24.8) X-c1-ca-X (ch as c1)"
ce-ch-ca-c3,0,-1,2,"GAFF 1.81, from gaff-1.81.dat (AmberTools 24.8) X-c1-ca-X (ch as c1)"
ce-ch-ca-hc,0,-1,2,"GAFF 1.81, from gaff-1.81.dat (AmberTools 24.8) X-c1-ca-X (ch as c1)"
ce-ch-cp-ca,0,-1,2,"GAFF 1.81, from gaff-1.81.dat (AmberTools 24.8) X-c1-ca-X (ch as c1, cp as ca)"
ce-ch-cp-ha,0,-1,2,"GAFF 1.81, from gaff-1.81.dat (AmberTools 24.8) X-c1-ca-X (ch as c1, cp as ca)"
ce-ch-cp-cp,0,-1,2,"GAFF 1.81, from gaff-1.81.dat (AmberTools 24.8) X-c1-ca-X (ch as c1, cp as ca)"
ce-ch-cp-c1,0,-1,2,"GAFF 1.81, from gaff-1.81.dat (AmberTools 24.8) X-c1-ca-X (ch as c1, cp as ca)"
ce-ch-cp-cg,0,-1,2,"GAFF 1.81, from gaff-1.81.dat (AmberTools 24.8) X-c1-ca-X (ch as c1, cp as ca)"
ce-ch-cp-ch,0,-1,2,"GAFF 1.81, from gaff-1.81.dat (AmberTools 24.8) X-c1-ca-X (ch as c1, cp as ca)"
ce-ch-cp-ce,0,-1,2,"GAFF 1.81, from gaff-1.81.dat (AmberTools 24.8) X-c1-ca-X (ch as c1, cp as ca)"
ce-ch-cp-cu,0,-1,2,"GAFF 1.81, from gaff-1.81.dat (AmberTools 24.8) X-c1-ca-X (ch as c1, cp as ca)"
ce-ch-cp-c3,0,-1,2,"GAFF 1.81, from gaff-1.81.dat (AmberTools 24.8) X-c1-ca-X (ch as c1, cp as ca)"
ce-ch-cp-hc,0,-1,2,"GAFF 1.81, from gaff-1.81.dat (AmberTools 24.8) X-c1-ca-X (ch as c1, cp as ca)"
ce-ch-c1-ca,0,-1,2,"GAFF 1.81, from gaff-1.81.dat (AmberTools 24.8) X-c1-ch-X"
ce-ch-c1-ha,0,-1,2,"GAFF 1.81, from gaff-1.81.dat (AmberTools 24.8) X-c1-ch-X"
ce-ch-c1-cp,0,-1,2,"GAFF 1.81, from gaff-1.81.dat (AmberTools 24.8) X-c1-ch-X"
ce-ch-c1-c1,0,-1,2,"GAFF 1.81, from gaff-1.81.dat (AmberTools 24.8) X-c1-ch-X"
ce-ch-c1-cg,0,-1,2,"GAFF 1.81, from gaff-1.81.dat (AmberTools 24.8) X-c1-ch-X"
ce-ch-c1-ch,0,-1,2,"GAFF 1.81, from gaff-1.81.dat (AmberTools 24.8) X-c1-ch-X"
ce-ch-c1-ce,0,-1,2,"GAFF 1.81, from gaff-1.81.dat (AmberTools 24.8) X-c1-ch-X"
ce-ch-c1-cu,0,-1,2,"GAFF 1.81, from gaff-1.81.dat (AmberTools 24.8) X-c1-ch-X"
ce-ch-c1-c3,0,-1,2,"GAFF 1.81, from gaff-1.81.dat (AmberTools 24.8) X-c1-ch-X"
ce-ch-c1-hc,0,-1,2,"GAFF 1.81, from gaff-1.81.dat (AmberTools 24.8) X-c1-ch-X"
ce-ch-cg-ca,0,-1,2,"GAFF 1.81, from gaff-1.81.dat (AmberTools 24.8) X-cg-ch-X"
ce-ch-cg-ha,0,-1,2,"GAFF 1.81, from gaff-1.81.dat (AmberTools 24.8) X-cg-ch-X"
ce-ch-cg-cp,0,-1,2,"GAFF 1.81, from gaff-1.81.dat (AmberTools 24.8) X-cg-ch-X"
ce-ch-cg-c1,0,-1,2,"GAFF 1.81, from gaff-1.81.dat (AmberTools 24.8) X-cg-ch-X"
ce-ch-cg-cg,0,-1,2,"GAFF 1.81, from gaff-1.81.dat (AmberTools 24.8) X-cg-ch-X"
ce-ch-cg-ch,0,-1,2,"GAFF 1.81, from gaff-1.81.dat (AmberTools 24.8) X-cg-ch-X"
ce-ch-cg-ce,0,-1,2,"GAFF 1.81, from gaff-1.81.dat (AmberTools 24.8) X-cg-ch-X"
ce-ch-cg-cu,0,-1,2,"GAFF 1.81, from gaff-1.81.dat (AmberTools 24.8) X-cg-ch-X"
ce-ch-cg-c3,0,-1,2,"GAFF 1.81, from gaff-1.81.dat (AmberTools 24.8) X-cg-ch-X"
ce-ch-cg-hc,0,-1,2,"GAFF 1.81, from gaff-1.81.dat (AmberTools 24.8) X-cg-ch-X"
ce-ch-ch-ca,0,-1,2,"GAFF 1.81, from gaff-1.81.dat (AmberTools 24.8) X-ch-ch-X"
ce-ch-ch-ha,0,-1,2,"GAFF 1.81, from gaff-1.81.dat (AmberTools 24.8) X-ch-ch-X"
ce-ch-ch-cp,0,-1,2,"GAFF 1.81, from gaff-1.81.dat (AmberTools 24.8) X-ch-ch-X"
ce-ch-ch-c1,0,-1,2,"GAFF 1.81, from gaff-1.81.dat (AmberTools 24.8) X-ch-ch-X"
ce-ch-ch-cg,0,-1,2,"GAFF 1.81, from gaff-1.81.dat (AmberTools 24.8) X-ch-ch-X"
ce-ch-ch-ch,0,-1,2,"GAFF 1.81, from gaff-1.81.dat (AmberTools 24.8) X-ch-ch-X"
ce-ch-ch-ce,0,-1,2,"GAFF 1.81, from gaff-1.81.dat (AmberTools 24.8) X-ch-ch-X"
ce-ch-ch-cu,0,-1,2,"GAFF 1.81, from gaff-1.81.dat (AmberTools 24.8) X-ch-ch-X"
ce-ch-ch-c3,0,-1,2,"GAFF 1.81, from gaff-1.81.dat (AmberTools 24.8) X-ch-ch-X"
ce-ch-ch-hc,0,-1,2,"GAFF 1.81, from gaff-1.81.dat (AmberTools 24.8) X-ch-ch-X"
ce-ch-ce-ca,0,-1,2,"GAFF 1.81, from gaff-1.81.dat (AmberTools 24.8) X-c1-ce-X (ch as c1)"
ce-ch-ce-ha,0,-1,2,"GAFF 1.81, from gaff-1.81.dat (AmberTools 24.8) X-c1-ce-X (ch as c1)"
ce-ch-ce-cp,0,-1,2,"GAFF 1.81, from gaff-1.81.dat (AmberTools 24.8) X-c1-ce-X (ch as c1)"
ce-ch-ce-c1,0,-1,2,"GAFF 1.81, from gaff-1.81.dat (AmberTools 24.8) X-c1-ce-X (ch as c1)"
ce-ch-ce-cg,0,-1,2,"GAFF 1.81, from gaff-1.81.dat (AmberTools 24.8) X-c1-ce-X (ch as c1)"
ce-ch-ce-ch,0,-1,2,"GAFF 1.81, from gaff-1.81.dat (AmberTools 24.8) X-c1-ce-X (ch as c1)"
ce-ch-ce-ce,0,-1,2,"GAFF 1.81, from gaff-1.81.dat (AmberTools 24.8) X-c1-ce-X (ch as c1)"
ce-ch-ce-cu,0,-1,2,"GAFF 1.81, from gaff-1.81.dat (AmberTools 24.8) X-c1-ce-X (ch as c1)"
ce-ch-ce-c3,0,-1,2,"GAFF 1.81, from gaff-1.81.dat (AmberTools 24.8) X-c1-ce-X (ch as c1)"
ce-ch-ce-hc,0,-1,2,"GAFF 1.81, from gaff-1.81.dat (AmberTools 24.8) X-c1-ce-X (ch as c1)"
ce-ch-cu-ca,0,-1,2,"GAFF 1.81, from gaff-1.81.dat (AmberTools 24.8) X-c1-c1-X (stand-in: *-ch-cu-* as X-c1-c1-X)"
ce-ch-cu-ha,0,-1,2,"GAFF 1.81, from gaff-1.81.dat (AmberTools 24.8) X-c1-c1-X (stand-in: *-ch-cu-* as X-c1-c1-X)"
ce-ch-cu-cp,0,-1,2,"GAFF 1.81, from gaff-1.81.dat (AmberTools 24.8) X-c1-c1-X (stand-in: *-ch-cu-* as X-c1-c1-X)"
ce-ch-cu-c1,0,-1,2,"GAFF 1.81, from gaff-1.81.dat (AmberTools 24.8) X-c1-c1-X (stand-in: *-ch-cu-* as X-c1-c1-X)"
ce-ch-cu-cg,0,-1,2,"GAFF 1.81, from gaff-1.81.dat (AmberTools 24.8) X-c1-c1-X (stand-in: *-ch-cu-* as X-c1-c1-X)"
ce-ch-cu-ch,0,-1,2,"GAFF 1.81, from gaff-1.81.dat (AmberTools 24.8) X-c1-c1-X (stand-in: *-ch-cu-* as X-c1-c1-X)"
ce-ch-cu-ce,0,-1,2,"GAFF 1.81, from gaff-1.81.dat (AmberTools 24.8) X-c1-c1-X (stand-in: *-ch-cu-* as X-c1-c1-X)"
ce-ch-cu-cu,0,-1,2,"GAFF 1.81, from gaff-1.81.dat (AmberTools 24.8) X-c1-c1-X (stand-in: *-ch-cu-* as X-c1-c1-X)"
ce-ch-cu-c3,0,-1,2,"GAFF 1.81, from gaff-1.81.dat (AmberTools 24.8) X-c1-c1-X (stand-in: *-ch-cu-* as X-c1-c1-X)"
ce-ch-cu-hc,0,-1,2,"GAFF 1.81, from gaff-1.81.dat (AmberTools 24.8) X-c1-c1-X (stand-in: *-ch-cu-* as X-c1-c1-X)"
ce-ch-c3-ca,0,-1,2,"GAFF 1.81, from gaff-1.81.dat (AmberTools 24.8) X-c1-c3-X (ch as c1)"
ce-ch-c3-ha,0,-1,2,"GAFF 1.81, from gaff-1.81.dat (AmberTools 24.8) X-c1-c3-X (ch as c1)"
ce-ch-c3-cp,0,-1,2,"GAFF 1.81, from gaff-1.81.dat (AmberTools 24.8) X-c1-c3-X (ch as c1)"
ce-ch-c3-c1,0,-1,2,"GAFF 1.81, from gaff-1.81.dat (AmberTools 24.8) X-c1-c3-X (ch as c1)"
ce-ch-c3-cg,0,-1,2,"GAFF 1.81, from gaff-1.81.dat (AmberTools 24.8) X-c1-c3-X (ch as c1)"
ce-ch-c3-ch,0,-1,2,"GAFF 1.81, from gaff-1.81.dat (AmberTools 24.8) X-c1-c3-X (ch as c1)"
ce-ch-c3-ce,0,-1,2,"GAFF 1.81, from gaff-1.81.dat (AmberTools 24.8) X-c1-c3-X (ch as c1)"
ce-ch-c3-cu,0,-1,2,"GAFF 1.81, from gaff-1.81.dat (AmberTools 24.8) X-c1-c3-X (ch as c1)"
ce-ch-c3-c3,0,-1,2,"GAFF 1.81, from gaff-1.81.dat (AmberTools 24.8) X-c1-c3-X (ch as c1)"
ce-ch-c3-hc,0,-1,2,"GAFF 1.81, from gaff-1.81.dat (AmberTools 24.8) X-c1-c3-X (ch as c1)"
ce-ce-ca-ca,1.4,-1,2,"GAFF 1.81, from gaff-1.81.dat (AmberTools 24.8) X-c2-ca-X (ce as c2)"
ce-ce-ca-ha,1.4,-1,2,"GAFF 1.81, from gaff-1.81.dat (AmberTools 24.8) X-c2-ca-X (ce as c2)"
ce-ce-ca-cp,1.4,-1,2,"GAFF 1.81, from gaff-1.81.dat (AmberTools 24.8) X-c2-ca-X (ce as c2)"
ce-ce-ca-c1,1.4,-1,2,"GAFF 1.81, from gaff-1.81.dat (AmberTools 24.8) X-c2-ca-X (ce as c2)"
ce-ce-ca-cg,1.4,-1,2,"GAFF 1.81, from gaff-1.81.dat (AmberTools 24.8) X-c2-ca-X (ce as c2)"
ce-ce-ca-ch,1.4,-1,2,"GAFF 1.81, from gaff-1.81.dat (AmberTools 24.8) X-c2-ca-X (ce as c2)"
ce-ce-ca-ce,1.4,-1,2,"GAFF 1.81, from gaff-1.81.dat (AmberTools 24.8) X-c2-ca-X (ce as c2)"
ce-ce-ca-cu,1.4,-1,2,"GAFF 1.81, from gaff-1.81.dat (AmberTools 24.8) X-c2-ca-X (ce as c2)"
ce-ce-ca-c3,1.4,-1,2,"GAFF 1.81, from gaff-1.81.dat (AmberTools 24.8) X-c2-ca-X (ce as c2)"
ce-ce-ca-hc,1.4,-1,2,"GAFF 1.81, from gaff-1.81.dat (AmberTools 24.8) X-c2-ca-X (ce as c2)"
ce-ce-cp-ca,1.4,-1,2,"GAFF 1.81, from gaff-1.81.dat (AmberTools 24.8) X-c2-ca-X (ce as c2, cp as ca)"
ce-ce-cp-ha,1.4,-1,2,"GAFF 1.81, from gaff-1.81.dat (AmberTools 24.8) X-c2-ca-X (ce as c2, cp as ca)"
ce-ce-cp-cp,1.4,-1,2,"GAFF 1.81, from gaff-1.81.dat (AmberTools 24.8) X-c2-ca-X (ce as c2, cp as ca)"
ce-ce-cp-c1,1.4,-1,2,"GAFF 1.81, from gaff-1.81.dat (AmberTools 24.8) X-c2-ca-X (ce as c2, cp as ca)"
ce-ce-cp-cg,1.4,-1,2,"GAFF 1.81, from gaff-1.81.dat (AmberTools 24.8) X-c2-ca-X (ce as c2, cp as ca)"
ce-ce-cp-ch,1.4,-1,2,"GAFF 1.81, from gaff-1.81.dat (AmberTools 24.8) X-c2-ca-X (ce as c2, cp as ca)"
ce-ce-cp-ce,1.4,-1,2,"GAFF 1.81, from gaff-1.81.dat (AmberTools 24.8) X-c2-ca-X (ce as c2, cp as ca)"
ce-ce-cp-cu,1.4,-1,2,"GAFF 1.81, from gaff-1.81.dat (AmberTools 24.8) X-c2-ca-X (ce as c2, cp as ca)"
ce-ce-cp-c3,1.4,-1,2,"GAFF 1.81, from gaff-1.81.dat (AmberTools 24.8) X-c2-ca-X (ce as c2, cp as ca)"
ce-ce-cp-hc,1.4,-1,2,"GAFF 1.81, from gaff-1.81.dat (AmberTools 24.8) X-c2-ca-X (ce as c2, cp as ca)"
ce-ce-c1-ca,0,-1,2,"GAFF 1.81, from gaff-1.81.dat (AmberTools 24.8) X-c1-ce-X"
ce-ce-c1-ha,0,-1,2,"GAFF 1.81, from gaff-1.81.dat (AmberTools 24.8) X-c1-ce-X"
ce-ce-c1-cp,0,-1,2,"GAFF 1.81, from gaff-1.81.dat (AmberTools 24.8) X-c1-ce-X"
ce-ce-c1-c1,0,-1,2,"GAFF 1.81, from gaff-1.81.dat (AmberTools 24.8) X-c1-ce-X"
ce-ce-c1-cg,0,-1,2,"GAFF 1.81, from gaff-1.81.dat (AmberTools 24.8) X-c1-ce-X"
ce-ce-c1-ch,0,-1,2,"GAFF 1.81, from gaff-1.81.dat (AmberTools 24.8) X-c1-ce-X"
ce-ce-c1-ce,0,-1,2,"GAFF 1.81, from gaff-1.81.dat (AmberTools 24.8) X-c1-ce-X"
ce-ce-c1-cu,0,-1,2,"GAFF 1.81, from gaff-1.81.dat (AmberTools 24.8) X-c1-ce-X"
ce-ce-c1-c3,0,-1,2,"GAFF 1.81, from gaff-1.81.dat (AmberTools 24.8) X-c1-ce-X"
ce-ce-c1-hc,0,-1,2,"GAFF 1.81, from gaff-1.81.dat (AmberTools 24.8) X-c1-ce-X"
ce-ce-cg-ca,0,-1,2,"GAFF 1.81, from gaff-1.81.dat (AmberTools 24.8) X-c1-ce-X (cg as c1)"
ce-ce-cg-ha,0,-1,2,"GAFF 1.81, from gaff-1.81.dat (AmberTools 24.8) X-c1-ce-X (cg as c1)"
ce-ce-cg-cp,0,-1,2,"GAFF 1.81, from gaff-1.81.dat (AmberTools 24.8) X-c1-ce-X (cg as c1)"
ce-ce-cg-c1,0,-1,2,"GAFF 1.81, from gaff-1.81.dat (AmberTools 24.8) X-c1-ce-X (cg as c1)"
ce-ce-cg-cg,0,-1,2,"GAFF 1.81, from gaff-1.81.dat (AmberTools 24.8) X-c1-ce-X (cg as c1)"
ce-ce-cg-ch,0,-1,2,"GAFF 1.81, from gaff-1.81.dat (AmberTools 24.8) X-c1-ce-X (cg as c1)"
ce-ce-cg-ce,0,-1,2,"GAFF 1.81, from gaff-1.81.dat (AmberTools 24.8) X-c1-ce-X (cg as c1)"
ce-ce-cg-cu,0,-1,2,"GAFF 1.81, from gaff-1.81.dat (AmberTools 24.8) X-c1-ce-X (cg as c1)"
ce-ce-cg-c3,0,-1,2,"GAFF 1.81, from gaff-1.81.dat (AmberTools 24.8) X-c1-ce-X (cg as c1)"
ce-ce-cg-hc,0,-1,2,"GAFF 1.81, from gaff-1.81.dat (AmberTools 24.8) X-c1-ce-X (cg as c1)"
ce-ce-ch-ca,0,-1,2,"GAFF 1.81, from gaff-1.81.dat (AmberTools 24.8) X-c1-ce-X (ch as c1)"
ce-ce-ch-ha,0,-1,2,"GAFF 1.81, from gaff-1.81.dat (AmberTools 24.8) X-c1-ce-X (ch as c1)"
ce-ce-ch-cp,0,-1,2,"GAFF 1.81, from gaff-1.81.dat (AmberTools 24.8) X-c1-ce-X (ch as c1)"
ce-ce-ch-c1,0,-1,2,"GAFF 1.81, from gaff-1.81.dat (AmberTools 24.8) X-c1-ce-X (ch as c1)"
ce-ce-ch-cg,0,-1,2,"GAFF 1.81, from gaff-1.81.dat (AmberTools 24.8) X-c1-ce-X (ch as c1)"
ce-ce-ch-ch,0,-1,2,"GAFF 1.81, from gaff-1.81.dat (AmberTools 24.8) X-c1-ce-X (ch as c1)"
ce-ce-ch-ce,0,-1,2,"GAFF 1.81, from gaff-1.81.dat (AmberTools 24.8) X-c1-ce-X (ch as c1)"
ce-ce-ch-cu,0,-1,2,"GAFF 1.81, from gaff-1.81.dat (AmberTools 24.8) X-c1-ce-X (ch as c1)"
ce-ce-ch-c3,0,-1,2,"GAFF 1.81, from gaff-1.81.dat (AmberTools 24.8) X-c1-ce-X (ch as c1)"
ce-ce-ch-hc,0,-1,2,"GAFF 1.81, from gaff-1.81.dat (AmberTools 24.8) X-c1-ce-X (ch as c1)"
ce-ce-ce-ca,2,-1,2,"GAFF 1.81, from gaff-1.81.dat (AmberTools 24.8) X-ce-ce-X"
ce-ce-ce-ha,2,-1,2,"GAFF 1.81, from gaff-1.81.dat (AmberTools 24.8) X-ce-ce-X"
ce-ce-ce-cp,2,-1,2,"GAFF 1.81, from gaff-1.81.dat (AmberTools 24.8) X-ce-ce-X"
ce-ce-ce-c1,2,-1,2,"GAFF 1.81, from gaff-1.81.dat (AmberTools 24.8) X-ce-ce-X"
ce-ce-ce-cg,2,-1,2,"GAFF 1.81, from gaff-1.81.dat (AmberTools 24.8) X-ce-ce-X"
ce-ce-ce-ch,2,-1,2,"GAFF 1.81, from gaff-1.81.dat (AmberTools 24.8) X-ce-ce-X"
ce-ce-ce-ce,2,-1,2,"GAFF 1.81, from gaff-1.81.dat (AmberTools 24.8) X-ce-ce-X"
ce-ce-ce-cu,2,-1,2,"GAFF 1.81, from gaff-1.81.dat (AmberTools 24.8) X-ce-ce-X"
ce-ce-ce-c3,2,-1,2,"GAFF 1.81, from gaff-1.81.dat (AmberTools 24.8) X-ce-ce-X"
ce-ce-ce-hc,2,-1,2,"GAFF 1.81, from gaff-1.81.dat (AmberTools 24.8) X-ce-ce-X"
ce-ce-cu-ca,2,-1,2,"GAFF 1.81, from gaff-1.81.dat (AmberTools 24.8) X-cp-cp-X (stand-in: *-ce-cu-* as X-cp-cp-X)"
ce-ce-cu-ha,2,-1,2,"GAFF 1.81, from gaff-1.81.dat (AmberTools 24.8) X-cp-cp-X (stand-in: *-ce-cu-* as X-cp-cp-X)"
ce-ce-cu-cp,2,-1,2,"GAFF 1.81, from gaff-1.81.dat (AmberTools 24.8) X-cp-cp-X (stand-in: *-ce-cu-* as X-cp-cp-X)"
ce-ce-cu-c1,2,-1,2,"GAFF 1.81, from gaff-1.81.dat (AmberTools 24.8) X-cp-cp-X (stand-in: *-ce-cu-* as X-cp-cp-X)"
ce-ce-cu-cg,2,-1,2,"GAFF 1.81, from gaff-1.81.dat (AmberTools 24.8) X-cp-cp-X (stand-in: *-ce-cu-* as X-cp-cp-X)"
ce-ce-cu-ch,2,-1,2,"GAFF 1.81, from gaff-1.81.dat (AmberTools 24.8) X-cp-cp-X (stand-in: *-ce-cu-* as X-cp-cp-X)"
ce-ce-cu-ce,2,-1,2,"GAFF 1.81, from gaff-1.81.dat (AmberTools 24.8) X-cp-cp-X (stand-in: *-ce-cu-* as X-cp-cp-X)"
ce-ce-cu-cu,2,-1,2,"GAFF 1.81, from gaff-1.81.dat (AmberTools 24.8) X-cp-cp-X (stand-in: *-ce-cu-* as X-cp-cp-X)"
ce-ce-cu-c3,2,-1,2,"GAFF 1.81, from gaff-1.81.dat (AmberTools 24.8) X-cp-cp-X (stand-in: *-ce-cu-* as X-cp-cp-X)"
ce-ce-cu-hc,2,-1,2,"GAFF 1.81, from gaff-1.81.dat (AmberTools 24.8) X-cp-cp-X (stand-in: *-ce-cu-* as X-cp-cp-X)"
ce-ce-c3-ca,0,1,2,"GAFF 1.81, from gaff-1.81.dat (AmberTools 24.8) X-c2-c3-X (ce as c2)"
ce-ce-c3-ha,0,1,2,"GAFF 1.81, from gaff-1.81.dat (AmberTools 24.8) X-c2-c3-X (ce as c2)"
ce-ce-c3-cp,0,1,2,"GAFF 1.81, from gaff-1.81.dat (AmberTools 24.8) X-c2-c3-X (ce as c2)"
ce-ce-c3-c1,0,1,2,"GAFF 1.81, from gaff-1.81.dat (AmberTools 24.8) X-c2-c3-X (ce as c2)"
ce-ce-c3-cg,0,1,2,"GAFF 1.81, from gaff-1.81.dat (AmberTools 24.8) X-c2-c3-X (ce as c2)"
ce-ce-c3-ch,0,1,2,"GAFF 1.81, from gaff-1.81.dat (AmberTools 24.8) X-c2-c3-X (ce as c2)"
ce-ce-c3-ce,0,1,2,"GAFF 1.81, from gaff-1.81.dat (AmberTools 24.8) X-c2-c3-X (ce as c2)"
ce-ce-c3-cu,0,1,2,"GAFF 1.81, from gaff-1.81.dat (AmberTools 24.8) X-c2-c3-X (ce as c2)"
ce-ce-c3-c3,0,1,2,"GAFF 1.81, from gaff-1.81.dat (AmberTools 24.8) X-c2-c3-X (ce as c2)"
ce-ce-c3-hc,0,1,2,"GAFF 1.81, from gaff-1.81.dat (AmberTools 24.8) X-c2-c3-X (ce as c2)"
ce-cu-ca-ca,2,-1,2,"GAFF 1.81, from gaff-1.81.dat (AmberTools 24.8) X-cp-cp-X (stand-in: *-ca-cu-* as X-cp-cp-X)"
ce-cu-ca-ha,2,-1,2,"GAFF 1.81, from gaff-1.81.dat (AmberTools 24.8) X-cp-cp-X (stand-in: *-ca-cu-* as X-cp-cp-X)"
ce-cu-ca-cp,2,-1,2,"GAFF 1.81, from gaff-1.81.dat (AmberTools 24.8) X-cp-cp-X (stand-in: *-ca-cu-* as X-cp-cp-X)"
ce-cu-ca-c1,2,-1,2,"GAFF 1.81, from gaff-1.81.dat (AmberTools 24.8) X-cp-cp-X (stand-in: *-ca-cu-* as X-cp-cp-X)"
ce-cu-ca-cg,2,-1,2,"GAFF 1.81, from gaff-1.81.dat (AmberTools 24.8) X-cp-cp-X (stand-in: *-ca-cu-* as X-cp-cp-X)"
ce-cu-ca-ch,2,-1,2,"GAFF 1.81, from gaff-1.81.dat (AmberTools 24.8) X-cp-cp-X (stand-in: *-ca-cu-* as X-cp-cp-X)"
ce-cu-ca-ce,2,-1,2,"GAFF 1.81, from gaff-1.81.dat (AmberTools 24.8) X-cp-cp-X (stand-in: *-ca-cu-* as X-cp-cp-X)"
ce-cu-ca-cu,2,-1,2,"GAFF 1.81, from gaff-1.81.dat (AmberTools 24.8) X-cp-cp-X (stand-in: *-ca-cu-* as X-cp-cp-X)"
ce-cu-ca-c3,2,-1,2,"GAFF 1.81, from gaff-1.81.dat (AmberTools 24.8) X-cp-cp-X (stand-in: *-ca-cu-* as X-cp-cp-X)"
ce-cu-ca-hc,2,-1,2,"GAFF 1.81, from gaff-1.81.dat (AmberTools 24.8) X-cp-cp-X (stand-in: *-ca-cu-* as X-cp-cp-X)"
ce-cu-cp-ca,2,-1,2,"GAFF 1.81, from gaff-1.81.dat (AmberTools 24.8) X-cp-cp-X (stand-in: *-cp-cu-* as X-cp-cp-X)"
ce-cu-cp-ha,2,-1,2,"GAFF 1.81, from gaff-1.81.dat (AmberTools 24.8) X-cp-cp-X (stand-in: *-cp-cu-* as X-cp-cp-X)"
ce-cu-cp-cp,2,-1,2,"GAFF 1.81, from gaff-1.81.dat (AmberTools 24.8) X-cp-cp-X (stand-in: *-cp-cu-* as X-cp-cp-X)"
ce-cu-cp-c1,2,-1,2,"GAFF 1.81, from gaff-1.81.dat (AmberTools 24.8) X-cp-cp-X (stand-in: *-cp-cu-* as X-cp-cp-X)"
ce-cu-cp-cg,2,-1,2,"GAFF 1.81, from gaff-1.81.dat (AmberTools 24.8) X-cp-cp-X (stand-in: *-cp-cu-* as X-cp-cp-X)"
ce-cu-cp-ch,2,-1,2,"GAFF 1.81, from gaff-1.81.dat (AmberTools 24.8) X-cp-cp-X (stand-in: *-cp-cu-* as X-cp-cp-X)"
ce-cu-cp-ce,2,-1,2,"GAFF 1.81, from gaff-1.81.dat (AmberTools 24.8) X-cp-cp-X (stand-in: *-cp-cu-* as X-cp-cp-X)"
ce-cu-cp-cu,2,-1,2,"GAFF 1.81, from gaff-1.81.dat (AmberTools 24.8) X-cp-cp-X (stand-in: *-cp-cu-* as X-cp-cp-X)"
ce-cu-cp-c3,2,-1,2,"GAFF 1.81, from gaff-1.81.dat (AmberTools 24.8) X-cp-cp-X (stand-in: *-cp-cu-* as X-cp-cp-X)"
ce-cu-cp-hc,2,-1,2,"GAFF 1.81, from gaff-1.81.dat (AmberTools 24.8) X-cp-cp-X (stand-in: *-cp-cu-* as X-cp-cp-X)"
ce-cu-c1-ca,0,-1,2,"GAFF 1.81, from gaff-1.81.dat (AmberTools 24.8) X-c1-cu-X"
ce-cu-c1-ha,0,-1,2,"GAFF 1.81, from gaff-1.81.dat (AmberTools 24.8) X-c1-cu-X"
ce-cu-c1-cp,0,-1,2,"GAFF 1.81, from gaff-1.81.dat (AmberTools 24.8) X-c1-cu-X"
ce-cu-c1-c1,0,-1,2,"GAFF 1.81, from gaff-1.81.dat (AmberTools 24.8) X-c1-cu-X"
ce-cu-c1-cg,0,-1,2,"GAFF 1.81, from gaff-1.81.dat (AmberTools 24.8) X-c1-cu-X"
ce-cu-c1-ch,0,-1,2,"GAFF 1.81, from gaff-1.81.dat (AmberTools 24.8) X-c1-cu-X"
ce-cu-c1-ce,0,-1,2,"GAFF 1.81, from gaff-1.81.dat (AmberTools 24.8) X-c1-cu-X"
ce-cu-c1-cu,0,-1,2,"GAFF 1.81, from gaff-1.81.dat (AmberTools 24.8) X-c1-cu-X"
ce-cu-c1-c3,0,-1,2,"GAFF 1.81, from gaff-1.81.dat (AmberTools 24.8) X-c1-cu-X"
ce-cu-c1-hc,0,-1,2,"GAFF 1.81, from gaff-1.81.dat (AmberTools 24.8) X-c1-cu-X"
ce-cu-cg-ca,0,-1,2,"GAFF 1.81, from gaff-1.81.dat (AmberTools 24.8) X-c1-c1-X (stand-in: *-cg-cu-* as X-c1-c1-X)"
ce-cu-cg-ha,0,-1,2,"GAFF 1.81, from gaff-1.81.dat (AmberTools 24.8) X-c1-c1-X (stand-in: *-cg-cu-* as X-c1-c1-X)"
ce-cu-cg-cp,0,-1,2,"GAFF 1.81, from gaff-1.81.dat (AmberTools 24.8) X-c1-c1-X (stand-in: *-cg-cu-* as X-c1-c1-X)"
ce-cu-cg-c1,0,-1,2,"GAFF 1.81, from gaff-1.81.dat (AmberTools 24.8) X-c1-c1-X (stand-in: *-cg-cu-* as X-c1-c1-X)"
ce-cu-cg-cg,0,-1,2,"GAFF 1.81, from gaff-1.81.dat (AmberTools 24.8) X-c1-c1-X (stand-in: *-cg-cu-* as X-c1-c1-X)"
ce-cu-cg-ch,0,-1,2,"GAFF 1.81, from gaff-1.81.dat (AmberTools 24.8) X-c1-c1-X (stand-in: *-cg-cu-* as X-c1-c1-X)"
ce-cu-cg-ce,0,-1,2,"GAFF 1.81, from gaff-1.81.dat (AmberTools 24.8) X-c1-c1-X (stand-in: *-cg-cu-* as X-c1-c1-X)"
ce-cu-cg-cu,0,-1,2,"GAFF 1.81, from gaff-1.81.dat (AmberTools 24.8) X-c1-c1-X (stand-in: *-cg-cu-* as X-c1-c1-X)"
ce-cu-cg-c3,0,-1,2,"GAFF 1.81, from gaff-1.81.dat (AmberTools 24.8) X-c1-c1-X (stand-in: *-cg-cu-* as X-c1-c1-X)"
ce-cu-cg-hc,0,-1,2,"GAFF 1.81, from gaff-1.81.dat (AmberTools 24.8) X-c1-c1-X (stand-in: *-cg-cu-* as X-c1-c1-X)"
ce-cu-ch-ca,0,-1,2,"GAFF 1.81, from gaff-1.81.dat (AmberTools 24.8) X-c1-c1-X (stand-in: *-ch-cu-* as X-c1-c1-X)"
ce-cu-ch-ha,0,-1,2,"GAFF 1.81, from gaff-1.81.dat (AmberTools 24.8) X-c1-c1-X (stand-in: *-ch-cu-* as X-c1-c1-X)"
ce-cu-ch-cp,0,-1,2,"GAFF 1.81, from gaff-1.81.dat (AmberTools 24.8) X-c1-c1-X (stand-in: *-ch-cu-* as X-c1-c1-X)"
ce-cu-ch-c1,0,-1,2,"GAFF 1.81, from gaff-1.81.dat (AmberTools 24.8) X-c1-c1-X (stand-in: *-ch-cu-* as X-c1-c1-X)"
ce-cu-ch-cg,0,-1,2,"GAFF 1.81, from gaff-1.81.dat (AmberTools 24.8) X-c1-c1-X (stand-in: *-ch-cu-* as X-c1-c1-X)"
ce-cu-ch-ch,0,-1,2,"GAFF 1.81, from gaff-1.81.dat (AmberTools 24.8) X-c1-c1-X (stand-in: *-ch-cu-* as X-c1-c1-X)"
ce-cu-ch-ce,0,-1,2,"GAFF 1.81, from gaff-1.81.dat (AmberTools 24.8) X-c1-c1-X (stand-in: *-ch-cu-* as X-c1-c1-X)"
ce-cu-ch-cu,0,-1,2,"GAFF 1.81, from gaff-1.81.dat (AmberTools 24.8) X-c1-c1-X (stand-in: *-ch-cu-* as X-c1-c1-X)"
ce-cu-ch-c3,0,-1,2,"GAFF 1.81, from gaff-1.81.dat (AmberTools 24.8) X-c1-c1-X (stand-in: *-ch-cu-* as X-c1-c1-X)"
ce-cu-ch-hc,0,-1,2,"GAFF 1.81, from gaff-1.81.dat (AmberTools 24.8) X-c1-c1-X (stand-in: *-ch-cu-* as X-c1-c1-X)"
ce-cu-ce-ca,2,-1,2,"GAFF 1.81, from gaff-1.81.dat (AmberTools 24.8) X-cp-cp-X (stand-in: *-ce-cu-* as X-cp-cp-X)"
ce-cu-ce-ha,2,-1,2,"GAFF 1.81, from gaff-1.81.dat (AmberTools 24.8) X-cp-cp-X (stand-in: *-ce-cu-* as X-cp-cp-X)"
ce-cu-ce-cp,2,-1,2,"GAFF 1.81, from gaff-1.81.dat (AmberTools 24.8) X-cp-cp-X (stand-in: *-ce-cu-* as X-cp-cp-X)"
ce-cu-ce-c1,2,-1,2,"GAFF 1.81, from gaff-1.81.dat (AmberTools 24.8) X-cp-cp-X (stand-in: *-ce-cu-* as X-cp-cp-X)"
ce-cu-ce-cg,2,-1,2,"GAFF 1.81, from gaff-1.81.dat (AmberTools 24.8) X-cp-cp-X (stand-in: *-ce-cu-* as X-cp-cp-X)"
ce-cu-ce-ch,2,-1,2,"GAFF 1.81, from gaff-1.81.dat (AmberTools 24.8) X-cp-cp-X (stand-in: *-ce-cu-* as X-cp-cp-X)"
ce-cu-ce-ce,2,-1,2,"GAFF 1.81, from gaff-1.81.dat (AmberTools 24.8) X-cp-cp-X (stand-in: *-ce-cu-* as X-cp-cp-X)"
ce-cu-ce-cu,2,-1,2,"GAFF 1.81, from gaff-1.81.dat (AmberTools 24.8) X-cp-cp-X (stand-in: *-ce-cu-* as X-cp-cp-X)"
ce-cu-ce-c3,2,-1,2,"GAFF 1.81, from gaff-1.81.dat (AmberTools 24.8) X-cp-cp-X (stand-in: *-ce-cu-* as X-cp-cp-X)"
ce-cu-ce-hc,2,-1,2,"GAFF 1.81, from gaff-1.81.dat (AmberTools 24.8) X-cp-cp-X (stand-in: *-ce-cu-* as X-cp-cp-X)"
ce-cu-cu-ca,2,-1,2,"GAFF 1.81, from gaff-1.81.dat (AmberTools 24.8) X-ce-ce-X (cu as ce)"
ce-cu-cu-ha,2,-1,2,"GAFF 1.81, from gaff-1.81.dat (AmberTools 24.8) X-ce-ce-X (cu as ce)"
ce-cu-cu-cp,2,-1,2,"GAFF 1.81, from gaff-1.81.dat (AmberTools 24.8) X-ce-ce-X (cu as ce)"
ce-cu-cu-c1,2,-1,2,"GAFF 1.81, from gaff-1.81.dat (AmberTools 24.8) X-ce-ce-X (cu as ce)"
ce-cu-cu-cg,2,-1,2,"GAFF 1.81, from gaff-1.81.dat (AmberTools 24.8) X-ce-ce-X (cu as ce)"
ce-cu-cu-ch,2,-1,2,"GAFF 1.81, from gaff-1.81.dat (AmberTools 24.8) X-ce-ce-X (cu as ce)"
ce-cu-cu-ce,2,-1,2,"GAFF 1.81, from gaff-1.81.dat (AmberTools 24.8) X-ce-ce-X (cu as ce)"
ce-cu-cu-cu,2,-1,2,"GAFF 1.81, from gaff-1.81.dat (AmberTools 24.8) X-ce-ce-X (cu as ce)"
ce-cu-cu-c3,2,-1,2,"GAFF 1.81, from gaff-1.81.dat (AmberTools 24.8) X-ce-ce-X (cu as ce)"
ce-cu-cu-hc,2,-1,2,"GAFF 1.81, from gaff-1.81.dat (AmberTools 24.8) X-ce-ce-X (cu as ce)"
ce-cu-c3-ca,0,1,2,"GAFF 1.81, from gaff-1.81.dat (AmberTools 24.8) X-c2-c3-X (stand-in: *-c3-cu-* as X-c2-c3-X)"
ce-cu-c3-ha,0,1,2,"GAFF 1.81, from gaff-1.81.dat (AmberTools 24.8) X-c2-c3-X (stand-in: *-c3-cu-* as X-c2-c3-X)"
ce-cu-c3-cp,0,1,2,"GAFF 1.81, from gaff-1.81.dat (AmberTools 24.8) X-c2-c3-X (stand-in: *-c3-cu-* as X-c2-c3-X)"
ce-cu-c3-c1,0,1,2,"GAFF 1.81, from gaff-1.81.dat (AmberTools 24.8) X-c2-c3-X (stand-in: *-c3-cu-* as X-c2-c3-X)"
ce-cu-c3-cg,0,1,2,"GAFF 1.81, from gaff-1.81.dat (AmberTools 24.8) X-c2-c3-X (stand-in: *-c3-cu-* as X-c2-c3-X)"
ce-cu-c3-ch,0,1,2,"GAFF 1.81, from gaff-1.81.dat (AmberTools 24.8) X-c2-c3-X (stand-in: *-c3-cu-* as X-c2-c3-X)"
ce-cu-c3-ce,0,1,2,"GAFF 1.81, from gaff-1.81.dat (AmberTools 24.8) X-c2-c3-X (stand-in: *-c3-cu-* as X-c2-c3-X)"
ce-cu-c3-cu,0,1,2,"GAFF 1.81, from gaff-1.81.dat (AmberTools 24.8) X-c2-c3-X (stand-in: *-c3-cu-* as X-c2-c3-X)"
ce-cu-c3-c3,0,1,2,"GAFF 1.81, from gaff-1.81.dat (AmberTools 24.8) X-c2-c3-X (stand-in: *-c3-cu-* as X-c2-c3-X)"
ce-cu-c3-hc,0,1,2,"GAFF 1.81, from gaff-1.81.dat (AmberTools 24.8) X-c2-c3-X (stand-in: *-c3-cu-* as X-c2-c3-X)"
ce-c3-ca-ca,0,1,2,"GAFF 1.81, from gaff-1.81.dat (AmberTools 24.8) X-c3-ca-X"
ce-c3-ca-ha,0,1,2,"GAFF 1.81, from gaff-1.81.dat (AmberTools 24.8) X-c3-ca-X"
ce-c3-ca-cp,0,1,2,"GAFF 1.81, from gaff-1.81.dat (AmberTools 24.8) X-c3-ca-X"
ce-c3-ca-c1,0,1,2,"GAFF 1.81, from gaff-1.81.dat (AmberTools 24.8) X-c3-ca-X"
ce-c3-ca-cg,0,1,2,"GAFF 1.81, from gaff-1.81.dat (AmberTools 24.8) X-c3-ca-X"
ce-c3-ca-ch,0,1,2,"GAFF 1.81, from gaff-1.81.dat (AmberTools 24.8) X-c3-ca-X"
ce-c3-ca-ce,0,1,2,"GAFF 1.81, from gaff-1.81.dat (AmberTools 24.8) X-c3-ca-X"
ce-c3-ca-cu,0,1,2,"GAFF 1.81, from gaff-1.81.dat (AmberTools 24.8) X-c3-ca-X"
ce-c3-ca-c3,0,1,2,"GAFF 1.81, from gaff-1.81.dat (AmberTools 24.8) X-c3-ca-X"
ce-c3-ca-hc,0,1,2,"GAFF 1.81, from gaff-1.81.dat (AmberTools 24.8) X-c3-ca-X"
ce-c3-cp-ca,0,1,2,"GAFF 1.81, from gaff-1.81.dat (AmberTools 24.8) X-c3-ca-X (cp as ca)"
ce-c3-cp-ha,0,1,2,"GAFF 1.81, from gaff-1.81.dat (AmberTools 24.8) X-c3-ca-X (cp as ca)"
ce-c3-cp-cp,0,1,2,"GAFF 1.81, from gaff-1.81.dat (AmberTools 24.8) X-c3-ca-X (cp as ca)"
ce-c3-cp-c1,0,1,2,"GAFF 1.81, from gaff-1.81.dat (AmberTools 24.8) X-c3-ca-X (cp as ca)"
ce-c3-cp-cg,0,1,2,"GAFF 1.81, from gaff-1.81.dat (AmberTools 24.8) X-c3-ca-X (cp as ca)"
ce-c3-cp-ch,0,1,2,"GAFF 1.81, from gaff-1.81.dat (AmberTools 24.8) X-c3-ca-X (cp as ca)"
ce-c3-cp-ce,0,1,2,"GAFF 1.81, from gaff-1.81.dat (AmberTools 24.8) X-c3-ca-X (cp as ca)"
ce-c3-cp-cu,0,1,2,"GAFF 1.81, from gaff-1.81.dat (AmberTools 24.8) X-c3-ca-X (cp as ca)"
ce-c3-cp-c3,0,1,2,"GAFF 1.81, from gaff-1.81.dat (AmberTools 24.8) X-c3-ca-X (cp as ca)"
ce-c3-cp-hc,0,1,2,"GAFF 1.81, from gaff-1.81.dat (AmberTools 24.8) X-c3-ca-X (cp as ca)"
ce-c3-c1-ca,0,-1,2,"GAFF 1.81, from gaff-1.81.dat (AmberTools 24.8) X-c1-c3-X"
ce-c3-c1-ha,0,-1,2,"GAFF 1.81, from gaff-1.81.dat (AmberTools 24.8) X-c1-c3-X"
ce-c3-c1-cp,0,-1,2,"GAFF 1.81, from gaff-1.81.dat (AmberTools 24.8) X-c1-c3-X"
ce-c3-c1-c1,0,-1,2,"GAFF 1.81, from gaff-1.81.dat (AmberTools 24.8) X-c1-c3-X"
ce-c3-c1-cg,0,-1,2,"GAFF 1.81, from gaff-1.81.dat (AmberTools 24.8) X-c1-c3-X"
ce-c3-c1-ch,0,-1,2,"GAFF 1.81, from gaff-1.81.dat (AmberTools 24.8) X-c1-c3-X"
ce-c3-c1-ce,0,-1,2,"GAFF 1.81, from gaff-1.81.dat (AmberTools 24.8) X-c1-c3-X"
ce-c3-c1-cu,0,-1,2,"GAFF 1.81, from gaff-1.81.dat (AmberTools 24.8) X-c1-c3-X"
ce-c3-c1-c3,0,-1,2,"GAFF 1.81, from gaff-1.81.dat (AmberTools 24.8) X-c1-c3-X"
ce-c3-c1-hc,0,-1,2,"GAFF 1.81, from gaff-1.81.dat (AmberTools 24.8) X-c1-c3-X"
ce-c3-cg-ca,0,-1,2,"GAFF 1.81, from gaff-1.81.dat (AmberTools 24.8) X-c1-c3-X (cg as c1)"
ce-c3-cg-ha,0,-1,2,"GAFF 1.81, from gaff-1.81.dat (AmberTools 24.8) X-c1-c3-X (cg as c1)"
ce-c3-cg-cp,0,-1,2,"GAFF 1.81, from gaff-1.81.dat (AmberTools 24.8) X-c1-c3-X (cg as c1)"
ce-c3-cg-c1,0,-1,2,"GAFF 1.81, from gaff-1.81.dat (AmberTools 24.8) X-c1-c3-X (cg as c1)"
ce-c3-cg-cg,0,-1,2,"GAFF 1.81, from gaff-1.81.dat (AmberTools 24.8) X-c1-c3-X (cg as c1)"
ce-c3-cg-ch,0,-1,2,"GAFF 1.81, from gaff-1.81.dat (AmberTools 24.8) X-c1-c3-X (cg as c1)"
ce-c3-cg-ce,0,-1,2,"GAFF 1.81, from gaff-1.81.dat (AmberTools 24.8) X-c1-c3-X (cg as c1)"
ce-c3-cg-cu,0,-1,2,"GAFF 1.81, from gaff-1.81.dat (AmberTools 24.8) X-c1-c3-X (cg as c1)"
ce-c3-cg-c3,0,-1,2,"GAFF 1.81, from gaff-1.81.dat (AmberTools 24.8) X-c1-c3-X (cg as c1)"
ce-c3-cg-hc,0,-1,2,"GAFF 1.81, from gaff-1.81.dat (AmberTools 24.8) X-c1-c3-X (cg as c1)"
ce-c3-ch-ca,0,-1,2,"GAFF 1.81, from gaff-1.81.dat (AmberTools 24.8) X-c1-c3-X (ch as c1)"
ce-c3-ch-ha,0,-1,2,"GAFF 1.81, from gaff-1.81.dat (AmberTools 24.8) X-c1-c3-X (ch as c1)"
ce-c3-ch-cp,0,-1,2,"GAFF 1.81, from gaff-1.81.dat (AmberTools 24.8) X-c1-c3-X (ch as c1)"
ce-c3-ch-c1,0,-1,2,"GAFF 1.81, from gaff-1.81.dat (AmberTools 24.8) X-c1-c3-X (ch as c1)"
ce-c3-ch-cg,0,-1,2,"GAFF 1.81, from gaff-1.81.dat (AmberTools 24.8) X-c1-c3-X (ch as c1)"
ce-c3-ch-ch,0,-1,2,"GAFF 1.81, from gaff-1.81.dat (AmberTools 24.8) X-c1-c3-X (ch as c1)"
ce-c3-ch-ce,0,-1,2,"GAFF 1.81, from gaff-1.81.dat (AmberTools 24.8) X-c1-c3-X (ch as c1)"
ce-c3-ch-cu,0,-1,2,"GAFF 1.81, from gaff-1.81.dat (AmberTools 24.8) X-c1-c3-X (ch as c1)"
ce-c3-ch-c3,0,-1,2,"GAFF 1.81, from gaff-1.81.dat (AmberTools 24.8) X-c1-c3-X (ch as c1)"
ce-c3-ch-hc,0,-1,2,"GAFF 1.81, from gaff-1.81.dat (AmberTools 24.8) X-c1-c3-X (ch as c1)"
ce-c3-ce-ca,0,1,2,"GAFF 1.81, from gaff-1.81.dat (AmberTools 24.8) X-c2-c3-X (ce as c2)"
ce-c3-ce-ha,0,1,2,"GAFF 1.81, from gaff-1.81.dat (AmberTools 24.8) X-c2-c3-X (ce as c2)"
ce-c3-ce-cp,0,1,2,"GAFF 1.81, from gaff-1.81.dat (AmberTools 24.8) X-c2-c3-X (ce as c2)"
ce-c3-ce-c1,0,1,2,"GAFF 1.81, from gaff-1.81.dat (AmberTools 24.8) X-c2-c3-X (ce as c2)"
ce-c3-ce-cg,0,1,2,"GAFF 1.81, from gaff-1.81.dat (AmberTools 24.8) X-c2-c3-X (ce as c2)"
ce-c3-ce-ch,0,1,2,"GAFF 1.81, from gaff-1.81.dat (AmberTools 24.8) X-c2-c3-X (ce as c2)"
ce-c3-ce-ce,0,1,2,"GAFF 1.81, from gaff-1.81.dat (AmberTools 24.8) X-c2-c3-X (ce as c2)"
ce-c3-ce-cu,0,1,2,"GAFF 1.81, from gaff-1.81.dat (AmberTools 24.8) X-c2-c3-X (ce as c2)"
ce-c3-ce-c3,0,1,2,"GAFF 1.81, from gaff-1.81.dat (AmberTools 24.8) X-c2-c3-X (ce as c2)"
ce-c3-ce-hc,0,1,2,"GAFF 1.81, from gaff-1.81.dat (AmberTools 24.8) X-c2-c3-X (ce as c2)"
ce-c3-cu-ca,0,1,2,"GAFF 1.81, from gaff-1.81.dat (AmberTools 24.8) X-c2-c3-X (stand-in: *-c3-cu-* as X-c2-c3-X)"
ce-c3-cu-ha,0,1,2,"GAFF 1.81, from gaff-1.81.dat (AmberTools 24.8) X-c2-c3-X (stand-in: *-c3-cu-* as X-c2-c3-X)"
ce-c3-cu-cp,0,1,2,"GAFF 1.81, from gaff-1.81.dat (AmberTools 24.8) X-c2-c3-X (stand-in: *-c3-cu-* as X-c2-c3-X)"
ce-c3-cu-c1,0,1,2,"GAFF 1.81, from gaff-1.81.dat (AmberTools 24.8) X-c2-c3-X (stand-in: *-c3-cu-* as X-c2-c3-X)"
ce-c3-cu-cg,0,1,2,"GAFF 1.81, from gaff-1.81.dat (AmberTools 24.8) X-c2-c3-X (stand-in: *-c3-cu-* as X-c2-c3-X)"
ce-c3-cu-ch,0,1,2,"GAFF 1.81, from gaff-1.81.dat (AmberTools 24.8) X-c2-c3-X (stand-in: *-c3-cu-* as X-c2-c3-X)"
ce-c3-cu-ce,0,1,2,"GAFF 1.81, from gaff-1.81.dat (AmberTools 24.8) X-c2-c3-X (stand-in: *-c3-cu-* as X-c2-c3-X)"
ce-c3-cu-cu,0,1,2,"GAFF 1.81, from gaff-1.81.dat (AmberTools 24.8) X-c2-c3-X (stand-in: *-c3-cu-* as X-c2-c3-X)"
ce-c3-cu-c3,0,1,2,"GAFF 1.81, from gaff-1.81.dat (AmberTools 24.8) X-c2-c3-X (stand-in: *-c3-cu-* as X-c2-c3-X)"
ce-c3-cu-hc,0,1,2,"GAFF 1.81, from gaff-1.81.dat (AmberTools 24.8) X-c2-c3-X (stand-in: *-c3-cu-* as X-c2-c3-X)"
ce-c3-c3-ca,0.311111,1,3,"GAFF 1.81, from gaff-1.81.dat (AmberTools 24.8) X-c3-c3-X"
ce-c3-c3-ha,0.311111,1,3,"GAFF 1.81, from gaff-1.81.dat (AmberTools 24.8) X-c3-c3-X"
ce-c3-c3-cp,0.311111,1,3,"GAFF 1.81, from gaff-1.81.dat (AmberTools 24.8) X-c3-c3-X"
ce-c3-c3-c1,0.311111,1,3,"GAFF 1.81, from gaff-1.81.dat (AmberTools 24.8) X-c3-c3-X"
ce-c3-c3-cg,0.311111,1,3,"GAFF 1.81, from gaff-1.81.dat (AmberTools 24.8) X-c3-c3-X"
ce-c3-c3-ch,0.311111,1,3,"GAFF 1.81, from gaff-1.81.dat (AmberTools 24.8) X-c3-c3-X"
ce-c3-c3-ce,0.311111,1,3,"GAFF 1.81, from gaff-1.81.dat (AmberTools 24.8) X-c3-c3-X"
ce-c3-c3-cu,0.311111,1,3,"GAFF 1.81, from gaff-1.81.dat (AmberTools 24.8) X-c3-c3-X"
ce-c3-c3-c3,0.311111,1,3,"GAFF 1.81, from gaff-1.81.dat (AmberTools 24.8) X-c3-c3-X"
ce-c3-c3-hc,0.311111,1,3,"GAFF 1.81, from gaff-1.81.dat (AmberTools 24.8) X-c3-c3-X"
cu-ca-ca-ca,7.25,-1,2,"GAFF 1.81, from gaff-1.81.dat (AmberTools 24.8) X-ca-ca-X"
cu-ca-ca-ha,7.25,-1,2,"GAFF 1.81, from gaff-1.81.dat (AmberTools 24.8) X-ca-ca-X"
cu-ca-ca-cp,7.25,-1,2,"GAFF 1.81, from gaff-1.81.dat (AmberTools 24.8) X-ca-ca-X"
cu-ca-ca-c1,7.25,-1,2,"GAFF 1.81, from gaff-1.81.dat (AmberTools 24.8) X-ca-ca-X"
cu-ca-ca-cg,7.25,-1,2,"GAFF 1.81, from gaff-1.81.dat (AmberTools 24.8) X-ca-ca-X"
cu-ca-ca-ch,7.25,-1,2,"GAFF 1.81, from gaff-1.81.dat (AmberTools 24.8) X-ca-ca-X"
cu-ca-ca-ce,7.25,-1,2,"GAFF 1.81, from gaff-1.81.dat (AmberTools 24.8) X-ca-ca-X"
cu-ca-ca-cu,7.25,-1,2,"GAFF 1.81, from gaff-1.81.dat (AmberTools 24.8) X-ca-ca-X"
cu-ca-ca-c3,7.25,-1,2,"GAFF 1.81, from gaff-1.81.dat (AmberTools 24.8) X-ca-ca-X"
cu-ca-ca-hc,7.25,-1,2,"GAFF 1.81, from gaff-1.81.dat (AmberTools 24.8) X-ca-ca-X"
cu-ca-cp-ca,7.25,-1,2,"GAFF 1.81, from gaff-1.81.dat (AmberTools 24.8) X-ca-cp-X"
cu-ca-cp-ha,7.25,-1,2,"GAFF 1.81, from gaff-1.81.dat (AmberTools 24.8) X-ca-cp-X"
cu-ca-cp-cp,7.25,-1,2,"GAFF 1.81, from gaff-1.81.dat (AmberTools 24.8) X-ca-cp-X"
cu-ca-cp-c1,7.25,-1,2,"GAFF 1.81, from gaff-1.81.dat (AmberTools 24.8) X-ca-cp-X"
cu-ca-cp-cg,7.25,-1,2,"GAFF 1.81, from gaff-1.81.dat (AmberTools 24.8) X-ca-cp-X"
cu-ca-cp-ch,7.25,-1,2,"GAFF 1.81, from gaff-1.81.dat (AmberTools 24.8) X-ca-cp-X"
cu-ca-cp-ce,7.25,-1,2,"GAFF 1.81, from gaff-1.81.dat (AmberTools 24.8) X-ca-cp-X"
cu-ca-cp-cu,7.25,-1,2,"GAFF 1.81, from gaff-1.81.dat (AmberTools 24.8) X-ca-cp-X"
cu-ca-cp-c3,7.25,-1,2,"GAFF 1.81, from gaff-1.81.dat (AmberTools 24.8) X-ca-cp-X"
cu-ca-cp-hc,7.25,-1,2,"GAFF 1.81, from gaff-1.81.dat (AmberTools 24.8) X-ca-cp-X"
cu-ca-c1-ca,0,-1,2,"GAFF 1.81, from gaff-1.81.dat (AmberTools 24.8) X-c1-ca-X"
cu-ca-c1-ha,0,-1,2,"GAFF 1.81, from gaff-1.81.dat (AmberTools 24.8) X-c1-ca-X"
cu-ca-c1-cp,0,-1,2,"GAFF 1.81, from gaff-1.81.dat (AmberTools 24.8) X-c1-ca-X"
cu-ca-c1-c1,0,-1,2,"GAFF 1.81, from gaff-1.81.dat (AmberTools 24.8) X-c1-ca-X"
cu-ca-c1-cg,0,-1,2,"GAFF 1.81, from gaff-1.81.dat (AmberTools 24.8) X-c1-ca-X"
cu-ca-c1-ch,0,-1,2,"GAFF 1.81, from gaff-1.81.dat (AmberTools 24.8) X-c1-ca-X"
cu-ca-c1-ce,0,-1,2,"GAFF 1.81, from gaff-1.81.dat (AmberTools 24.8) X-c1-ca-X"
cu-ca-c1-cu,0,-1,2,"GAFF 1.81, from gaff-1.81.dat (AmberTools 24.8) X-c1-ca-X"
cu-ca-c1-c3,0,-1,2,"GAFF 1.81, from gaff-1.81.dat (AmberTools 24.8) X-c1-ca-X"
cu-ca-c1-hc,0,-1,2,"GAFF 1.81, from gaff-1.81.dat (AmberTools 24.8) X-c1-ca-X"
cu-ca-cg-ca,0,-1,2,"GAFF 1.81, from gaff-1.81.dat (AmberTools 24.8) X-c1-ca-X (cg as c1)"
cu-ca-cg-ha,0,-1,2,"GAFF 1.81, from gaff-1.81.dat (AmberTools 24.8) X-c1-ca-X (cg as c1)"
cu-ca-cg-cp,0,-1,2,"GAFF 1.81, from gaff-1.81.dat (AmberTools 24.8) X-c1-ca-X (cg as c1)"
cu-ca-cg-c1,0,-1,2,"GAFF 1.81, from gaff-1.81.dat (AmberTools 24.8) X-c1-ca-X (cg as c1)"
cu-ca-cg-cg,0,-1,2,"GAFF 1.81, from gaff-1.81.dat (AmberTools 24.8) X-c1-ca-X (cg as c1)"
cu-ca-cg-ch,0,-1,2,"GAFF 1.81, from gaff-1.81.dat (AmberTools 24.8) X-c1-ca-X (cg as c1)"
cu-ca-cg-ce,0,-1,2,"GAFF 1.81, from gaff-1.81.dat (AmberTools 24.8) X-c1-ca-X (cg as c1)"
cu-ca-cg-cu,0,-1,2,"GAFF 1.81, from gaff-1.81.dat (AmberTools 24.8) X-c1-ca-X (cg as c1)"
cu-ca-cg-c3,0,-1,2,"GAFF 1.81, from gaff-1.81.dat (AmberTools 24.8) X-c1-ca-X (cg as c1)"
cu-ca-cg-hc,0,-1,2,"GAFF 1.81, from gaff-1.81.dat (AmberTools 24.8) X-c1-ca-X (cg as c1)"
cu-ca-ch-ca,0,-1,2,"GAFF 1.81, from gaff-1.81.dat (AmberTools 24.8) X-c1-ca-X (ch as c1)"
cu-ca-ch-ha,0,-1,2,"GAFF 1.81, from gaff-1.81.dat (AmberTools 24.8) X-c1-ca-X (ch as c1)"
cu-ca-ch-cp,0,-1,2,"GAFF 1.81, from gaff-1.81.dat (AmberTools 24.8) X-c1-ca-X (ch as c1)"
cu-ca-ch-c1,0,-1,2,"GAFF 1.81, from gaff-1.81.dat (AmberTools 24.8) X-c1-ca-X (ch as c1)"
cu-ca-ch-cg,0,-1,2,"GAFF 1.81, from gaff-1.81.dat (AmberTools 24.8) X-c1-ca-X (ch as c1)"
cu-ca-ch-ch,0,-1,2,"GAFF 1.81, from gaff-1.81.dat (AmberTools 24.8) X-c1-ca-X (ch as c1)"
cu-ca-ch-ce,0,-1,2,"GAFF 1.81, from gaff-1.81.dat (AmberTools 24.8) X-c1-ca-X (ch as c1)"
cu-ca-ch-cu,0,-1,2,"GAFF 1.81, from gaff-1.81.dat (AmberTools 24.8) X-c1-ca-X (ch as c1)"
cu-ca-ch-c3,0,-1,2,"GAFF 1.81, from gaff-1.81.dat (AmberTools 24.8) X-c1-ca-X (ch as c1)"
cu-ca-ch-hc,0,-1,2,"GAFF 1.81, from gaff-1.81.dat (AmberTools 24.8) X-c1-ca-X (ch as c1)"
cu-ca-ce-ca,1.4,-1,2,"GAFF 1.81, from gaff-1.81.dat (AmberTools 24.8) X-c2-ca-X (ce as c2)"
cu-ca-ce-ha,1.4,-1,2,"GAFF 1.81, from gaff-1.81.dat (AmberTools 24.8) X-c2-ca-X (ce as c2)"
cu-ca-ce-cp,1.4,-1,2,"GAFF 1.81, from gaff-1.81.dat (AmberTools 24.8) X-c2-ca-X (ce as c2)"
cu-ca-ce-c1,1.4,-1,2,"GAFF 1.81, from gaff-1.81.dat (AmberTools 24.8) X-c2-ca-X (ce as c2)"
cu-ca-ce-cg,1.4,-1,2,"GAFF 1.81, from gaff-1.81.dat (AmberTools 24.8) X-c2-ca-X (ce as c2)"
cu-ca-ce-ch,1.4,-1,2,"GAFF 1.81, from gaff-1.81.dat (AmberTools 24.8) X-c2-ca-X (ce as c2)"
cu-ca-ce-ce,1.4,-1,2,"GAFF 1.81, from gaff-1.81.dat (AmberTools 24.8) X-c2-ca-X (ce as c2)"
cu-ca-ce-cu,1.4,-1,2,"GAFF 1.81, from gaff-1.81.dat (AmberTools 24.8) X-c2-ca-X (ce as c2)"
cu-ca-ce-c3,1.4,-1,2,"GAFF 1.81, from gaff-1.81.dat (AmberTools 24.8) X-c2-ca-X (ce as c2)"
cu-ca-ce-hc,1.4,-1,2,"GAFF 1.81, from gaff-1.81.dat (AmberTools 24.8) X-c2-ca-X (ce as c2)"
cu-ca-cu-ca,2,-1,2,"GAFF 1.81, from gaff-1.81.dat (AmberTools 24.8) X-cp-cp-X (stand-in: *-ca-cu-* as X-cp-cp-X)"
cu-ca-cu-ha,2,-1,2,"GAFF 1.81, from gaff-1.81.dat (AmberTools 24.8) X-cp-cp-X (stand-in: *-ca-cu-* as X-cp-cp-X)"
cu-ca-cu-cp,2,-1,2,"GAFF 1.81, from gaff-1.81.dat (AmberTools 24.8) X-cp-cp-X (stand-in: *-ca-cu-* as X-cp-cp-X)"
cu-ca-cu-c1,2,-1,2,"GAFF 1.81, from gaff-1.81.dat (AmberTools 24.8) X-cp-cp-X (stand-in: *-ca-cu-* as X-cp-cp-X)"
cu-ca-cu-cg,2,-1,2,"GAFF 1.81, from gaff-1.81.dat (AmberTools 24.8) X-cp-cp-X (stand-in: *-ca-cu-* as X-cp-cp-X)"
cu-ca-cu-ch,2,-1,2,"GAFF 1.81, from gaff-1.81.dat (AmberTools 24.8) X-cp-cp-X (stand-in: *-ca-cu-* as X-cp-cp-X)"
cu-ca-cu-ce,2,-1,2,"GAFF 1.81, from gaff-1.81.dat (AmberTools 24.8) X-cp-cp-X (stand-in: *-ca-cu-* as X-cp-cp-X)"
cu-ca-cu-cu,2,-1,2,"GAFF 1.81, from gaff-1.81.dat (AmberTools 24.8) X-cp-cp-X (stand-in: *-ca-cu-* as X-cp-cp-X)"
cu-ca-cu-c3,2,-1,2,"GAFF 1.81, from gaff-1.81.dat (AmberTools 24.8) X-cp-cp-X (stand-in: *-ca-cu-* as X-cp-cp-X)"
cu-ca-cu-hc,2,-1,2,"GAFF 1.81, from gaff-1.81.dat (AmberTools 24.8) X-cp-cp-X (stand-in: *-ca-cu-* as X-cp-cp-X)"
cu-ca-c3-ca,0,1,2,"GAFF 1.81, from gaff-1.81.dat (AmberTools 24.8) X-c3-ca-X"
cu-ca-c3-ha,0,1,2,"GAFF 1.81, from gaff-1.81.dat (AmberTools 24.8) X-c3-ca-X"
cu-ca-c3-cp,0,1,2,"GAFF 1.81, from gaff-1.81.dat (AmberTools 24.8) X-c3-ca-X"
cu-ca-c3-c1,0,1,2,"GAFF 1.81, from gaff-1.81.dat (AmberTools 24.8) X-c3-ca-X"
cu-ca-c3-cg,0,1,2,"GAFF 1.81, from gaff-1.81.dat (AmberTools 24.8) X-c3-ca-X"
cu-ca-c3-ch,0,1,2,"GAFF 1.81, from gaff-1.81.dat (AmberTools 24.8) X-c3-ca-X"
cu-ca-c3-ce,0,1,2,"GAFF 1.81, from gaff-1.81.dat (AmberTools 24.8) X-c3-ca-X"
cu-ca-c3-cu,0,1,2,"GAFF 1.81, from gaff-1.81.dat (AmberTools 24.8) X-c3-ca-X"
cu-ca-c3-c3,0,1,2,"GAFF 1.81, from gaff-1.81.dat (AmberTools 24.8) X-c3-ca-X"
cu-ca-c3-hc,0,1,2,"GAFF 1.81, from gaff-1.81.dat (AmberTools 24.8) X-c3-ca-X"
cu-cp-ca-ca,7.25,-1,2,"GAFF 1.81, from gaff-1.81.dat (AmberTools 24.8) X-ca-cp-X"
cu-cp-ca-ha,7.25,-1,2,"GAFF 1.81, from gaff-1.81.dat (AmberTools 24.8) X-ca-cp-X"
cu-cp-ca-cp,7.25,-1,2,"GAFF 1.81, from gaff-1.81.dat (AmberTools 24.8) X-ca-cp-X"
cu-cp-ca-c1,7.25,-1,2,"GAFF 1.81, from gaff-1.81.dat (AmberTools 24.8) X-ca-cp-X"
cu-cp-ca-cg,7.25,-1,2,"GAFF 1.81, from gaff-1.81.dat (AmberTools 24.8) X-ca-cp-X"
cu-cp-ca-ch,7.25,-1,2,"GAFF 1.81, from gaff-1.81.dat (AmberTools 24.8) X-ca-cp-X"
cu-cp-ca-ce,7.25,-1,2,"GAFF 1.81, from gaff-1.81.dat (AmberTools 24.8) X-ca-cp-X"
cu-cp-ca-cu,7.25,-1,2,"GAFF 1.81, from gaff-1.81.dat (AmberTools 24.8) X-ca-cp-X"
cu-cp-ca-c3,7.25,-1,2,"GAFF 1.81, from gaff-1.81.dat (AmberTools 24.8) X-ca-cp-X"
cu-cp-ca-hc,7.25,-1,2,"GAFF 1.81, from gaff-1.81.dat (AmberTools 24.8) X-ca-cp-X"
cu-cp-cp-ca,2,-1,2,"GAFF 1.81, from gaff-1.81.dat (AmberTools 24.8) X-cp-cp-X"
cu-cp-cp-ha,2,-1,2,"GAFF 1.81, from gaff-1.81.dat (AmberTools 24.8) X-cp-cp-X"
cu-cp-cp-cp,2,-1,2,"GAFF 1.81, from gaff-1.81.dat (AmberTools 24.8) X-cp-cp-X"
cu-cp-cp-c1,2,-1,2,"GAFF 1.81, from gaff-1.81.dat (AmberTools 24.8) X-cp-cp-X"
cu-cp-cp-cg,2,-1,2,"GAFF 1.81, from gaff-1.81.dat (AmberTools 24.8) X-cp-cp-X"
cu-cp-cp-ch,2,-1,2,"GAFF 1.81, from gaff-1.81.dat (AmberTools 24.8) X-cp-cp-X"
cu-cp-cp-ce,2,-1,2,"GAFF 1.81, from gaff-1.81.dat (AmberTools 24.8) X-cp-cp-X"
cu-cp-cp-cu,2,-1,2,"GAFF 1.81, from gaff-1.81.dat (AmberTools 24.8) X-cp-cp-X"
cu-cp-cp-c3,2,-1,2,"GAFF 1.81, from gaff-1.81.dat (AmberTools 24.8) X-cp-cp-X"
cu-cp-cp-hc,2,-1,2,"GAFF 1.81, from gaff-1.81.dat (AmberTools 24.8) X-cp-cp-X"
cu-cp-c1-ca,0,-1,2,"GAFF 1.81, from gaff-1.81.dat (AmberTools 24.8) X-c1-ca-X (cp as ca)"
cu-cp-c1-ha,0,-1,2,"GAFF 1.81, from gaff-1.81.dat (AmberTools 24.8) X-c1-ca-X (cp as ca)"
cu-cp-c1-cp,0,-1,2,"GAFF 1.81, from gaff-1.81.dat (AmberTools 24.8) X-c1-ca-X (cp as ca)"
cu-cp-c1-c1,0,-1,2,"GAFF 1.81, from gaff-1.81.dat (AmberTools 24.8) X-c1-ca-X (cp as ca)"
cu-cp-c1-cg,0,-1,2,"GAFF 1.81, from gaff-1.81.dat (AmberTools 24.8) X-c1-ca-X (cp as ca)"
cu-cp-c1-ch,0,-1,2,"GAFF 1.81, from gaff-1.81.dat (AmberTools 24.8) X-c1-ca-X (cp as ca)"
cu-cp-c1-ce,0,-1,2,"GAFF 1.81, from gaff-1.81.dat (AmberTools 24.8) X-c1-ca-X (cp as ca)"
cu-cp-c1-cu,0,-1,2,"GAFF 1.81, from gaff-1.81.dat (AmberTools 24.8) X-c1-ca-X (cp as ca)"
cu-cp-c1-c3,0,-1,2,"GAFF 1.81, from gaff-1.81.dat (AmberTools 24.8) X-c1-ca-X (cp as ca)"
cu-cp-c1-hc,0,-1,2,"GAFF 1.81, from gaff-1.81.dat (AmberTools 24.8) X-c1-ca-X (cp as ca)"
cu-cp-cg-ca,0,-1,2,"GAFF 1.81, from gaff-1.81.dat (AmberTools 24.8) X-c1-ca-X (cg as c1, cp as ca)"
cu-cp-cg-ha,0,-1,2,"GAFF 1.81, from gaff-1.81.dat (AmberTools 24.8) X-c1-ca-X (cg as c1, cp as ca)"
cu-cp-cg-cp,0,-1,2,"GAFF 1.81, from gaff-1.81.dat (AmberTools 24.8) X-c1-ca-X (cg as c1, cp as ca)"
cu-cp-cg-c1,0,-1,2,"GAFF 1.81, from gaff-1.81.dat (AmberTools 24.8) X-c1-ca-X (cg as c1, cp as ca)"
cu-cp-cg-cg,0,-1,2,"GAFF 1.81, from gaff-1.81.dat (AmberTools 24.8) X-c1-ca-X (cg as c1, cp as ca)"
cu-cp-cg-ch,0,-1,2,"GAFF 1.81, from gaff-1.81.dat (AmberTools 24.8) X-c1-ca-X (cg as c1, cp as ca)"
cu-cp-cg-ce,0,-1,2,"GAFF 1.81, from gaff-1.81.dat (AmberTools 24.8) X-c1-ca-X (cg as c1, cp as ca)"
cu-cp-cg-cu,0,-1,2,"GAFF 1.81, from gaff-1.81.dat (AmberTools 24.8) X-c1-ca-X (cg as c1, cp as ca)"
cu-cp-cg-c3,0,-1,2,"GAFF 1.81, from gaff-1.81.dat (AmberTools 24.8) X-c1-ca-X (cg as c1, cp as ca)"
cu-cp-cg-hc,0,-1,2,"GAFF 1.81, from gaff-1.81.dat (AmberTools 24.8) X-c1-ca-X (cg as c1, cp as ca)"
cu-cp-ch-ca,0,-1,2,"GAFF 1.81, from gaff-1.81.dat (AmberTools 24.8) X-c1-ca-X (ch as c1, cp as ca)"
cu-cp-ch-ha,0,-1,2,"GAFF 1.81, from gaff-1.81.dat (AmberTools 24.8) X-c1-ca-X (ch as c1, cp as ca)"
cu-cp-ch-cp,0,-1,2,"GAFF 1.81, from gaff-1.81.dat (AmberTools 24.8) X-c1-ca-X (ch as c1, cp as ca)"
cu-cp-ch-c1,0,-1,2,"GAFF 1.81, from gaff-1.81.dat (AmberTools 24.8) X-c1-ca-X (ch as c1, cp as ca)"
cu-cp-ch-cg,0,-1,2,"GAFF 1.81, from gaff-1.81.dat (AmberTools 24.8) X-c1-ca-X (ch as c1, cp as ca)"
cu-cp-ch-ch,0,-1,2,"GAFF 1.81, from gaff-1.81.dat (AmberTools 24.8) X-c1-ca-X (ch as c1, cp as ca)"
cu-cp-ch-ce,0,-1,2,"GAFF 1.81, from gaff-1.81.dat (AmberTools 24.8) X-c1-ca-X (ch as c1, cp as ca)"
cu-cp-ch-cu,0,-1,2,"GAFF 1.81, from gaff-1.81.dat (AmberTools 24.8) X-c1-ca-X (ch as c1, cp as ca)"
cu-cp-ch-c3,0,-1,2,"GAFF 1.81, from gaff-1.81.dat (AmberTools 24.8) X-c1-ca-X (ch as c1, cp as ca)"
cu-cp-ch-hc,0,-1,2,"GAFF 1.81, from gaff-1.81.dat (AmberTools 24.8) X-c1-ca-X (ch as c1, cp as ca)"
cu-cp-ce-ca,1.4,-1,2,"GAFF 1.81, from gaff-1.81.dat (AmberTools 24.8) X-c2-ca-X (ce as c2, cp as ca)"
cu-cp-ce-ha,1.4,-1,2,"GAFF 1.81, from gaff-1.81.dat (AmberTools 24.8) X-c2-ca-X (ce as c2, cp as ca)"
cu-cp-ce-cp,1.4,-1,2,"GAFF 1.81, from gaff-1.81.dat (AmberTools 24.8) X-c2-ca-X (ce as c2, cp as ca)"
cu-cp-ce-c1,1.4,-1,2,"GAFF 1.81, from gaff-1.81.dat (AmberTools 24.8) X-c2-ca-X (ce as c2, cp as ca)"
cu-cp-ce-cg,1.4,-1,2,"GAFF 1.81, from gaff-1.81.dat (AmberTools 24.8) X-c2-ca-X (ce as c2, cp as ca)"
cu-cp-ce-ch,1.4,-1,2,"GAFF 1.81, from gaff-1.81.dat (AmberTools 24.8) X-c2-ca-X (ce as c2, cp as ca)"
cu-cp-ce-ce,1.4,-1,2,"GAFF 1.81, from gaff-1.81.dat (AmberTools 24.8) X-c2-ca-X (ce as c2, cp as ca)"
cu-cp-ce-cu,1.4,-1,2,"GAFF 1.81, from gaff-1.81.dat (AmberTools 24.8) X-c2-ca-X (ce as c2, cp as ca)"
cu-cp-ce-c3,1.4,-1,2,"GAFF 1.81, from gaff-1.81.dat (AmberTools 24.8) X-c2-ca-X (ce as c2, cp as ca)"
cu-cp-ce-hc,1.4,-1,2,"GAFF 1.81, from gaff-1.81.dat (AmberTools 24.8) X-c2-ca-X (ce as c2, cp as ca)"
cu-cp-cu-ca,2,-1,2,"GAFF 1.81, from gaff-1.81.dat (AmberTools 24.8) X-cp-cp-X (stand-in: *-cp-cu-* as X-cp-cp-X)"
cu-cp-cu-ha,2,-1,2,"GAFF 1.81, from gaff-1.81.dat (AmberTools 24.8) X-cp-cp-X (stand-in: *-cp-cu-* as X-cp-cp-X)"
cu-cp-cu-cp,2,-1,2,"GAFF 1.81, from gaff-1.81.dat (AmberTools 24.8) X-cp-cp-X (stand-in: *-cp-cu-* as X-cp-cp-X)"
cu-cp-cu-c1,2,-1,2,"GAFF 1.81, from gaff-1.81.dat (AmberTools 24.8) X-cp-cp-X (stand-in: *-cp-cu-* as X-cp-cp-X)"
cu-cp-cu-cg,2,-1,2,"GAFF 1.81, from gaff-1.81.dat (AmberTools 24.8) X-cp-cp-X (stand-in: *-cp-cu-* as X-cp-cp-X)"
cu-cp-cu-ch,2,-1,2,"GAFF 1.81, from gaff-1.81.dat (AmberTools 24.8) X-cp-cp-X (stand-in: *-cp-cu-* as X-cp-cp-X)"
cu-cp-cu-ce,2,-1,2,"GAFF 1.81, from gaff-1.81.dat (AmberTools 24.8) X-cp-cp-X (stand-in: *-cp-cu-* as X-cp-cp-X)"
cu-cp-cu-cu,2,-1,2,"GAFF 1.81, from gaff-1.81.dat (AmberTools 24.8) X-cp-cp-X (stand-in: *-cp-cu-* as X-cp-cp-X)"
cu-cp-cu-c3,2,-1,2,"GAFF 1.81, from gaff-1.81.dat (AmberTools 24.8) X-cp-cp-X (stand-in: *-cp-cu-* as X-cp-cp-X)"
cu-cp-cu-hc,2,-1,2,"GAFF 1.81, from gaff-1.81.dat (AmberTools 24.8) X-cp-cp-X (stand-in: *-cp-cu-* as X-cp-cp-X)"
cu-cp-c3-ca,0,1,2,"GAFF 1.81, from gaff-1.81.dat (AmberTools 24.8) X-c3-ca-X (cp as ca)"
cu-cp-c3-ha,0,1,2,"GAFF 1.81, from gaff-1.81.dat (AmberTools 24.8) X-c3-ca-X (cp as ca)"
cu-cp-c3-cp,0,1,2,"GAFF 1.81, from gaff-1.81.dat (AmberTools 24.8) X-c3-ca-X (cp as ca)"
cu-cp-c3-c1,0,1,2,"GAFF 1.81, from gaff-1.81.dat (AmberTools 24.8) X-c3-ca-X (cp as ca)"
cu-cp-c3-cg,0,1,2,"GAFF 1.81, from gaff-1.81.dat (AmberTools 24.8) X-c3-ca-X (cp as ca)"
cu-cp-c3-ch,0,1,2,"GAFF 1.81, from gaff-1.81.dat (AmberTools 24.8) X-c3-ca-X (cp as ca)"
cu-cp-c3-ce,0,1,2,"GAFF 1.81, from gaff-1.81.dat (AmberTools 24.8) X-c3-ca-X (cp as ca)"
cu-cp-c3-cu,0,1,2,"GAFF 1.81, from gaff-1.81.dat (AmberTools 24.8) X-c3-ca-X (cp as ca)"
cu-cp-c3-c3,0,1,2,"GAFF 1.81, from gaff-1.81.dat (AmberTools 24.8) X-c3-ca-X (cp as ca)"
cu-cp-c3-hc,0,1,2,"GAFF 1.81, from gaff-1.81.dat (AmberTools 24.8) X-c3-ca-X (cp as ca)"
cu-c1-ca-ca,0,-1,2,"GAFF 1.81, from gaff-1.81.dat (AmberTools 24.8) X-c1-ca-X"
cu-c1-ca-ha,0,-1,2,"GAFF 1.81, from gaff-1.81.dat (AmberTools 24.8) X-c1-ca-X"
cu-c1-ca-cp,0,-1,2,"GAFF 1.81, from gaff-1.81.dat (AmberTools 24.8) X-c1-ca-X"
cu-c1-ca-c1,0,-1,2,"GAFF 1.81, from gaff-1.81.dat (AmberTools 24.8) X-c1-ca-X"
cu-c1-ca-cg,0,-1,2,"GAFF 1.81, from gaff-1.81.dat (AmberTools 24.8) X-c1-ca-X"
cu-c1-ca-ch,0,-1,2,"GAFF 1.81, from gaff-1.81.dat (AmberTools 24.8) X-c1-ca-X"
cu-c1-ca-ce,0,-1,2,"GAFF 1.81, from gaff-1.81.dat (AmberTools 24.8) X-c1-ca-X"
cu-c1-ca-cu,0,-1,2,"GAFF 1.81, from gaff-1.81.dat (AmberTools 24.8) X-c1-ca-X"
cu-c1-ca-c3,0,-1,2,"GAFF 1.81, from gaff-1.81.dat (AmberTools 24.8) X-c1-ca-X"
cu-c1-ca-hc,0,-1,2,"GAFF 1.81, from gaff-1.81.dat (AmberTools 24.8) X-c1-ca-X"
cu-c1-cp-ca,0,-1,2,"GAFF 1.81, from gaff-1.81.dat (AmberTools 24.8) X-c1-ca-X (cp as ca)"
cu-c1-cp-ha,0,-1,2,"GAFF 1.81, from gaff-1.81.dat (AmberTools 24.8) X-c1-ca-X (cp as ca)"
cu-c1-cp-cp,0,-1,2,"GAFF 1.81, from gaff-1.81.dat (AmberTools 24.8) X-c1-ca-X (cp as ca)"
cu-c1-cp-c1,0,-1,2,"GAFF 1.81, from gaff-1.81.dat (AmberTools 24.8) X-c1-ca-X (cp as ca)"
cu-c1-cp-cg,0,-1,2,"GAFF 1.81, from gaff-1.81.dat (AmberTools 24.8) X-c1-ca-X (cp as ca)"
cu-c1-cp-ch,0,-1,2,"GAFF 1.81, from gaff-1.81.dat (AmberTools 24.8) X-c1-ca-X (cp as ca)"
cu-c1-cp-ce,0,-1,2,"GAFF 1.81, from gaff-1.81.dat (AmberTools 24.8) X-c1-ca-X (cp as ca)"
cu-c1-cp-cu,0,-1,2,"GAFF 1.81, from gaff-1.81.dat (AmberTools 24.8) X-c1-ca-X (cp as ca)"
cu-c1-cp-c3,0,-1,2,"GAFF 1.81, from gaff-1.81.dat (AmberTools 24.8) X-c1-ca-X (cp as ca)"
cu-c1-cp-hc,0,-1,2,"GAFF 1.81, from gaff-1.81.dat (AmberTools 24.8) X-c1-ca-X (cp as ca)"
cu-c1-c1-ca,0,-1,2,"GAFF 1.81, from gaff-1.81.dat (AmberTools 24.8) X-c1-c1-X"
cu-c1-c1-ha,0,-1,2,"GAFF 1.81, from gaff-1.81.dat (AmberTools 24.8) X-c1-c1-X"
cu-c1-c1-cp,0,-1,2,"GAFF 1.81, from gaff-1.81.dat (AmberTools 24.8) X-c1-c1-X"
cu-c1-c1-c1,0,-1,2,"GAFF 1.81, from gaff-1.81.dat (AmberTools 24.8) X-c1-c1-X"
cu-c1-c1-cg,0,-1,2,"GAFF 1.81, from gaff-1.81.dat (AmberTools 24.8) X-c1-c1-X"
cu-c1-c1-ch,0,-1,2,"GAFF 1.81, from gaff-1.81.dat (AmberTools 24.8) X-c1-c1-X"
cu-c1-c1-ce,0,-1,2,"GAFF 1.81, from gaff-1.81.dat (AmberTools 24.8) X-c1-c1-X"
cu-c1-c1-cu,0,-1,2,"GAFF 1.81, from gaff-1.81.dat (AmberTools 24.8) X-c1-c1-X"
cu-c1-c1-c3,0,-1,2,"GAFF 1.81, from gaff-1.81.dat (AmberTools 24.8) X-c1-c1-X"
cu-c1-c1-hc,0,-1,2,"GAFF 1.81, from gaff-1.81.dat (AmberTools 24.8) X-c1-c1-X"
cu-c1-cg-ca,0,-1,2,"GAFF 1.81, from gaff-1.81.dat (AmberTools 24.8) X-c1-cg-X"
cu-c1-cg-ha,0,-1,2,"GAFF 1.81, from gaff-1.81.dat (AmberTools 24.8) X-c1-cg-X"
cu-c1-cg-cp,0,-1,2,"GAFF 1.81, from gaff-1.81.dat (AmberTools 24.8) X-c1-cg-X"
cu-c1-cg-c1,0,-1,2,"GAFF 1.81, from gaff-1.81.dat (AmberTools 24.8) X-c1-cg-X"
cu-c1-cg-cg,0,-1,2,"GAFF 1.81, from gaff-1.81.dat (AmberTools 24.8) X-c1-cg-X"
cu-c1-cg-ch,0,-1,2,"GAFF 1.81, from gaff-1.81.dat (AmberTools 24.8) X-c1-cg-X"
cu-c1-cg-ce,0,-1,2,"GAFF 1.81, from gaff-1.81.dat (AmberTools 24.8) X-c1-cg-X"
cu-c1-cg-cu,0,-1,2,"GAFF 1.81, from gaff-1.81.dat (AmberTools 24.8) X-c1-cg-X"
cu-c1-cg-c3,0,-1,2,"GAFF 1.81, from gaff-1.81.dat (AmberTools 24.8) X-c1-cg-X"
cu-c1-cg-hc,0,-1,2,"GAFF 1.81, from gaff-1.81.dat (AmberTools 24.8) X-c1-cg-X"
cu-c1-ch-ca,0,-1,2,"GAFF 1.81, from gaff-1.81.dat (AmberTools 24.8) X-c1-ch-X"
cu-c1-ch-ha,0,-1,2,"GAFF 1.81, from gaff-1.81.dat (AmberTools 24.8) X-c1-ch-X"
cu-c1-ch-cp,0,-1,2,"GAFF 1.81, from gaff-1.81.dat (AmberTools 24.8) X-c1-ch-X"
cu-c1-ch-c1,0,-1,2,"GAFF 1.81, from gaff-1.81.dat (AmberTools 24.8) X-c1-ch-X"
cu-c1-ch-cg,0,-1,2,"GAFF 1.81, from gaff-1.81.dat (AmberTools 24.8) X-c1-ch-X"
cu-c1-ch-ch,0,-1,2,"GAFF 1.81, from gaff-1.81.dat (AmberTools 24.8) X-c1-ch-X"
cu-c1-ch-ce,0,-1,2,"GAFF 1.81, from gaff-1.81.dat (AmberTools 24.8) X-c1-ch-X"
cu-c1-ch-cu,0,-1,2,"GAFF 1.81, from gaff-1.81.dat (AmberTools 24.8) X-c1-ch-X"
cu-c1-ch-c3,0,-1,2,"GAFF 1.81, from gaff-1.81.dat (AmberTools 24.8) X-c1-ch-X"
cu-c1-ch-hc,0,-1,2,"GAFF 1.81, from gaff-1.81.dat (AmberTools 24.8) X-c1-ch-X"
cu-c1-ce-ca,0,-1,2,"GAFF 1.81, from gaff-1.81.dat (AmberTools 24.8) X-c1-ce-X"
cu-c1-ce-ha,0,-1,2,"GAFF 1.81, from gaff-1.81.dat (AmberTools 24.8) X-c1-ce-X"
cu-c1-ce-cp,0,-1,2,"GAFF 1.81, from gaff-1.81.dat (AmberTools 24.8) X-c1-ce-X"
cu-c1-ce-c1,0,-1,2,"GAFF 1.81, from gaff-1.81.dat (AmberTools 24.8) X-c1-ce-X"
cu-c1-ce-cg,0,-1,2,"GAFF 1.81, from gaff-1.81.dat (AmberTools 24.8) X-c1-ce-X"
cu-c1-ce-ch,0,-1,2,"GAFF 1.81, from gaff-1.81.dat (AmberTools 24.8) X-c1-ce-X"
cu-c1-ce-ce,0,-1,2,"GAFF 1.81, from gaff-1.81.dat (AmberTools 24.8) X-c1-ce-X"
cu-c1-ce-cu,0,-1,2,"GAFF 1.81, from gaff-1.81.dat (AmberTools 24.8) X-c1-ce-X"
cu-c1-ce-c3,0,-1,2,"GAFF 1.81, from gaff-1.81.dat (AmberTools 24.8) X-c1-ce-X"
cu-c1-ce-hc,0,-1,2,"GAFF 1.81, from gaff-1.81.dat (AmberTools 24.8) X-c1-ce-X"
cu-c1-cu-ca,0,-1,2,"GAFF 1.81, from gaff-1.81.dat (AmberTools 24.8) X-c1-cu-X"
cu-c1-cu-ha,0,-1,2,"GAFF 1.81, from gaff-1.81.dat (AmberTools 24.8) X-c1-cu-X"
cu-c1-cu-cp,0,-1,2,"GAFF 1.81, from gaff-1.81.dat (AmberTools 24.8) X-c1-cu-X"
cu-c1-cu-c1,0,-1,2,"GAFF 1.81, from gaff-1.81.dat (AmberTools 24.8) X-c1-cu-X"
cu-c1-cu-cg,0,-1,2,"GAFF 1.81, from gaff-1.81.dat (AmberTools 24.8) X-c1-cu-X"
cu-c1-cu-ch,0,-1,2,"GAFF 1.81, from gaff-1.81.dat (AmberTools 24.8) X-c1-cu-X"
cu-c1-cu-ce,0,-1,2,"GAFF 1.81, from gaff-1.81.dat (AmberTools 24.8) X-c1-cu-X"
cu-c1-cu-cu,0,-1,2,"GAFF 1.81, from gaff-1.81.dat (AmberTools 24.8) X-c1-cu-X"
cu-c1-cu-c3,0,-1,2,"GAFF 1.81, from gaff-1.81.dat (AmberTools 24.8) X-c1-cu-X"
cu-c1-cu-hc,0,-1,2,"GAFF 1.81, from gaff-1.81.dat (AmberTools 24.8) X-c1-cu-X"
cu-c1-c3-ca,0,-1,2,"GAFF 1.81, from gaff-1.81.dat (AmberTools 24.8) X-c1-c3-X"
cu-c1-c3-ha,0,-1,2,"GAFF 1.81, from gaff-1.81.dat (AmberTools 24.8) X-c1-c3-X"
cu-c1-c3-cp,0,-1,2,"GAFF 1.81, from gaff-1.81.dat (AmberTools 24.8) X-c1-c3-X"
cu-c1-c3-c1,0,-1,2,"GAFF 1.81, from gaff-1.81.dat (AmberTools 24.8) X-c1-c3-X"
cu-c1-c3-cg,0,-1,2,"GAFF 1.81, from gaff-1.81.dat (AmberTools 24.8) X-c1-c3-X"
cu-c1-c3-ch,0,-1,2,"GAFF 1.81, from gaff-1.81.dat (AmberTools 24.8) X-c1-c3-X"
cu-c1-c3-ce,0,-1,2,"GAFF 1.81, from gaff-1.81.dat (AmberTools 24.8) X-c1-c3-X"
cu-c1-c3-cu,0,-1,2,"GAFF 1.81, from gaff-1.81.dat (AmberTools 24.8) X-c1-c3-X"
cu-c1-c3-c3,0,-1,2,"GAFF 1.81, from gaff-1.81.dat (AmberTools 24.8) X-c1-c3-X"
cu-c1-c3-hc,0,-1,2,"GAFF 1.81, from gaff-1.81.dat (AmberTools 24.8) X-c1-c3-X"
cu-cg-ca-ca,0,-1,2,"GAFF 1.81, from gaff-1.81.dat (AmberTools 24.8) X-c1-ca-X (cg as c1)"
cu-cg-ca-ha,0,-1,2,"GAFF 1.81, from gaff-1.81.dat (AmberTools 24.8) X-c1-ca-X (cg as c1)"
cu-cg-ca-cp,0,-1,2,"GAFF 1.81, from gaff-1.81.dat (AmberTools 24.8) X-c1-ca-X (cg as c1)"
cu-cg-ca-c1,0,-1,2,"GAFF 1.81, from gaff-1.81.dat (AmberTools 24.8) X-c1-ca-X (cg as c1)"
cu-cg-ca-cg,0,-1,2,"GAFF 1.81, from gaff-1.81.dat (AmberTools 24.8) X-c1-ca-X (cg as c1)"
cu-cg-ca-ch,0,-1,2,"GAFF 1.81, from gaff-1.81.dat (AmberTools 24.8) X-c1-ca-X (cg as c1)"
cu-cg-ca-ce,0,-1,2,"GAFF 1.81, from gaff-1.81.dat (AmberTools 24.8) X-c1-ca-X (cg as c1)"
cu-cg-ca-cu,0,-1,2,"GAFF 1.81, from gaff-1.81.dat (AmberTools 24.8) X-c1-ca-X (cg as c1)"
cu-cg-ca-c3,0,-1,2,"GAFF 1.81, from gaff-1.81.dat (AmberTools 24.8) X-c1-ca-X (cg as c1)"
cu-cg-ca-hc,0,-1,2,"GAFF 1.81, from gaff-1.81.dat (AmberTools 24.8) X-c1-ca-X (cg as c1)"
cu-cg-cp-ca,0,-1,2,"GAFF 1.81, from gaff-1.81.dat (AmberTools 24.8) X-c1-ca-X (cg as c1, cp as ca)"
cu-cg-cp-ha,0,-1,2,"GAFF 1.81, from gaff-1.81.dat (AmberTools 24.8) X-c1-ca-X (cg as c1, cp as ca)"
cu-cg-cp-cp,0,-1,2,"GAFF 1.81, from gaff-1.81.dat (AmberTools 24.8) X-c1-ca-X (cg as c1, cp as ca)"
cu-cg-cp-c1,0,-1,2,"GAFF 1.81, from gaff-1.81.dat (AmberTools 24.8) X-c1-ca-X (cg as c1, cp as ca)"
cu-cg-cp-cg,0,-1,2,"GAFF 1.81, from gaff-1.81.dat (AmberTools 24.8) X-c1-ca-X (cg as c1, cp as ca)"
cu-cg-cp-ch,0,-1,2,"GAFF 1.81, from gaff-1.81.dat (AmberTools 24.8) X-c1-ca-X (cg as c1, cp as ca)"
cu-cg-cp-ce,0,-1,2,"GAFF 1.81, from gaff-1.81.dat (AmberTools 24.8) X-c1-ca-X (cg as c1, cp as ca)"
cu-cg-cp-cu,0,-1,2,"GAFF 1.81, from gaff-1.81.dat (AmberTools 24.8) X-c1-ca-X (cg as c1, cp as ca)"
cu-cg-cp-c3,0,-1,2,"GAFF 1.81, from gaff-1.81.dat (AmberTools 24.8) X-c1-ca-X (cg as c1, cp as ca)"
cu-cg-cp-hc,0,-1,2,"GAFF 1.81, from gaff-1.81.dat (AmberTools 24.8) X-c1-ca-X (cg as c1, cp as ca)"
cu-cg-c1-ca,0,-1,2,"GAFF 1.81, from gaff-1.81.dat (AmberTools 24.8) X-c1-cg-X"
cu-cg-c1-ha,0,-1,2,"GAFF 1.81, from gaff-1.81.dat (AmberTools 24.8) X-c1-cg-X"
cu-cg-c1-cp,0,-1,2,"GAFF 1.81, from gaff-1.81.dat (AmberTools 24.8) X-c1-cg-X"
cu-cg-c1-c1,0,-1,2,"GAFF 1.81, from gaff-1.81.dat (AmberTools 24.8) X-c1-cg-X"
cu-cg-c1-cg,0,-1,2,"GAFF 1.81, from gaff-1.81.dat (AmberTools 24.8) X-c1-cg-X"
cu-cg-c1-ch,0,-1,2,"GAFF 1.81, from gaff-1.81.dat (AmberTools 24.8) X-c1-cg-X"
cu-cg-c1-ce,0,-1,2,"GAFF 1.81, from gaff-1.81.dat (AmberTools 24.8) X-c1-cg-X"
cu-cg-c1-cu,0,-1,2,"GAFF 1.81, from gaff-1.81.dat (AmberTools 24.8) X-c1-cg-X"
cu-cg-c1-c3,0,-1,2,"GAFF 1.81, from gaff-1.81.dat (AmberTools 24.8) X-c1-cg-X"
cu-cg-c1-hc,0,-1,2,"GAFF 1.81, from gaff-1.81.dat (AmberTools 24.8) X-c1-cg-X"
cu-cg-cg-ca,0,-1,2,"GAFF 1.81, from gaff-1.81.dat (AmberTools 24.8) X-cg-cg-X"
cu-cg-cg-ha,0,-1,2,"GAFF 1.81, from gaff-1.81.dat (AmberTools 24.8) X-cg-cg-X"
cu-cg-cg-cp,0,-1,2,"GAFF 1.81, from gaff-1.81.dat (AmberTools 24.8) X-cg-cg-X"
cu-cg-cg-c1,0,-1,2,"GAFF 1.81, from gaff-1.81.dat (AmberTools 24.8) X-cg-cg-X"
cu-cg-cg-cg,0,-1,2,"GAFF 1.81, from gaff-1.81.dat (AmberTools 24.8) X-cg-cg-X"
cu-cg-cg-ch,0,-1,2,"GAFF 1.81, from gaff-1.81.dat (AmberTools 24.8) X-cg-cg-X"
cu-cg-cg-ce,0,-1,2,"GAFF 1.81, from gaff-1.81.dat (AmberTools 24.8) X-cg-cg-X"
cu-cg-cg-cu,0,-1,2,"GAFF 1.81, from gaff-1.81.dat (AmberTools 24.8) X-cg-cg-X"
cu-cg-cg-c3,0,-1,2,"GAFF 1.81, from gaff-1.81.dat (AmberTools 24.8) X-cg-cg-X"
cu-cg-cg-hc,0,-1,2,"GAFF 1.81, from gaff-1.81.dat (AmberTools 24.8) X-cg-cg-X"
cu-cg-ch-ca,0,-1,2,"GAFF 1.81, from gaff-1.81.dat (AmberTools 24.8) X-cg-ch-X"
cu-cg-ch-ha,0,-1,2,"GAFF 1.81, from gaff-1.81.dat (AmberTools 24.8) X-cg-ch-X"
cu-cg-ch-cp,0,-1,2,"GAFF 1.81, from gaff-1.81.dat (AmberTools 24.8) X-cg-ch-X"
cu-cg-ch-c1,0,-1,2,"GAFF 1.81, from gaff-1.81.dat (AmberTools 24.8) X-cg-ch-X"
cu-cg-ch-cg,0,-1,2,"GAFF 1.81, from gaff-1.81.dat (AmberTools 24.8) X-cg-ch-X"
cu-cg-ch-ch,0,-1,2,"GAFF 1.81, from gaff-1.81.dat (AmberTools 24.8) X-cg-ch-X"
cu-cg-ch-ce,0,-1,2,"GAFF 1.81, from gaff-1.81.dat (AmberTools 24.8) X-cg-ch-X"
cu-cg-ch-cu,0,-1,2,"GAFF 1.81, from gaff-1.81.dat (AmberTools 24.8) X-cg-ch-X"
cu-cg-ch-c3,0,-1,2,"GAFF 1.81, from gaff-1.81.dat (AmberTools 24.8) X-cg-ch-X"
cu-cg-ch-hc,0,-1,2,"GAFF 1.81, from gaff-1.81.dat (AmberTools 24.8) X-cg-ch-X"
cu-cg-ce-ca,0,-1,2,"GAFF 1.81, from gaff-1.81.dat (AmberTools 24.8) X-c1-ce-X (cg as c1)"
cu-cg-ce-ha,0,-1,2,"GAFF 1.81, from gaff-1.81.dat (AmberTools 24.8) X-c1-ce-X (cg as c1)"
cu-cg-ce-cp,0,-1,2,"GAFF 1.81, from gaff-1.81.dat (AmberTools 24.8) X-c1-ce-X (cg as c1)"
cu-cg-ce-c1,0,-1,2,"GAFF 1.81, from gaff-1.81.dat (AmberTools 24.8) X-c1-ce-X (cg as c1)"
cu-cg-ce-cg,0,-1,2,"GAFF 1.81, from gaff-1.81.dat (AmberTools 24.8) X-c1-ce-X (cg as c1)"
cu-cg-ce-ch,0,-1,2,"GAFF 1.81, from gaff-1.81.dat (AmberTools 24.8) X-c1-ce-X (cg as c1)"
cu-cg-ce-ce,0,-1,2,"GAFF 1.81, from gaff-1.81.dat (AmberTools 24.8) X-c1-ce-X (cg as c1)"
cu-cg-ce-cu,0,-1,2,"GAFF 1.81, from gaff-1.81.dat (AmberTools 24.8) X-c1-ce-X (cg as c1)"
cu-cg-ce-c3,0,-1,2,"GAFF 1.81, from gaff-1.81.dat (AmberTools 24.8) X-c1-ce-X (cg as c1)"
cu-cg-ce-hc,0,-1,2,"GAFF 1.81, from gaff-1.81.dat (AmberTools 24.8) X-c1-ce-X (cg as c1)"
cu-cg-cu-ca,0,-1,2,"GAFF 1.81, from gaff-1.81.dat (AmberTools 24.8) X-c1-c1-X (stand-in: *-cg-cu-* as X-c1-c1-X)"
cu-cg-cu-ha,0,-1,2,"GAFF 1.81, from gaff-1.81.dat (AmberTools 24.8) X-c1-c1-X (stand-in: *-cg-cu-* as X-c1-c1-X)"
cu-cg-cu-cp,0,-1,2,"GAFF 1.81, from gaff-1.81.dat (AmberTools 24.8) X-c1-c1-X (stand-in: *-cg-cu-* as X-c1-c1-X)"
cu-cg-cu-c1,0,-1,2,"GAFF 1.81, from gaff-1.81.dat (AmberTools 24.8) X-c1-c1-X (stand-in: *-cg-cu-* as X-c1-c1-X)"
cu-cg-cu-cg,0,-1,2,"GAFF 1.81, from gaff-1.81.dat (AmberTools 24.8) X-c1-c1-X (stand-in: *-cg-cu-* as X-c1-c1-X)"
cu-cg-cu-ch,0,-1,2,"GAFF 1.81, from gaff-1.81.dat (AmberTools 24.8) X-c1-c1-X (stand-in: *-cg-cu-* as X-c1-c1-X)"
cu-cg-cu-ce,0,-1,2,"GAFF 1.81, from gaff-1.81.dat (AmberTools 24.8) X-c1-c1-X (stand-in: *-cg-cu-* as X-c1-c1-X)"
cu-cg-cu-cu,0,-1,2,"GAFF 1.81, from gaff-1.81.dat (AmberTools 24.8) X-c1-c1-X (stand-in: *-cg-cu-* as X-c1-c1-X)"
cu-cg-cu-c3,0,-1,2,"GAFF 1.81, from gaff-1.81.dat (AmberTools 24.8) X-c1-c1-X (stand-in: *-cg-cu-* as X-c1-c1-X)"
cu-cg-cu-hc,0,-1,2,"GAFF 1.81, from gaff-1.81.dat (AmberTools 24.8) X-c1-c1-X (stand-in: *-cg-cu-* as X-c1-c1-X)"
cu-cg-c3-ca,0,-1,2,"GAFF 1.81, from gaff-1.81.dat (AmberTools 24.8) X-c1-c3-X (cg as c1)"
cu-cg-c3-ha,0,-1,2,"GAFF 1.81, from gaff-1.81.dat (AmberTools 24.8) X-c1-c3-X (cg as c1)"
cu-cg-c3-cp,0,-1,2,"GAFF 1.81, from gaff-1.81.dat (AmberTools 24.8) X-c1-c3-X (cg as c1)"
cu-cg-c3-c1,0,-1,2,"GAFF 1.81, from gaff-1.81.dat (AmberTools 24.8) X-c1-c3-X (cg as c1)"
cu-cg-c3-cg,0,-1,2,"GAFF 1.81, from gaff-1.81.dat (AmberTools 24.8) X-c1-c3-X (cg as c1)"
cu-cg-c3-ch,0,-1,2,"GAFF 1.81, from gaff-1.81.dat (AmberTools 24.8) X-c1-c3-X (cg as c1)"
cu-cg-c3-ce,0,-1,2,"GAFF 1.81, from gaff-1.81.dat (AmberTools 24.8) X-c1-c3-X (cg as c1)"
cu-cg-c3-cu,0,-1,2,"GAFF 1.81, from gaff-1.81.dat (AmberTools 24.8) X-c1-c3-X (cg as c1)"
cu-cg-c3-c3,0,-1,2,"GAFF 1.81, from gaff-1.81.dat (AmberTools 24.8) X-c1-c3-X (cg as c1)"
cu-cg-c3-hc,0,-1,2,"GAFF 1.81, from gaff-1.81.dat (AmberTools 24.8) X-c1-c3-X (cg as c1)"
cu-ch-ca-ca,0,-1,2,"GAFF 1.81, from gaff-1.81.dat (AmberTools 24.8) X-c1-ca-X (ch as c1)"
cu-ch-ca-ha,0,-1,2,"GAFF 1.81, from gaff-1.81.dat (AmberTools 24.8) X-c1-ca-X (ch as c1)"
cu-ch-ca-cp,0,-1,2,"GAFF 1.81, from gaff-1.81.dat (AmberTools 24.8) X-c1-ca-X (ch as c1)"
cu-ch-ca-c1,0,-1,2,"GAFF 1.81, from gaff-1.81.dat (AmberTools 24.8) X-c1-ca-X (ch as c1)"
cu-ch-ca-cg,0,-1,2,"GAFF 1.81, from gaff-1.81.dat (AmberTools 24.8) X-c1-ca-X (ch as c1)"
cu-ch-ca-ch,0,-1,2,"GAFF 1.81, from gaff-1.81.dat (AmberTools 24.8) X-c1-ca-X (ch as c1)"
cu-ch-ca-ce,0,-1,2,"GAFF 1.81, from gaff-1.81.dat (AmberTools 24.8) X-c1-ca-X (ch as c1)"
cu-ch-ca-cu,0,-1,2,"GAFF 1.81, from gaff-1.81.dat (AmberTools 24.8) X-c1-ca-X (ch as c1)"
cu-ch-ca-c3,0,-1,2,"GAFF 1.81, from gaff-1.81.dat (AmberTools 24.8) X-c1-ca-X (ch as c1)"
cu-ch-ca-hc,0,-1,2,"GAFF 1.81, from gaff-1.81.dat (AmberTools 24.8) X-c1-ca-X (ch as c1)"
cu-ch-cp-ca,0,-1,2,"GAFF 1.81, from gaff-1.81.dat (AmberTools 24.8) X-c1-ca-X (ch as c1, cp as ca)"
cu-ch-cp-ha,0,-1,2,"GAFF 1.81, from gaff-1.81.dat (AmberTools 24.8) X-c1-ca-X (ch as c1, cp as ca)"
cu-ch-cp-cp,0,-1,2,"GAFF 1.81, from gaff-1.81.dat (AmberTools 24.8) X-c1-ca-X (ch as c1, cp as ca)"
cu-ch-cp-c1,0,-1,2,"GAFF 1.81, from gaff-1.81.dat (AmberTools 24.8) X-c1-ca-X (ch as c1, cp as ca)"
cu-ch-cp-cg,0,-1,2,"GAFF 1.81, from gaff-1.81.dat (AmberTools 24.8) X-c1-ca-X (ch as c1, cp as ca)"
cu-ch-cp-ch,0,-1,2,"GAFF 1.81, from gaff-1.81.dat (AmberTools 24.8) X-c1-ca-X (ch as c1, cp as ca)"
cu-ch-cp-ce,0,-1,2,"GAFF 1.81, from gaff-1.81.dat (AmberTools 24.8) X-c1-ca-X (ch as c1, cp as ca)"
cu-ch-cp-cu,0,-1,2,"GAFF 1.81, from gaff-1.81.dat (AmberTools 24.8) X-c1-ca-X (ch as c1, cp as ca)"
cu-ch-cp-c3,0,-1,2,"GAFF 1.81, from gaff-1.81.dat (AmberTools 24.8) X-c1-ca-X (ch as c1, cp as ca)"
cu-ch-cp-hc,0,-1,2,"GAFF 1.81, from gaff-1.81.dat (AmberTools 24.8) X-c1-ca-X (ch as c1, cp as ca)"
cu-ch-c1-ca,0,-1,2,"GAFF 1.81, from gaff-1.81.dat (AmberTools 24.8) X-c1-ch-X"
cu-ch-c1-ha,0,-1,2,"GAFF 1.81, from gaff-1.81.dat (AmberTools 24.8) X-c1-ch-X"
cu-ch-c1-cp,0,-1,2,"GAFF 1.81, from gaff-1.81.dat (AmberTools 24.8) X-c1-ch-X"
cu-ch-c1-c1,0,-1,2,"GAFF 1.81, from gaff-1.81.dat (AmberTools 24.8) X-c1-ch-X"
cu-ch-c1-cg,0,-1,2,"GAFF 1.81, from gaff-1.81.dat (AmberTools 24.8) X-c1-ch-X"
cu-ch-c1-ch,0,-1,2,"GAFF 1.81, from gaff-1.81.dat (AmberTools 24.8) X-c1-ch-X"
cu-ch-c1-ce,0,-1,2,"GAFF 1.81, from gaff-1.81.dat (AmberTools 24.8) X-c1-ch-X"
cu-ch-c1-cu,0,-1,2,"GAFF 1.81, from gaff-1.81.dat (AmberTools 24.8) X-c1-ch-X"
cu-ch-c1-c3,0,-1,2,"GAFF 1.81, from gaff-1.81.dat (AmberTools 24.8) X-c1-ch-X"
cu-ch-c1-hc,0,-1,2,"GAFF 1.81, from gaff-1.81.dat (AmberTools 24.8) X-c1-ch-X"
cu-ch-cg-ca,0,-1,2,"GAFF 1.81, from gaff-1.81.dat (AmberTools 24.8) X-cg-ch-X"
cu-ch-cg-ha,0,-1,2,"GAFF 1.81, from gaff-1.81.dat (AmberTools 24.8) X-cg-ch-X"
cu-ch-cg-cp,0,-1,2,"GAFF 1.81, from gaff-1.81.dat (AmberTools 24.8) X-cg-ch-X"
cu-ch-cg-c1,0,-1,2,"GAFF 1.81, from gaff-1.81.dat (AmberTools 24.8) X-cg-ch-X"
cu-ch-cg-cg,0,-1,2,"GAFF 1.81, from gaff-1.81.dat (AmberTools 24.8) X-cg-ch-X"
cu-ch-cg-ch,0,-1,2,"GAFF 1.81, from gaff-1.81.dat (AmberTools 24.8) X-cg-ch-X"
cu-ch-cg-ce,0,-1,2,"GAFF 1.81, from gaff-1.81.dat (AmberTools 24.8) X-cg-ch-X"
cu-ch-cg-cu,0,-1,2,"GAFF 1.81, from gaff-1.81.dat (AmberTools 24.8) X-cg-ch-X"
cu-ch-cg-c3,0,-1,2,"GAFF 1.81, from gaff-1.81.dat (AmberTools 24.8) X-cg-ch-X"
cu-ch-cg-hc,0,-1,2,"GAFF 1.81, from gaff-1.81.dat (AmberTools 24.8) X-cg-ch-X"
cu-ch-ch-ca,0,-1,2,"GAFF 1.81, from gaff-1.81.dat (AmberTools 24.8) X-ch-ch-X"
cu-ch-ch-ha,0,-1,2,"GAFF 1.81, from gaff-1.81.dat (AmberTools 24.8) X-ch-ch-X"
cu-ch-ch-cp,0,-1,2,"GAFF 1.81, from gaff-1.81.dat (AmberTools 24.8) X-ch-ch-X"
cu-ch-ch-c1,0,-1,2,"GAFF 1.81, from gaff-1.81.dat (AmberTools 24.8) X-ch-ch-X"
cu-ch-ch-cg,0,-1,2,"GAFF 1.81, from gaff-1.81.dat (AmberTools 24.8) X-ch-ch-X"
cu-ch-ch-ch,0,-1,2,"GAFF 1.81, from gaff-1.81.dat (AmberTools 24.8) X-ch-ch-X"
cu-ch-ch-ce,0,-1,2,"GAFF 1.81, from gaff-1.81.dat (AmberTools 24.8) X-ch-ch-X"
cu-ch-ch-cu,0,-1,2,"GAFF 1.81, from gaff-1.81.dat (AmberTools 24.8) X-ch-ch-X"
cu-ch-ch-c3,0,-1,2,"GAFF 1.81, from gaff-1.81.dat (AmberTools 24.8) X-ch-ch-X"
cu-ch-ch-hc,0,-1,2,"GAFF 1.81, from gaff-1.81.dat (AmberTools 24.8) X-ch-ch-X"
cu-ch-ce-ca,0,-1,2,"GAFF 1.81, from gaff-1.81.dat (AmberTools 24.8) X-c1-ce-X (ch as c1)"
cu-ch-ce-ha,0,-1,2,"GAFF 1.81, from gaff-1.81.dat (AmberTools 24.8) X-c1-ce-X (ch as c1)"
cu-ch-ce-cp,0,-1,2,"GAFF 1.81, from gaff-1.81.dat (AmberTools 24.8) X-c1-ce-X (ch as c1)"
cu-ch-ce-c1,0,-1,2,"GAFF 1.81, from gaff-1.81.dat (AmberTools 24.8) X-c1-ce-X (ch as c1)"
cu-ch-ce-cg,0,-1,2,"GAFF 1.81, from gaff-1.81.dat (AmberTools 24.8) X-c1-ce-X (ch as c1)"
cu-ch-ce-ch,0,-1,2,"GAFF 1.81, from gaff-1.81.dat (AmberTools 24.8) X-c1-ce-X (ch as c1)"
cu-ch-ce-ce,0,-1,2,"GAFF 1.81, from gaff-1.81.dat (AmberTools 24.8) X-c1-ce-X (ch as c1)"
cu-ch-ce-cu,0,-1,2,"GAFF 1.81, from gaff-1.81.dat (AmberTools 24.8) X-c1-ce-X (ch as c1)"
cu-ch-ce-c3,0,-1,2,"GAFF 1.81, from gaff-1.81.dat (AmberTools 24.8) X-c1-ce-X (ch as c1)"
cu-ch-ce-hc,0,-1,2,"GAFF 1.81, from gaff-1.81.dat (AmberTools 24.8) X-c1-ce-X (ch as c1)"
cu-ch-cu-ca,0,-1,2,"GAFF 1.81, from gaff-1.81.dat (AmberTools 24.8) X-c1-c1-X (stand-in: *-ch-cu-* as X-c1-c1-X)"
cu-ch-cu-ha,0,-1,2,"GAFF 1.81, from gaff-1.81.dat (AmberTools 24.8) X-c1-c1-X (stand-in: *-ch-cu-* as X-c1-c1-X)"
cu-ch-cu-cp,0,-1,2,"GAFF 1.81, from gaff-1.81.dat (AmberTools 24.8) X-c1-c1-X (stand-in: *-ch-cu-* as X-c1-c1-X)"
cu-ch-cu-c1,0,-1,2,"GAFF 1.81, from gaff-1.81.dat (AmberTools 24.8) X-c1-c1-X (stand-in: *-ch-cu-* as X-c1-c1-X)"
cu-ch-cu-cg,0,-1,2,"GAFF 1.81, from gaff-1.81.dat (AmberTools 24.8) X-c1-c1-X (stand-in: *-ch-cu-* as X-c1-c1-X)"
cu-ch-cu-ch,0,-1,2,"GAFF 1.81, from gaff-1.81.dat (AmberTools 24.8) X-c1-c1-X (stand-in: *-ch-cu-* as X-c1-c1-X)"
cu-ch-cu-ce,0,-1,2,"GAFF 1.81, from gaff-1.81.dat (AmberTools 24.8) X-c1-c1-X (stand-in: *-ch-cu-* as X-c1-c1-X)"
cu-ch-cu-cu,0,-1,2,"GAFF 1.81, from gaff-1.81.dat (AmberTools 24.8) X-c1-c1-X (stand-in: *-ch-cu-* as X-c1-c1-X)"
cu-ch-cu-c3,0,-1,2,"GAFF 1.81, from gaff-1.81.dat (AmberTools 24.8) X-c1-c1-X (stand-in: *-ch-cu-* as X-c1-c1-X)"
cu-ch-cu-hc,0,-1,2,"GAFF 1.81, from gaff-1.81.dat (AmberTools 24.8) X-c1-c1-X (stand-in: *-ch-cu-* as X-c1-c1-X)"
cu-ch-c3-ca,0,-1,2,"GAFF 1.81, from gaff-1.81.dat (AmberTools 24.8) X-c1-c3-X (ch as c1)"
cu-ch-c3-ha,0,-1,2,"GAFF 1.81, from gaff-1.81.dat (AmberTools 24.8) X-c1-c3-X (ch as c1)"
cu-ch-c3-cp,0,-1,2,"GAFF 1.81, from gaff-1.81.dat (AmberTools 24.8) X-c1-c3-X (ch as c1)"
cu-ch-c3-c1,0,-1,2,"GAFF 1.81, from gaff-1.81.dat (AmberTools 24.8) X-c1-c3-X (ch as c1)"
cu-ch-c3-cg,0,-1,2,"GAFF 1.81, from gaff-1.81.dat (AmberTools 24.8) X-c1-c3-X (ch as c1)"
cu-ch-c3-ch,0,-1,2,"GAFF 1.81, from gaff-1.81.dat (AmberTools 24.8) X-c1-c3-X (ch as c1)"
cu-ch-c3-ce,0,-1,2,"GAFF 1.81, from gaff-1.81.dat (AmberTools 24.8) X-c1-c3-X (ch as c1)"
cu-ch-c3-cu,0,-1,2,"GAFF 1.81, from gaff-1.81.dat (AmberTools 24.8) X-c1-c3-X (ch as c1)"
cu-ch-c3-c3,0,-1,2,"GAFF 1.81, from gaff-1.81.dat (AmberTools 24.8) X-c1-c3-X (ch as c1)"
cu-ch-c3-hc,0,-1,2,"GAFF 1.81, from gaff-1.81.dat (AmberTools 24.8) X-c1-c3-X (ch as c1)"
cu-ce-ca-ca,1.4,-1,2,"GAFF 1.81, from gaff-1.81.dat (AmberTools 24.8) X-c2-ca-X (ce as c2)"
cu-ce-ca-ha,1.4,-1,2,"GAFF 1.81, from gaff-1.81.dat (AmberTools 24.8) X-c2-ca-X (ce as c2)"
cu-ce-ca-cp,1.4,-1,2,"GAFF 1.81, from gaff-1.81.dat (AmberTools 24.8) X-c2-ca-X (ce as c2)"
cu-ce-ca-c1,1.4,-1,2,"GAFF 1.81, from gaff-1.81.dat (AmberTools 24.8) X-c2-ca-X (ce as c2)"
cu-ce-ca-cg,1.4,-1,2,"GAFF 1.81, from gaff-1.81.dat (AmberTools 24.8) X-c2-ca-X (ce as c2)"
cu-ce-ca-ch,1.4,-1,2,"GAFF 1.81, from gaff-1.81.dat (AmberTools 24.8) X-c2-ca-X (ce as c2)"
cu-ce-ca-ce,1.4,-1,2,"GAFF 1.81, from gaff-1.81.dat (AmberTools 24.8) X-c2-ca-X (ce as c2)"
cu-ce-ca-cu,1.4,-1,2,"GAFF 1.81, from gaff-1.81.dat (AmberTools 24.8) X-c2-ca-X (ce as c2)"
cu-ce-ca-c3,1.4,-1,2,"GAFF 1.81, from gaff-1.81.dat (AmberTools 24.8) X-c2-ca-X (ce as c2)"
cu-ce-ca-hc,1.4,-1,2,"GAFF 1.81, from gaff-1.81.dat (AmberTools 24.8) X-c2-ca-X (ce as c2)"
cu-ce-cp-ca,1.4,-1,2,"GAFF 1.81, from gaff-1.81.dat (AmberTools 24.8) X-c2-ca-X (ce as c2, cp as ca)"
cu-ce-cp-ha,1.4,-1,2,"GAFF 1.81, from gaff-1.81.dat (AmberTools 24.8) X-c2-ca-X (ce as c2, cp as ca)"
cu-ce-cp-cp,1.4,-1,2,"GAFF 1.81, from gaff-1.81.dat (AmberTools 24.8) X-c2-ca-X (ce as c2, cp as ca)"
cu-ce-cp-c1,1.4,-1,2,"GAFF 1.81, from gaff-1.81.dat (AmberTools 24.8) X-c2-ca-X (ce as c2, cp as ca)"
cu-ce-cp-cg,1.4,-1,2,"GAFF 1.81, from gaff-1.81.dat (AmberTools 24.8) X-c2-ca-X (ce as c2, cp as ca)"
cu-ce-cp-ch,1.4,-1,2,"GAFF 1.81, from gaff-1.81.dat (AmberTools 24.8) X-c2-ca-X (ce as c2, cp as ca)"
cu-ce-cp-ce,1.4,-1,2,"GAFF 1.81, from gaff-1.81.dat (AmberTools 24.8) X-c2-ca-X (ce as c2, cp as ca)"
cu-ce-cp-cu,1.4,-1,2,"GAFF 1.81, from gaff-1.81.dat (AmberTools 24.8) X-c2-ca-X (ce as c2, cp as ca)"
cu-ce-cp-c3,1.4,-1,2,"GAFF 1.81, from gaff-1.81.dat (AmberTools 24.8) X-c2-ca-X (ce as c2, cp as ca)"
cu-ce-cp-hc,1.4,-1,2,"GAFF 1.81, from gaff-1.81.dat (AmberTools 24.8) X-c2-ca-X (ce as c2, cp as ca)"
cu-ce-c1-ca,0,-1,2,"GAFF 1.81, from gaff-1.81.dat (AmberTools 24.8) X-c1-ce-X"
cu-ce-c1-ha,0,-1,2,"GAFF 1.81, from gaff-1.81.dat (AmberTools 24.8) X-c1-ce-X"
cu-ce-c1-cp,0,-1,2,"GAFF 1.81, from gaff-1.81.dat (AmberTools 24.8) X-c1-ce-X"
cu-ce-c1-c1,0,-1,2,"GAFF 1.81, from gaff-1.81.dat (AmberTools 24.8) X-c1-ce-X"
cu-ce-c1-cg,0,-1,2,"GAFF 1.81, from gaff-1.81.dat (AmberTools 24.8) X-c1-ce-X"
cu-ce-c1-ch,0,-1,2,"GAFF 1.81, from gaff-1.81.dat (AmberTools 24.8) X-c1-ce-X"
cu-ce-c1-ce,0,-1,2,"GAFF 1.81, from gaff-1.81.dat (AmberTools 24.8) X-c1-ce-X"
cu-ce-c1-cu,0,-1,2,"GAFF 1.81, from gaff-1.81.dat (AmberTools 24.8) X-c1-ce-X"
cu-ce-c1-c3,0,-1,2,"GAFF 1.81, from gaff-1.81.dat (AmberTools 24.8) X-c1-ce-X"
cu-ce-c1-hc,0,-1,2,"GAFF 1.81, from gaff-1.81.dat (AmberTools 24.8) X-c1-ce-X"
cu-ce-cg-ca,0,-1,2,"GAFF 1.81, from gaff-1.81.dat (AmberTools 24.8) X-c1-ce-X (cg as c1)"
cu-ce-cg-ha,0,-1,2,"GAFF 1.81, from gaff-1.81.dat (AmberTools 24.8) X-c1-ce-X (cg as c1)"
cu-ce-cg-cp,0,-1,2,"GAFF 1.81, from gaff-1.81.dat (AmberTools 24.8) X-c1-ce-X (cg as c1)"
cu-ce-cg-c1,0,-1,2,"GAFF 1.81, from gaff-1.81.dat (AmberTools 24.8) X-c1-ce-X (cg as c1)"
cu-ce-cg-cg,0,-1,2,"GAFF 1.81, from gaff-1.81.dat (AmberTools 24.8) X-c1-ce-X (cg as c1)"
cu-ce-cg-ch,0,-1,2,"GAFF 1.81, from gaff-1.81.dat (AmberTools 24.8) X-c1-ce-X (cg as c1)"
cu-ce-cg-ce,0,-1,2,"GAFF 1.81, from gaff-1.81.dat (AmberTools 24.8) X-c1-ce-X (cg as c1)"
cu-ce-cg-cu,0,-1,2,"GAFF 1.81, from gaff-1.81.dat (AmberTools 24.8) X-c1-ce-X (cg as c1)"
cu-ce-cg-c3,0,-1,2,"GAFF 1.81, from gaff-1.81.dat (AmberTools 24.8) X-c1-ce-X (cg as c1)"
cu-ce-cg-hc,0,-1,2,"GAFF 1.81, from gaff-1.81.dat (AmberTools 24.8) X-c1-ce-X (cg as c1)"
cu-ce-ch-ca,0,-1,2,"GAFF 1.81, from gaff-1.81.dat (AmberTools 24.8) X-c1-ce-X (ch as c1)"
cu-ce-ch-ha,0,-1,2,"GAFF 1.81, from gaff-1.81.dat (AmberTools 24.8) X-c1-ce-X (ch as c1)"
cu-ce-ch-cp,0,-1,2,"GAFF 1.81, from gaff-1.81.dat (AmberTools 24.8) X-c1-ce-X (ch as c1)"
cu-ce-ch-c1,0,-1,2,"GAFF 1.81, from gaff-1.81.dat (AmberTools 24.8) X-c1-ce-X (ch as c1)"
cu-ce-ch-cg,0,-1,2,"GAFF 1.81, from gaff-1.81.dat (AmberTools 24.8) X-c1-ce-X (ch as c1)"
cu-ce-ch-ch,0,-1,2,"GAFF 1.81, from gaff-1.81.dat (AmberTools 24.8) X-c1-ce-X (ch as c1)"
cu-ce-ch-ce,0,-1,2,"GAFF 1.81, from gaff-1.81.dat (AmberTools 24.8) X-c1-ce-X (ch as c1)"
cu-ce-ch-cu,0,-1,2,"GAFF 1.81, from gaff-1.81.dat (AmberTools 24.8) X-c1-ce-X (ch as c1)"
cu-ce-ch-c3,0,-1,2,"GAFF 1.81, from gaff-1.81.dat (AmberTools 24.8) X-c1-ce-X (ch as c1)"
cu-ce-ch-hc,0,-1,2,"GAFF 1.81, from gaff-1.81.dat (AmberTools 24.8) X-c1-ce-X (ch as c1)"
cu-ce-ce-ca,2,-1,2,"GAFF 1.81, from gaff-1.81.dat (AmberTools 24.8) X-ce-ce-X"
cu-ce-ce-ha,2,-1,2,"GAFF 1.81, from gaff-1.81.dat (AmberTools 24.8) X-ce-ce-X"
cu-ce-ce-cp,2,-1,2,"GAFF 1.81, from gaff-1.81.dat (AmberTools 24.8) X-ce-ce-X"
cu-ce-ce-c1,2,-1,2,"GAFF 1.81, from gaff-1.81.dat (AmberTools 24.8) X-ce-ce-X"
cu-ce-ce-cg,2,-1,2,"GAFF 1.81, from gaff-1.81.dat (AmberTools 24.8) X-ce-ce-X"
cu-ce-ce-ch,2,-1,2,"GAFF 1.81, from gaff-1.81.dat (AmberTools 24.8) X-ce-ce-X"
cu-ce-ce-ce,2,-1,2,"GAFF 1.81, from gaff-1.81.dat (AmberTools 24.8) X-ce-ce-X"
cu-ce-ce-cu,2,-1,2,"GAFF 1.81, from gaff-1.81.dat (AmberTools 24.8) X-ce-ce-X"
cu-ce-ce-c3,2,-1,2,"GAFF 1.81, from gaff-1.81.dat (AmberTools 24.8) X-ce-ce-X"
cu-ce-ce-hc,2,-1,2,"GAFF 1.81, from gaff-1.81.dat (AmberTools 24.8) X-ce-ce-X"
cu-ce-cu-ca,2,-1,2,"GAFF 1.81, from gaff-1.81.dat (AmberTools 24.8) X-cp-cp-X (stand-in: *-ce-cu-* as X-cp-cp-X)"
cu-ce-cu-ha,2,-1,2,"GAFF 1.81, from gaff-1.81.dat (AmberTools 24.8) X-cp-cp-X (stand-in: *-ce-cu-* as X-cp-cp-X)"
cu-ce-cu-cp,2,-1,2,"GAFF 1.81, from gaff-1.81.dat (AmberTools 24.8) X-cp-cp-X (stand-in: *-ce-cu-* as X-cp-cp-X)"
cu-ce-cu-c1,2,-1,2,"GAFF 1.81, from gaff-1.81.dat (AmberTools 24.8) X-cp-cp-X (stand-in: *-ce-cu-* as X-cp-cp-X)"
cu-ce-cu-cg,2,-1,2,"GAFF 1.81, from gaff-1.81.dat (AmberTools 24.8) X-cp-cp-X (stand-in: *-ce-cu-* as X-cp-cp-X)"
cu-ce-cu-ch,2,-1,2,"GAFF 1.81, from gaff-1.81.dat (AmberTools 24.8) X-cp-cp-X (stand-in: *-ce-cu-* as X-cp-cp-X)"
cu-ce-cu-ce,2,-1,2,"GAFF 1.81, from gaff-1.81.dat (AmberTools 24.8) X-cp-cp-X (stand-in: *-ce-cu-* as X-cp-cp-X)"
cu-ce-cu-cu,2,-1,2,"GAFF 1.81, from gaff-1.81.dat (AmberTools 24.8) X-cp-cp-X (stand-in: *-ce-cu-* as X-cp-cp-X)"
cu-ce-cu-c3,2,-1,2,"GAFF 1.81, from gaff-1.81.dat (AmberTools 24.8) X-cp-cp-X (stand-in: *-ce-cu-* as X-cp-cp-X)"
cu-ce-cu-hc,2,-1,2,"GAFF 1.81, from gaff-1.81.dat (AmberTools 24.8) X-cp-cp-X (stand-in: *-ce-cu-* as X-cp-cp-X)"
cu-ce-c3-ca,0,1,2,"GAFF 1.81, from gaff-1.81.dat (AmberTools 24.8) X-c2-c3-X (ce as c2)"
cu-ce-c3-ha,0,1,2,"GAFF 1.81, from gaff-1.81.dat (AmberTools 24.8) X-c2-c3-X (ce as c2)"
cu-ce-c3-cp,0,1,2,"GAFF 1.81, from gaff-1.81.dat (AmberTools 24.8) X-c2-c3-X (ce as c2)"
cu-ce-c3-c1,0,1,2,"GAFF 1.81, from gaff-1.81.dat (AmberTools 24.8) X-c2-c3-X (ce as c2)"
cu-ce-c3-cg,0,1,2,"GAFF 1.81, from gaff-1.81.dat (AmberTools 24.8) X-c2-c3-X (ce as c2)"
cu-ce-c3-ch,0,1,2,"GAFF 1.81, from gaff-1.81.dat (AmberTools 24.8) X-c2-c3-X (ce as c2)"
cu-ce-c3-ce,0,1,2,"GAFF 1.81, from gaff-1.81.dat (AmberTools 24.8) X-c2-c3-X (ce as c2)"
cu-ce-c3-cu,0,1,2,"GAFF 1.81, from gaff-1.81.dat (AmberTools 24.8) X-c2-c3-X (ce as c2)"
cu-ce-c3-c3,0,1,2,"GAFF 1.81, from gaff-1.81.dat (AmberTools 24.8) X-c2-c3-X (ce as c2)"
cu-ce-c3-hc,0,1,2,"GAFF 1.81, from gaff-1.81.dat (AmberTools 24.8) X-c2-c3-X (ce as c2)"
cu-cu-ca-ca,2,-1,2,"GAFF 1.81, from gaff-1.81.dat (AmberTools 24.8) X-cp-cp-X (stand-in: *-ca-cu-* as X-cp-cp-X)"
cu-cu-ca-ha,2,-1,2,"GAFF 1.81, from gaff-1.81.dat (AmberTools 24.8) X-cp-cp-X (stand-in: *-ca-cu-* as X-cp-cp-X)"
cu-cu-ca-cp,2,-1,2,"GAFF 1.81, from gaff-1.81.dat (AmberTools 24.8) X-cp-cp-X (stand-in: *-ca-cu-* as X-cp-cp-X)"
cu-cu-ca-c1,2,-1,2,"GAFF 1.81, from gaff-1.81.dat (AmberTools 24.8) X-cp-cp-X (stand-in: *-ca-cu-* as X-cp-cp-X)"
cu-cu-ca-cg,2,-1,2,"GAFF 1.81, from gaff-1.81.dat (AmberTools 24.8) X-cp-cp-X (stand-in: *-ca-cu-* as X-cp-cp-X)"
cu-cu-ca-ch,2,-1,2,"GAFF 1.81, from gaff-1.81.dat (AmberTools 24.8) X-cp-cp-X (stand-in: *-ca-cu-* as X-cp-cp-X)"
cu-cu-ca-ce,2,-1,2,"GAFF 1.81, from gaff-1.81.dat (AmberTools 24.8) X-cp-cp-X (stand-in: *-ca-cu-* as X-cp-cp-X)"
cu-cu-ca-cu,2,-1,2,"GAFF 1.81, from gaff-1.81.dat (AmberTools 24.8) X-cp-cp-X (stand-in: *-ca-cu-* as X-cp-cp-X)"
cu-cu-ca-c3,2,-1,2,"GAFF 1.81, from gaff-1.81.dat (AmberTools 24.8) X-cp-cp-X (stand-in: *-ca-cu-* as X-cp-cp-X)"
cu-cu-ca-hc,2,-1,2,"GAFF 1.81, from gaff-1.81.dat (AmberTools 24.8) X-cp-cp-X (stand-in: *-ca-cu-* as X-cp-cp-X)"
cu-cu-cp-ca,2,-1,2,"GAFF 1.81, from gaff-1.81.dat (AmberTools 24.8) X-cp-cp-X (stand-in: *-cp-cu-* as X-cp-cp-X)"
cu-cu-cp-ha,2,-1,2,"GAFF 1.81, from gaff-1.81.dat (AmberTools 24.8) X-cp-cp-X (stand-in: *-cp-cu-* as X-cp-cp-X)"
cu-cu-cp-cp,2,-1,2,"GAFF 1.81, from gaff-1.81.dat (AmberTools 24.8) X-cp-cp-X (stand-in: *-cp-cu-* as X-cp-cp-X)"
cu-cu-cp-c1,2,-1,2,"GAFF 1.81, from gaff-1.81.dat (AmberTools 24.8) X-cp-cp-X (stand-in: *-cp-cu-* as X-cp-cp-X)"
cu-cu-cp-cg,2,-1,2,"GAFF 1.81, from gaff-1.81.dat (AmberTools 24.8) X-cp-cp-X (stand-in: *-cp-cu-* as X-cp-cp-X)"
cu-cu-cp-ch,2,-1,2,"GAFF 1.81, from gaff-1.81.dat (AmberTools 24.8) X-cp-cp-X (stand-in: *-cp-cu-* as X-cp-cp-X)"
cu-cu-cp-ce,2,-1,2,"GAFF 1.81, from gaff-1.81.dat (AmberTools 24.8) X-cp-cp-X (stand-in: *-cp-cu-* as X-cp-cp-X)"
cu-cu-cp-cu,2,-1,2,"GAFF 1.81, from gaff-1.81.dat (AmberTools 24.8) X-cp-cp-X (stand-in: *-cp-cu-* as X-cp-cp-X)"
cu-cu-cp-c3,2,-1,2,"GAFF 1.81, from gaff-1.81.dat (AmberTools 24.8) X-cp-cp-X (stand-in: *-cp-cu-* as X-cp-cp-X)"
cu-cu-cp-hc,2,-1,2,"GAFF 1.81, from gaff-1.81.dat (AmberTools 24.8) X-cp-cp-X (stand-in: *-cp-cu-* as X-cp-cp-X)"
cu-cu-c1-ca,0,-1,2,"GAFF 1.81, from gaff-1.81.dat (AmberTools 24.8) X-c1-cu-X"
cu-cu-c1-ha,0,-1,2,"GAFF 1.81, from gaff-1.81.dat (AmberTools 24.8) X-c1-cu-X"
cu-cu-c1-cp,0,-1,2,"GAFF 1.81, from gaff-1.81.dat (AmberTools 24.8) X-c1-cu-X"
cu-cu-c1-c1,0,-1,2,"GAFF 1.81, from gaff-1.81.dat (AmberTools 24.8) X-c1-cu-X"
cu-cu-c1-cg,0,-1,2,"GAFF 1.81, from gaff-1.81.dat (AmberTools 24.8) X-c1-cu-X"
cu-cu-c1-ch,0,-1,2,"GAFF 1.81, from gaff-1.81.dat (AmberTools 24.8) X-c1-cu-X"
cu-cu-c1-ce,0,-1,2,"GAFF 1.81, from gaff-1.81.dat (AmberTools 24.8) X-c1-cu-X"
cu-cu-c1-cu,0,-1,2,"GAFF 1.81, from gaff-1.81.dat (AmberTools 24.8) X-c1-cu-X"
cu-cu-c1-c3,0,-1,2,"GAFF 1.81, from gaff-1.81.dat (AmberTools 24.8) X-c1-cu-X"
cu-cu-c1-hc,0,-1,2,"GAFF 1.81, from gaff-1.81.dat (AmberTools 24.8) X-c1-cu-X"
cu-cu-cg-ca,0,-1,2,"GAFF 1.81, from gaff-1.81.dat (AmberTools 24.8) X-c1-c1-X (stand-in: *-cg-cu-* as X-c1-c1-X)"
cu-cu-cg-ha,0,-1,2,"GAFF 1.81, from gaff-1.81.dat (AmberTools 24.8) X-c1-c1-X (stand-in: *-cg-cu-* as X-c1-c1-X)"
cu-cu-cg-cp,0,-1,2,"GAFF 1.81, from gaff-1.81.dat (AmberTools 24.8) X-c1-c1-X (stand-in: *-cg-cu-* as X-c1-c1-X)"
cu-cu-cg-c1,0,-1,2,"GAFF 1.81, from gaff-1.81.dat (AmberTools 24.8) X-c1-c1-X (stand-in: *-cg-cu-* as X-c1-c1-X)"
cu-cu-cg-cg,0,-1,2,"GAFF 1.81, from gaff-1.81.dat (AmberTools 24.8) X-c1-c1-X (stand-in: *-cg-cu-* as X-c1-c1-X)"
cu-cu-cg-ch,0,-1,2,"GAFF 1.81, from gaff-1.81.dat (AmberTools 24.8) X-c1-c1-X (stand-in: *-cg-cu-* as X-c1-c1-X)"
cu-cu-cg-ce,0,-1,2,"GAFF 1.81, from gaff-1.81.dat (AmberTools 24.8) X-c1-c1-X (stand-in: *-cg-cu-* as X-c1-c1-X)"
cu-cu-cg-cu,0,-1,2,"GAFF 1.81, from gaff-1.81.dat (AmberTools 24.8) X-c1-c1-X (stand-in: *-cg-cu-* as X-c1-c1-X)"
cu-cu-cg-c3,0,-1,2,"GAFF 1.81, from gaff-1.81.dat (AmberTools 24.8) X-c1-c1-X (stand-in: *-cg-cu-* as X-c1-c1-X)"
cu-cu-cg-hc,0,-1,2,"GAFF 1.81, from gaff-1.81.dat (AmberTools 24.8) X-c1-c1-X (stand-in: *-cg-cu-* as X-c1-c1-X)"
cu-cu-ch-ca,0,-1,2,"GAFF 1.81, from gaff-1.81.dat (AmberTools 24.8) X-c1-c1-X (stand-in: *-ch-cu-* as X-c1-c1-X)"
cu-cu-ch-ha,0,-1,2,"GAFF 1.81, from gaff-1.81.dat (AmberTools 24.8) X-c1-c1-X (stand-in: *-ch-cu-* as X-c1-c1-X)"
cu-cu-ch-cp,0,-1,2,"GAFF 1.81, from gaff-1.81.dat (AmberTools 24.8) X-c1-c1-X (stand-in: *-ch-cu-* as X-c1-c1-X)"
cu-cu-ch-c1,0,-1,2,"GAFF 1.81, from gaff-1.81.dat (AmberTools 24.8) X-c1-c1-X (stand-in: *-ch-cu-* as X-c1-c1-X)"
cu-cu-ch-cg,0,-1,2,"GAFF 1.81, from gaff-1.81.dat (AmberTools 24.8) X-c1-c1-X (stand-in: *-ch-cu-* as X-c1-c1-X)"
cu-cu-ch-ch,0,-1,2,"GAFF 1.81, from gaff-1.81.dat (AmberTools 24.8) X-c1-c1-X (stand-in: *-ch-cu-* as X-c1-c1-X)"
cu-cu-ch-ce,0,-1,2,"GAFF 1.81, from gaff-1.81.dat (AmberTools 24.8) X-c1-c1-X (stand-in: *-ch-cu-* as X-c1-c1-X)"
cu-cu-ch-cu,0,-1,2,"GAFF 1.81, from gaff-1.81.dat (AmberTools 24.8) X-c1-c1-X (stand-in: *-ch-cu-* as X-c1-c1-X)"
cu-cu-ch-c3,0,-1,2,"GAFF 1.81, from gaff-1.81.dat (AmberTools 24.8) X-c1-c1-X (stand-in: *-ch-cu-* as X-c1-c1-X)"
cu-cu-ch-hc,0,-1,2,"GAFF 1.81, from gaff-1.81.dat (AmberTools 24.8) X-c1-c1-X (stand-in: *-ch-cu-* as X-c1-c1-X)"
cu-cu-ce-ca,2,-1,2,"GAFF 1.81, from gaff-1.81.dat (AmberTools 24.8) X-cp-cp-X (stand-in: *-ce-cu-* as X-cp-cp-X)"
cu-cu-ce-ha,2,-1,2,"GAFF 1.81, from gaff-1.81.dat (AmberTools 24.8) X-cp-cp-X (stand-in: *-ce-cu-* as X-cp-cp-X)"
cu-cu-ce-cp,2,-1,2,"GAFF 1.81, from gaff-1.81.dat (AmberTools 24.8) X-cp-cp-X (stand-in: *-ce-cu-* as X-cp-cp-X)"
cu-cu-ce-c1,2,-1,2,"GAFF 1.81, from gaff-1.81.dat (AmberTools 24.8) X-cp-cp-X (stand-in: *-ce-cu-* as X-cp-cp-X)"
cu-cu-ce-cg,2,-1,2,"GAFF 1.81, from gaff-1.81.dat (AmberTools 24.8) X-cp-cp-X (stand-in: *-ce-cu-* as X-cp-cp-X)"
cu-cu-ce-ch,2,-1,2,"GAFF 1.81, from gaff-1.81.dat (AmberTools 24.8) X-cp-cp-X (stand-in: *-ce-cu-* as X-cp-cp-X)"
cu-cu-ce-ce,2,-1,2,"GAFF 1.81, from gaff-1.81.dat (AmberTools 24.8) X-cp-cp-X (stand-in: *-ce-cu-* as X-cp-cp-X)"
cu-cu-ce-cu,2,-1,2,"GAFF 1.81, from gaff-1.81.dat (AmberTools 24.8) X-cp-cp-X (stand-in: *-ce-cu-* as X-cp-cp-X)"
cu-cu-ce-c3,2,-1,2,"GAFF 1.81, from gaff-1.81.dat (AmberTools 24.8) X-cp-cp-X (stand-in: *-ce-cu-* as X-cp-cp-X)"
cu-cu-ce-hc,2,-1,2,"GAFF 1.81, from gaff-1.81.dat (AmberTools 24.8) X-cp-cp-X (stand-in: *-ce-cu-* as X-cp-cp-X)"
cu-cu-cu-ca,2,-1,2,"GAFF 1.81, from gaff-1.81.dat (AmberTools 24.8) X-ce-ce-X (cu as ce)"
cu-cu-cu-ha,2,-1,2,"GAFF 1.81, from gaff-1.81.dat (AmberTools 24.8) X-ce-ce-X (cu as ce)"
cu-cu-cu-cp,2,-1,2,"GAFF 1.81, from gaff-1.81.dat (AmberTools 24.8) X-ce-ce-X (cu as ce)"
cu-cu-cu-c1,2,-1,2,"GAFF 1.81, from gaff-1.81.dat (AmberTools 24.8) X-ce-ce-X (cu as ce)"
cu-cu-cu-cg,2,-1,2,"GAFF 1.81, from gaff-1.81.dat (AmberTools 24.8) X-ce-ce-X (cu as ce)"
cu-cu-cu-ch,2,-1,2,"GAFF 1.81, from gaff-1.81.dat (AmberTools 24.8) X-ce-ce-X (cu as ce)"
cu-cu-cu-ce,2,-1,2,"GAFF 1.81, from gaff-1.81.dat (AmberTools 24.8) X-ce-ce-X (cu as ce)"
cu-cu-cu-cu,2,-1,2,"GAFF 1.81, from gaff-1.81.dat (AmberTools 24.8) X-ce-ce-X (cu as ce)"
cu-cu-cu-c3,2,-1,2,"GAFF 1.81, from gaff-1.81.dat (AmberTools 24.8) X-ce-ce-X (cu as ce)"
cu-cu-cu-hc,2,-1,2,"GAFF 1.81, from gaff-1.81.dat (AmberTools 24.8) X-ce-ce-X (cu as ce)"
cu-cu-c3-ca,0,1,2,"GAFF 1.81, from gaff-1.81.dat (AmberTools 24.8) X-c2-c3-X (stand-in: *-c3-cu-* as X-c2-c3-X)"
cu-cu-c3-ha,0,1,2,"GAFF 1.81, from gaff-1.81.dat (AmberTools 24.8) X-c2-c3-X (stand-in: *-c3-cu-* as X-c2-c3-X)"
cu-cu-c3-cp,0,1,2,"GAFF 1.81, from gaff-1.81.dat (AmberTools 24.8) X-c2-c3-X (stand-in: *-c3-cu-* as X-c2-c3-X)"
cu-cu-c3-c1,0,1,2,"GAFF 1.81, from gaff-1.81.dat (AmberTools 24.8) X-c2-c3-X (stand-in: *-c3-cu-* as X-c2-c3-X)"
cu-cu-c3-cg,0,1,2,"GAFF 1.81, from gaff-1.81.dat (AmberTools 24.8) X-c2-c3-X (stand-in: *-c3-cu-* as X-c2-c3-X)"
cu-cu-c3-ch,0,1,2,"GAFF 1.81, from gaff-1.81.dat (AmberTools 24.8) X-c2-c3-X (stand-in: *-c3-cu-* as X-c2-c3-X)"
cu-cu-c3-ce,0,1,2,"GAFF 1.81, from gaff-1.81.dat (AmberTools 24.8) X-c2-c3-X (stand-in: *-c3-cu-* as X-c2-c3-X)"
cu-cu-c3-cu,0,1,2,"GAFF 1.81, from gaff-1.81.dat (AmberTools 24.8) X-c2-c3-X (stand-in: *-c3-cu-* as X-c2-c3-X)"
cu-cu-c3-c3,0,1,2,"GAFF 1.81, from gaff-1.81.dat (AmberTools 24.8) X-c2-c3-X (stand-in: *-c3-cu-* as X-c2-c3-X)"
cu-cu-c3-hc,0,1,2,"GAFF 1.81, from gaff-1.81.dat (AmberTools 24.8) X-c2-c3-X (stand-in: *-c3-cu-* as X-c2-c3-X)"
cu-c3-ca-ca,0,1,2,"GAFF 1.81, from gaff-1.81.dat (AmberTools 24.8) X-c3-ca-X"
cu-c3-ca-ha,0,1,2,"GAFF 1.81, from gaff-1.81.dat (AmberTools 24.8) X-c3-ca-X"
cu-c3-ca-cp,0,1,2,"GAFF 1.81, from gaff-1.81.dat (AmberTools 24.8) X-c3-ca-X"
cu-c3-ca-c1,0,1,2,"GAFF 1.81, from gaff-1.81.dat (AmberTools 24.8) X-c3-ca-X"
cu-c3-ca-cg,0,1,2,"GAFF 1.81, from gaff-1.81.dat (AmberTools 24.8) X-c3-ca-X"
cu-c3-ca-ch,0,1,2,"GAFF 1.81, from gaff-1.81.dat (AmberTools 24.8) X-c3-ca-X"
cu-c3-ca-ce,0,1,2,"GAFF 1.81, from gaff-1.81.dat (AmberTools 24.8) X-c3-ca-X"
cu-c3-ca-cu,0,1,2,"GAFF 1.81, from gaff-1.81.dat (AmberTools 24.8) X-c3-ca-X"
cu-c3-ca-c3,0,1,2,"GAFF 1.81, from gaff-1.81.dat (AmberTools 24.8) X-c3-ca-X"
cu-c3-ca-hc,0,1,2,"GAFF 1.81, from gaff-1.81.dat (AmberTools 24.8) X-c3-ca-X"
cu-c3-cp-ca,0,1,2,"GAFF 1.81, from gaff-1.81.dat (AmberTools 24.8) X-c3-ca-X (cp as ca)"
cu-c3-cp-ha,0,1,2,"GAFF 1.81, from gaff-1.81.dat (AmberTools 24.8) X-c3-ca-X (cp as ca)"
cu-c3-cp-cp,0,1,2,"GAFF 1.81, from gaff-1.81.dat (AmberTools 24.8) X-c3-ca-X (cp as ca)"
cu-c3-cp-c1,0,1,2,"GAFF 1.81, from gaff-1.81.dat (AmberTools 24.8) X-c3-ca-X (cp as ca)"
cu-c3-cp-cg,0,1,2,"GAFF 1.81, from gaff-1.81.dat (AmberTools 24.8) X-c3-ca-X (cp as ca)"
cu-c3-cp-ch,0,1,2,"GAFF 1.81, from gaff-1.81.dat (AmberTools 24.8) X-c3-ca-X (cp as ca)"
cu-c3-cp-ce,0,1,2,"GAFF 1.81, from gaff-1.81.dat (AmberTools 24.8) X-c3-ca-X (cp as ca)"
cu-c3-cp-cu,0,1,2,"GAFF 1.81, from gaff-1.81.dat (AmberTools 24.8) X-c3-ca-X (cp as ca)"
cu-c3-cp-c3,0,1,2,"GAFF 1.81, from gaff-1.81.dat (AmberTools 24.8) X-c3-ca-X (cp as ca)"
cu-c3-cp-hc,0,1,2,"GAFF 1.81, from gaff-1.81.dat (AmberTools 24.8) X-c3-ca-X (cp as ca)"
cu-c3-c1-ca,0,-1,2,"GAFF 1.81, from gaff-1.81.dat (AmberTools 24.8) X-c1-c3-X"
cu-c3-c1-ha,0,-1,2,"GAFF 1.81, from gaff-1.81.dat (AmberTools 24.8) X-c1-c3-X"
cu-c3-c1-cp,0,-1,2,"GAFF 1.81, from gaff-1.81.dat (AmberTools 24.8) X-c1-c3-X"
cu-c3-c1-c1,0,-1,2,"GAFF 1.81, from gaff-1.81.dat (AmberTools 24.8) X-c1-c3-X"
cu-c3-c1-cg,0,-1,2,"GAFF 1.81, from gaff-1.81.dat (AmberTools 24.8) X-c1-c3-X"
cu-c3-c1-ch,0,-1,2,"GAFF 1.81, from gaff-1.81.dat (AmberTools 24.8) X-c1-c3-X"
cu-c3-c1-ce,0,-1,2,"GAFF 1.81, from gaff-1.81.dat (AmberTools 24.8) X-c1-c3-X"
cu-c3-c1-cu,0,-1,2,"GAFF 1.81, from gaff-1.81.dat (AmberTools 24.8) X-c1-c3-X"
cu-c3-c1-c3,0,-1,2,"GAFF 1.81, from gaff-1.81.dat (AmberTools 24.8) X-c1-c3-X"
cu-c3-c1-hc,0,-1,2,"GAFF 1.81, from gaff-1.81.dat (AmberTools 24.8) X-c1-c3-X"
cu-c3-cg-ca,0,-1,2,"GAFF 1.81, from gaff-1.81.dat (AmberTools 24.8) X-c1-c3-X (cg as c1)"
cu-c3-cg-ha,0,-1,2,"GAFF 1.81, from gaff-1.81.dat (AmberTools 24.8) X-c1-c3-X (cg as c1)"
cu-c3-cg-cp,0,-1,2,"GAFF 1.81, from gaff-1.81.dat (AmberTools 24.8) X-c1-c3-X (cg as c1)"
cu-c3-cg-c1,0,-1,2,"GAFF 1.81, from gaff-1.81.dat (AmberTools 24.8) X-c1-c3-X (cg as c1)"
cu-c3-cg-cg,0,-1,2,"GAFF 1.81, from gaff-1.81.dat (AmberTools 24.8) X-c1-c3-X (cg as c1)"
cu-c3-cg-ch,0,-1,2,"GAFF 1.81, from gaff-1.81.dat (AmberTools 24.8) X-c1-c3-X (cg as c1)"
cu-c3-cg-ce,0,-1,2,"GAFF 1.81, from gaff-1.81.dat (AmberTools 24.8) X-c1-c3-X (cg as c1)"
cu-c3-cg-cu,0,-1,2,"GAFF 1.81, from gaff-1.81.dat (AmberTools 24.8) X-c1-c3-X (cg as c1)"
cu-c3-cg-c3,0,-1,2,"GAFF 1.81, from gaff-1.81.dat (AmberTools 24.8) X-c1-c3-X (cg as c1)"
cu-c3-cg-hc,0,-1,2,"GAFF 1.81, from gaff-1.81.dat (AmberTools 24.8) X-c1-c3-X (cg as c1)"
cu-c3-ch-ca,0,-1,2,"GAFF 1.81, from gaff-1.81.dat (AmberTools 24.8) X-c1-c3-X (ch as c1)"
cu-c3-ch-ha,0,-1,2,"GAFF 1.81, from gaff-1.81.dat (AmberTools 24.8) X-c1-c3-X (ch as c1)"
cu-c3-ch-cp,0,-1,2,"GAFF 1.81, from gaff-1.81.dat (AmberTools 24.8) X-c1-c3-X (ch as c1)"
cu-c3-ch-c1,0,-1,2,"GAFF 1.81, from gaff-1.81.dat (AmberTools 24.8) X-c1-c3-X (ch as c1)"
cu-c3-ch-cg,0,-1,2,"GAFF 1.81, from gaff-1.81.dat (AmberTools 24.8) X-c1-c3-X (ch as c1)"
cu-c3-ch-ch,0,-1,2,"GAFF 1.81, from gaff-1.81.dat (AmberTools 24.8) X-c1-c3-X (ch as c1)"
cu-c3-ch-ce,0,-1,2,"GAFF 1.81, from gaff-1.81.dat (AmberTools 24.8) X-c1-c3-X (ch as c1)"
cu-c3-ch-cu,0,-1,2,"GAFF 1.81, from gaff-1.81.dat (AmberTools 24.8) X-c1-c3-X (ch as c1)"
cu-c3-ch-c3,0,-1,2,"GAFF 1.81, from gaff-1.81.dat (AmberTools 24.8) X-c1-c3-X (ch as c1)"
cu-c3-ch-hc,0,-1,2,"GAFF 1.81, from gaff-1.81.dat (AmberTools 24.8) X-c1-c3-X (ch as c1)"
cu-c3-ce-ca,0,1,2,"GAFF 1.81, from gaff-1.81.dat (AmberTools 24.8) X-c2-c3-X (ce as c2)"
cu-c3-ce-ha,0,1,2,"GAFF 1.81, from gaff-1.81.dat (AmberTools 24.8) X-c2-c3-X (ce as c2)"
cu-c3-ce-cp,0,1,2,"GAFF 1.81, from gaff-1.81.dat (AmberTools 24.8) X-c2-c3-X (ce as c2)"
cu-c3-ce-c1,0,1,2,"GAFF 1.81, from gaff-1.81.dat (AmberTools 24.8) X-c2-c3-X (ce as c2)"
cu-c3-ce-cg,0,1,2,"GAFF 1.81, from gaff-1.81.dat (AmberTools 24.8) X-c2-c3-X (ce as c2)"
cu-c3-ce-ch,0,1,2,"GAFF 1.81, from gaff-1.81.dat (AmberTools 24.8) X-c2-c3-X (ce as c2)"
cu-c3-ce-ce,0,1,2,"GAFF 1.81, from gaff-1.81.dat (AmberTools 24.8) X-c2-c3-X (ce as c2)"
cu-c3-ce-cu,0,1,2,"GAFF 1.81, from gaff-1.81.dat (AmberTools 24.8) X-c2-c3-X (ce as c2)"
cu-c3-ce-c3,0,1,2,"GAFF 1.81, from gaff-1.81.dat (AmberTools 24.8) X-c2-c3-X (ce as c2)"
cu-c3-ce-hc,0,1,2,"GAFF 1.81, from gaff-1.81.dat (AmberTools 24.8) X-c2-c3-X (ce as c2)"
cu-c3-cu-ca,0,1,2,"GAFF 1.81, from gaff-1.81.dat (AmberTools 24.8) X-c2-c3-X (stand-in: *-c3-cu-* as X-c2-c3-X)"
cu-c3-cu-ha,0,1,2,"GAFF 1.81, from gaff-1.81.dat (AmberTools 24.8) X-c2-c3-X (stand-in: *-c3-cu-* as X-c2-c3-X)"
cu-c3-cu-cp,0,1,2,"GAFF 1.81, from gaff-1.81.dat (AmberTools 24.8) X-c2-c3-X (stand-in: *-c3-cu-* as X-c2-c3-X)"
cu-c3-cu-c1,0,1,2,"GAFF 1.81, from gaff-1.81.dat (AmberTools 24.8) X-c2-c3-X (stand-in: *-c3-cu-* as X-c2-c3-X)"
cu-c3-cu-cg,0,1,2,"GAFF 1.81, from gaff-1.81.dat (AmberTools 24.8) X-c2-c3-X (stand-in: *-c3-cu-* as X-c2-c3-X)"
cu-c3-cu-ch,0,1,2,"GAFF 1.81, from gaff-1.81.dat (AmberTools 24.8) X-c2-c3-X (stand-in: *-c3-cu-* as X-c2-c3-X)"
cu-c3-cu-ce,0,1,2,"GAFF 1.81, from gaff-1.81.dat (AmberTools 24.8) X-c2-c3-X (stand-in: *-c3-cu-* as X-c2-c3-X)"
cu-c3-cu-cu,0,1,2,"GAFF 1.81, from gaff-1.81.dat (AmberTools 24.8) X-c2-c3-X (stand-in: *-c3-cu-* as X-c2-c3-X)"
cu-c3-cu-c3,0,1,2,"GAFF 1.81, from gaff-1.81.dat (AmberTools 24.8) X-c2-c3-X (stand-in: *-c3-cu-* as X-c2-c3-X)"
cu-c3-cu-hc,0,1,2,"GAFF 1.81, from gaff-1.81.dat (AmberTools 24.8) X-c2-c3-X (stand-in: *-c3-cu-* as X-c2-c3-X)"
cu-c3-c3-ca,0.311111,1,3,"GAFF 1.81, from gaff-1.81.dat (AmberTools 24.8) X-c3-c3-X"
cu-c3-c3-ha,0.311111,1,3,"GAFF 1.81, from gaff-1.81.dat (AmberTools 24.8) X-c3-c3-X"
cu-c3-c3-cp,0.311111,1,3,"GAFF 1.81, from gaff-1.81.dat (AmberTools 24.8) X-c3-c3-X"
cu-c3-c3-c1,0.311111,1,3,"GAFF 1.81, from gaff-1.81.dat (AmberTools 24.8) X-c3-c3-X"
cu-c3-c3-cg,0.311111,1,3,"GAFF 1.81, from gaff-1.81.dat (AmberTools 24.8) X-c3-c3-X"
cu-c3-c3-ch,0.311111,1,3,"GAFF 1.81, from gaff-1.81.dat (AmberTools 24.8) X-c3-c3-X"
cu-c3-c3-ce,0.311111,1,3,"GAFF 1.81, from gaff-1.81.dat (AmberTools 24.8) X-c3-c3-X"
cu-c3-c3-cu,0.311111,1,3,"GAFF 1.81, from gaff-1.81.dat (AmberTools 24.8) X-c3-c3-X"
cu-c3-c3-c3,0.311111,1,3,"GAFF 1.81, from gaff-1.81.dat (AmberTools 24.8) X-c3-c3-X"
cu-c3-c3-hc,0.311111,1,3,"GAFF 1.81, from gaff-1.81.dat (AmberTools 24.8) X-c3-c3-X"
c3-ca-ca-ca,7.25,-1,2,"GAFF 1.81, from gaff-1.81.dat (AmberTools 24.8) X-ca-ca-X"
c3-ca-ca-ha,7.25,-1,2,"GAFF 1.81, from gaff-1.81.dat (AmberTools 24.8) X-ca-ca-X"
c3-ca-ca-cp,7.25,-1,2,"GAFF 1.81, from gaff-1.81.dat (AmberTools 24.8) X-ca-ca-X"
c3-ca-ca-c1,7.25,-1,2,"GAFF 1.81, from gaff-1.81.dat (AmberTools 24.8) X-ca-ca-X"
c3-ca-ca-cg,7.25,-1,2,"GAFF 1.81, from gaff-1.81.dat (AmberTools 24.8) X-ca-ca-X"
c3-ca-ca-ch,7.25,-1,2,"GAFF 1.81, from gaff-1.81.dat (AmberTools 24.8) X-ca-ca-X"
c3-ca-ca-ce,7.25,-1,2,"GAFF 1.81, from gaff-1.81.dat (AmberTools 24.8) X-ca-ca-X"
c3-ca-ca-cu,7.25,-1,2,"GAFF 1.81, from gaff-1.81.dat (AmberTools 24.8) X-ca-ca-X"
c3-ca-ca-c3,7.25,-1,2,"GAFF 1.81, from gaff-1.81.dat (AmberTools 24.8) X-ca-ca-X"
c3-ca-ca-hc,7.25,-1,2,"GAFF 1.81, from gaff-1.81.dat (AmberTools 24.8) X-ca-ca-X"
c3-ca-cp-ca,7.25,-1,2,"GAFF 1.81, from gaff-1.81.dat (AmberTools 24.8) X-ca-cp-X"
c3-ca-cp-ha,7.25,-1,2,"GAFF 1.81, from gaff-1.81.dat (AmberTools 24.8) X-ca-cp-X"
c3-ca-cp-cp,7.25,-1,2,"GAFF 1.81, from gaff-1.81.dat (AmberTools 24.8) X-ca-cp-X"
c3-ca-cp-c1,7.25,-1,2,"GAFF 1.81, from gaff-1.81.dat (AmberTools 24.8) X-ca-cp-X"
c3-ca-cp-cg,7.25,-1,2,"GAFF 1.81, from gaff-1.81.dat (AmberTools 24.8) X-ca-cp-X"
c3-ca-cp-ch,7.25,-1,2,"GAFF 1.81, from gaff-1.81.dat (AmberTools 24.8) X-ca-cp-X"
c3-ca-cp-ce,7.25,-1,2,"GAFF 1.81, from gaff-1.81.dat (AmberTools 24.8) X-ca-cp-X"
c3-ca-cp-cu,7.25,-1,2,"GAFF 1.81, from gaff-1.81.dat (AmberTools 24.8) X-ca-cp-X"
c3-ca-cp-c3,7.25,-1,2,"GAFF 1.81, from gaff-1.81.dat (AmberTools 24.8) X-ca-cp-X"
c3-ca-cp-hc,7.25,-1,2,"GAFF 1.81, from gaff-1.81.dat (AmberTools 24.8) X-ca-cp-X"
c3-ca-c1-ca,0,-1,2,"GAFF 1.81, from gaff-1.81.dat (AmberTools 24.8) X-c1-ca-X"
c3-ca-c1-ha,0,-1,2,"GAFF 1.81, from gaff-1.81.dat (AmberTools 24.8) X-c1-ca-X"
c3-ca-c1-cp,0,-1,2,"GAFF 1.81, from gaff-1.81.dat (AmberTools 24.8) X-c1-ca-X"
c3-ca-c1-c1,0,-1,2,"GAFF 1.81, from gaff-1.81.dat (AmberTools 24.8) X-c1-ca-X"
c3-ca-c1-cg,0,-1,2,"GAFF 1.81, from gaff-1.81.dat (AmberTools 24.8) X-c1-ca-X"
c3-ca-c1-ch,0,-1,2,"GAFF 1.81, from gaff-1.81.dat (AmberTools 24.8) X-c1-ca-X"
c3-ca-c1-ce,0,-1,2,"GAFF 1.81, from gaff-1.81.dat (AmberTools 24.8) X-c1-ca-X"
c3-ca-c1-cu,0,-1,2,"GAFF 1.81, from gaff-1.81.dat (AmberTools 24.8) X-c1-ca-X"
c3-ca-c1-c3,0,-1,2,"GAFF 1.81, from gaff-1.81.dat (AmberTools 24.8) X-c1-ca-X"
c3-ca-c1-hc,0,-1,2,"GAFF 1.81, from gaff-1.81.dat (AmberTools 24.8) X-c1-ca-X"
c3-ca-cg-ca,0,-1,2,"GAFF 1.81, from gaff-1.81.dat (AmberTools 24.8) X-c1-ca-X (cg as c1)"
c3-ca-cg-ha,0,-1,2,"GAFF 1.81, from gaff-1.81.dat (AmberTools 24.8) X-c1-ca-X (cg as c1)"
c3-ca-cg-cp,0,-1,2,"GAFF 1.81, from gaff-1.81.dat (AmberTools 24.8) X-c1-ca-X (cg as c1)"
c3-ca-cg-c1,0,-1,2,"GAFF 1.81, from gaff-1.81.dat (AmberTools 24.8) X-c1-ca-X (cg as c1)"
c3-ca-cg-cg,0,-1,2,"GAFF 1.81, from gaff-1.81.dat (AmberTools 24.8) X-c1-ca-X (cg as c1)"
c3-ca-cg-ch,0,-1,2,"GAFF 1.81, from gaff-1.81.dat (AmberTools 24.8) X-c1-ca-X (cg as c1)"
c3-ca-cg-ce,0,-1,2,"GAFF 1.81, from gaff-1.81.dat (AmberTools 24.8) X-c1-ca-X (cg as c1)"
c3-ca-cg-cu,0,-1,2,"GAFF 1.81, from gaff-1.81.dat (AmberTools 24.8) X-c1-ca-X (cg as c1)"
c3-ca-cg-c3,0,-1,2,"GAFF 1.81, from gaff-1.81.dat (AmberTools 24.8) X-c1-ca-X (cg as c1)"
c3-ca-cg-hc,0,-1,2,"GAFF 1.81, from gaff-1.81.dat (AmberTools 24.8) X-c1-ca-X (cg as c1)"
c3-ca-ch-ca,0,-1,2,"GAFF 1.81, from gaff-1.81.dat (AmberTools 24.8) X-c1-ca-X (ch as c1)"
c3-ca-ch-ha,0,-1,2,"GAFF 1.81, from gaff-1.81.dat (AmberTools 24.8) X-c1-ca-X (ch as c1)"
c3-ca-ch-cp,0,-1,2,"GAFF 1.81, from gaff-1.81.dat (AmberTools 24.8) X-c1-ca-X (ch as c1)"
c3-ca-ch-c1,0,-1,2,"GAFF 1.81, from gaff-1.81.dat (AmberTools 24.8) X-c1-ca-X (ch as c1)"
c3-ca-ch-cg,0,-1,2,"GAFF 1.81, from gaff-1.81.dat (AmberTools 24.8) X-c1-ca-X (ch as c1)"
c3-ca-ch-ch,0,-1,2,"GAFF 1.81, from gaff-1.81.dat (AmberTools 24.8) X-c1-ca-X (ch as c1)"
c3-ca-ch-ce,0,-1,2,"GAFF 1.81, from gaff-1.81.dat (AmberTools 24.8) X-c1-ca-X (ch as c1)"
c3-ca-ch-cu,0,-1,2,"GAFF 1.81, from gaff-1.81.dat (AmberTools 24.8) X-c1-ca-X (ch as c1)"
c3-ca-ch-c3,0,-1,2,"GAFF 1.81, from gaff-1.81.dat (AmberTools 24.8) X-c1-ca-X (ch as c1)"
c3-ca-ch-hc,0,-1,2,"GAFF 1.81, from gaff-1.81.dat (AmberTools 24.8) X-c1-ca-X (ch as c1)"
c3-ca-ce-ca,1.4,-1,2,"GAFF 1.81, from gaff-1.81.dat (AmberTools 24.8) X-c2-ca-X (ce as c2)"
c3-ca-ce-ha,1.4,-1,2,"GAFF 1.81, from gaff-1.81.dat (AmberTools 24.8) X-c2-ca-X (ce as c2)"
c3-ca-ce-cp,1.4,-1,2,"GAFF 1.81, from gaff-1.81.dat (AmberTools 24.8) X-c2-ca-X (ce as c2)"
c3-ca-ce-c1,1.4,-1,2,"GAFF 1.81, from gaff-1.81.dat (AmberTools 24.8) X-c2-ca-X (ce as c2)"
c3-ca-ce-cg,1.4,-1,2,"GAFF 1.81, from gaff-1.81.dat (AmberTools 24.8) X-c2-ca-X (ce as c2)"
c3-ca-ce-ch,1.4,-1,2,"GAFF 1.81, from gaff-1.81.dat (AmberTools 24.8) X-c2-ca-X (ce as c2)"
c3-ca-ce-ce,1.4,-1,2,"GAFF 1.81, from gaff-1.81.dat (AmberTools 24.8) X-c2-ca-X (ce as c2)"
c3-ca-ce-cu,1.4,-1,2,"GAFF 1.81, from gaff-1.81.dat (AmberTools 24.8) X-c2-ca-X (ce as c2)"
c3-ca-ce-c3,1.4,-1,2,"GAFF 1.81, from gaff-1.81.dat (AmberTools 24.8) X-c2-ca-X (ce as c2)"
c3-ca-ce-hc,1.4,-1,2,"GAFF 1.81, from gaff-1.81.dat (AmberTools 24.8) X-c2-ca-X (ce as c2)"
c3-ca-cu-ca,2,-1,2,"GAFF 1.81, from gaff-1.81.dat (AmberTools 24.8) X-cp-cp-X (stand-in: *-ca-cu-* as X-cp-cp-X)"
c3-ca-cu-ha,2,-1,2,"GAFF 1.81, from gaff-1.81.dat (AmberTools 24.8) X-cp-cp-X (stand-in: *-ca-cu-* as X-cp-cp-X)"
c3-ca-cu-cp,2,-1,2,"GAFF 1.81, from gaff-1.81.dat (AmberTools 24.8) X-cp-cp-X (stand-in: *-ca-cu-* as X-cp-cp-X)"
c3-ca-cu-c1,2,-1,2,"GAFF 1.81, from gaff-1.81.dat (AmberTools 24.8) X-cp-cp-X (stand-in: *-ca-cu-* as X-cp-cp-X)"
c3-ca-cu-cg,2,-1,2,"GAFF 1.81, from gaff-1.81.dat (AmberTools 24.8) X-cp-cp-X (stand-in: *-ca-cu-* as X-cp-cp-X)"
c3-ca-cu-ch,2,-1,2,"GAFF 1.81, from gaff-1.81.dat (AmberTools 24.8) X-cp-cp-X (stand-in: *-ca-cu-* as X-cp-cp-X)"
c3-ca-cu-ce,2,-1,2,"GAFF 1.81, from gaff-1.81.dat (AmberTools 24.8) X-cp-cp-X (stand-in: *-ca-cu-* as X-cp-cp-X)"
c3-ca-cu-cu,2,-1,2,"GAFF 1.81, from gaff-1.81.dat (AmberTools 24.8) X-cp-cp-X (stand-in: *-ca-cu-* as X-cp-cp-X)"
c3-ca-cu-c3,2,-1,2,"GAFF 1.81, from gaff-1.81.dat (AmberTools 24.8) X-cp-cp-X (stand-in: *-ca-cu-* as X-cp-cp-X)"
c3-ca-cu-hc,2,-1,2,"GAFF 1.81, from gaff-1.81.dat (AmberTools 24.8) X-cp-cp-X (stand-in: *-ca-cu-* as X-cp-cp-X)"
c3-ca-c3-ca,0,1,2,"GAFF 1.81, from gaff-1.81.dat (AmberTools 24.8) X-c3-ca-X"
c3-ca-c3-ha,0,1,2,"GAFF 1.81, from gaff-1.81.dat (AmberTools 24.8) X-c3-ca-X"
c3-ca-c3-cp,0,1,2,"GAFF 1.81, from gaff-1.81.dat (AmberTools 24.8) X-c3-ca-X"
c3-ca-c3-c1,0,1,2,"GAFF 1.81, from gaff-1.81.dat (AmberTools 24.8) X-c3-ca-X"
c3-ca-c3-cg,0,1,2,"GAFF 1.81, from gaff-1.81.dat (AmberTools 24.8) X-c3-ca-X"
c3-ca-c3-ch,0,1,2,"GAFF 1.81, from gaff-1.81.dat (AmberTools 24.8) X-c3-ca-X"
c3-ca-c3-ce,0,1,2,"GAFF 1.81, from gaff-1.81.dat (AmberTools 24.8) X-c3-ca-X"
c3-ca-c3-cu,0,1,2,"GAFF 1.81, from gaff-1.81.dat (AmberTools 24.8) X-c3-ca-X"
c3-ca-c3-c3,0,1,2,"GAFF 1.81, from gaff-1.81.dat (AmberTools 24.8) X-c3-ca-X"
c3-ca-c3-hc,0,1,2,"GAFF 1.81, from gaff-1.81.dat (AmberTools 24.8) X-c3-ca-X"
c3-cp-ca-ca,7.25,-1,2,"GAFF 1.81, from gaff-1.81.dat (AmberTools 24.8) X-ca-cp-X"
c3-cp-ca-ha,7.25,-1,2,"GAFF 1.81, from gaff-1.81.dat (AmberTools 24.8) X-ca-cp-X"
c3-cp-ca-cp,7.25,-1,2,"GAFF 1.81, from gaff-1.81.dat (AmberTools 24.8) X-ca-cp-X"
c3-cp-ca-c1,7.25,-1,2,"GAFF 1.81, from gaff-1.81.dat (AmberTools 24.8) X-ca-cp-X"
c3-cp-ca-cg,7.25,-1,2,"GAFF 1.81, from gaff-1.81.dat (AmberTools 24.8) X-ca-cp-X"
c3-cp-ca-ch,7.25,-1,2,"GAFF 1.81, from gaff-1.81.dat (AmberTools 24.8) X-ca-cp-X"
c3-cp-ca-ce,7.25,-1,2,"GAFF 1.81, from gaff-1.81.dat (AmberTools 24.8) X-ca-cp-X"
c3-cp-ca-cu,7.25,-1,2,"GAFF 1.81, from gaff-1.81.dat (AmberTools 24.8) X-ca-cp-X"
c3-cp-ca-c3,7.25,-1,2,"GAFF 1.81, from gaff-1.81.dat (AmberTools 24.8) X-ca-cp-X"
c3-cp-ca-hc,7.25,-1,2,"GAFF 1.81, from gaff-1.81.dat (AmberTools 24.8) X-ca-cp-X"
c3-cp-cp-ca,2,-1,2,"GAFF 1.81, from gaff-1.81.dat (AmberTools 24.8) X-cp-cp-X"
c3-cp-cp-ha,2,-1,2,"GAFF 1.81, from gaff-1.81.dat (AmberTools 24.8) X-cp-cp-X"
c3-cp-cp-cp,2,-1,2,"GAFF 1.81, from gaff-1.81.dat (AmberTools 24.8) X-cp-cp-X"
c3-cp-cp-c1,2,-1,2,"GAFF 1.81, from gaff-1.81.dat (AmberTools 24.8) X-cp-cp-X"
c3-cp-cp-cg,2,-1,2,"GAFF 1.81, from gaff-1.81.dat (AmberTools 24.8) X-cp-cp-X"
c3-cp-cp-ch,2,-1,2,"GAFF 1.81, from gaff-1.81.dat (AmberTools 24.8) X-cp-cp-X"
c3-cp-cp-ce,2,-1,2,"GAFF 1.81, from gaff-1.81.dat (AmberTools 24.8) X-cp-cp-X"
c3-cp-cp-cu,2,-1,2,"GAFF 1.81, from gaff-1.81.dat (AmberTools 24.8) X-cp-cp-X"
c3-cp-cp-c3,2,-1,2,"GAFF 1.81, from gaff-1.81.dat (AmberTools 24.8) X-cp-cp-X"
c3-cp-cp-hc,2,-1,2,"GAFF 1.81, from gaff-1.81.dat (AmberTools 24.8) X-cp-cp-X"
c3-cp-c1-ca,0,-1,2,"GAFF 1.81, from gaff-1.81.dat (AmberTools 24.8) X-c1-ca-X (cp as ca)"
c3-cp-c1-ha,0,-1,2,"GAFF 1.81, from gaff-1.81.dat (AmberTools 24.8) X-c1-ca-X (cp as ca)"
c3-cp-c1-cp,0,-1,2,"GAFF 1.81, from gaff-1.81.dat (AmberTools 24.8) X-c1-ca-X (cp as ca)"
c3-cp-c1-c1,0,-1,2,"GAFF 1.81, from gaff-1.81.dat (AmberTools 24.8) X-c1-ca-X (cp as ca)"
c3-cp-c1-cg,0,-1,2,"GAFF 1.81, from gaff-1.81.dat (AmberTools 24.8) X-c1-ca-X (cp as ca)"
c3-cp-c1-ch,0,-1,2,"GAFF 1.81, from gaff-1.81.dat (AmberTools 24.8) X-c1-ca-X (cp as ca)"
c3-cp-c1-ce,0,-1,2,"GAFF 1.81, from gaff-1.81.dat (AmberTools 24.8) X-c1-ca-X (cp as ca)"
c3-cp-c1-cu,0,-1,2,"GAFF 1.81, from gaff-1.81.dat (AmberTools 24.8) X-c1-ca-X (cp as ca)"
c3-cp-c1-c3,0,-1,2,"GAFF 1.81, from gaff-1.81.dat (AmberTools 24.8) X-c1-ca-X (cp as ca)"
c3-cp-c1-hc,0,-1,2,"GAFF 1.81, from gaff-1.81.dat (AmberTools 24.8) X-c1-ca-X (cp as ca)"
c3-cp-cg-ca,0,-1,2,"GAFF 1.81, from gaff-1.81.dat (AmberTools 24.8) X-c1-ca-X (cg as c1, cp as ca)"
c3-cp-cg-ha,0,-1,2,"GAFF 1.81, from gaff-1.81.dat (AmberTools 24.8) X-c1-ca-X (cg as c1, cp as ca)"
c3-cp-cg-cp,0,-1,2,"GAFF 1.81, from gaff-1.81.dat (AmberTools 24.8) X-c1-ca-X (cg as c1, cp as ca)"
c3-cp-cg-c1,0,-1,2,"GAFF 1.81, from gaff-1.81.dat (AmberTools 24.8) X-c1-ca-X (cg as c1, cp as ca)"
c3-cp-cg-cg,0,-1,2,"GAFF 1.81, from gaff-1.81.dat (AmberTools 24.8) X-c1-ca-X (cg as c1, cp as ca)"
c3-cp-cg-ch,0,-1,2,"GAFF 1.81, from gaff-1.81.dat (AmberTools 24.8) X-c1-ca-X (cg as c1, cp as ca)"
c3-cp-cg-ce,0,-1,2,"GAFF 1.81, from gaff-1.81.dat (AmberTools 24.8) X-c1-ca-X (cg as c1, cp as ca)"
c3-cp-cg-cu,0,-1,2,"GAFF 1.81, from gaff-1.81.dat (AmberTools 24.8) X-c1-ca-X (cg as c1, cp as ca)"
c3-cp-cg-c3,0,-1,2,"GAFF 1.81, from gaff-1.81.dat (AmberTools 24.8) X-c1-ca-X (cg as c1, cp as ca)"
c3-cp-cg-hc,0,-1,2,"GAFF 1.81, from gaff-1.81.dat (AmberTools 24.8) X-c1-ca-X (cg as c1, cp as ca)"
c3-cp-ch-ca,0,-1,2,"GAFF 1.81, from gaff-1.81.dat (AmberTools 24.8) X-c1-ca-X (ch as c1, cp as ca)"
c3-cp-ch-ha,0,-1,2,"GAFF 1.81, from gaff-1.81.dat (AmberTools 24.8) X-c1-ca-X (ch as c1, cp as ca)"
c3-cp-ch-cp,0,-1,2,"GAFF 1.81, from gaff-1.81.dat (AmberTools 24.8) X-c1-ca-X (ch as c1, cp as ca)"
c3-cp-ch-c1,0,-1,2,"GAFF 1.81, from gaff-1.81.dat (AmberTools 24.8) X-c1-ca-X (ch as c1, cp as ca)"
c3-cp-ch-cg,0,-1,2,"GAFF 1.81, from gaff-1.81.dat (AmberTools 24.8) X-c1-ca-X (ch as c1, cp as ca)"
c3-cp-ch-ch,0,-1,2,"GAFF 1.81, from gaff-1.81.dat (AmberTools 24.8) X-c1-ca-X (ch as c1, cp as ca)"
c3-cp-ch-ce,0,-1,2,"GAFF 1.81, from gaff-1.81.dat (AmberTools 24.8) X-c1-ca-X (ch as c1, cp as ca)"
c3-cp-ch-cu,0,-1,2,"GAFF 1.81, from gaff-1.81.dat (AmberTools 24.8) X-c1-ca-X (ch as c1, cp as ca)"
c3-cp-ch-c3,0,-1,2,"GAFF 1.81, from gaff-1.81.dat (AmberTools 24.8) X-c1-ca-X (ch as c1, cp as ca)"
c3-cp-ch-hc,0,-1,2,"GAFF 1.81, from gaff-1.81.dat (AmberTools 24.8) X-c1-ca-X (ch as c1, cp as ca)"
c3-cp-ce-ca,1.4,-1,2,"GAFF 1.81, from gaff-1.81.dat (AmberTools 24.8) X-c2-ca-X (ce as c2, cp as ca)"
c3-cp-ce-ha,1.4,-1,2,"GAFF 1.81, from gaff-1.81.dat (AmberTools 24.8) X-c2-ca-X (ce as c2, cp as ca)"
c3-cp-ce-cp,1.4,-1,2,"GAFF 1.81, from gaff-1.81.dat (AmberTools 24.8) X-c2-ca-X (ce as c2, cp as ca)"
c3-cp-ce-c1,1.4,-1,2,"GAFF 1.81, from gaff-1.81.dat (AmberTools 24.8) X-c2-ca-X (ce as c2, cp as ca)"
c3-cp-ce-cg,1.4,-1,2,"GAFF 1.81, from gaff-1.81.dat (AmberTools 24.8) X-c2-ca-X (ce as c2, cp as ca)"
c3-cp-ce-ch,1.4,-1,2,"GAFF 1.81, from gaff-1.81.dat (AmberTools 24.8) X-c2-ca-X (ce as c2, cp as ca)"
c3-cp-ce-ce,1.4,-1,2,"GAFF 1.81, from gaff-1.81.dat (AmberTools 24.8) X-c2-ca-X (ce as c2, cp as ca)"
c3-cp-ce-cu,1.4,-1,2,"GAFF 1.81, from gaff-1.81.dat (AmberTools 24.8) X-c2-ca-X (ce as c2, cp as ca)"
c3-cp-ce-c3,1.4,-1,2,"GAFF 1.81, from gaff-1.81.dat (AmberTools 24.8) X-c2-ca-X (ce as c2, cp as ca)"
c3-cp-ce-hc,1.4,-1,2,"GAFF 1.81, from gaff-1.81.dat (AmberTools 24.8) X-c2-ca-X (ce as c2, cp as ca)"
c3-cp-cu-ca,2,-1,2,"GAFF 1.81, from gaff-1.81.dat (AmberTools 24.8) X-cp-cp-X (stand-in: *-cp-cu-* as X-cp-cp-X)"
c3-cp-cu-ha,2,-1,2,"GAFF 1.81, from gaff-1.81.dat (AmberTools 24.8) X-cp-cp-X (stand-in: *-cp-cu-* as X-cp-cp-X)"
c3-cp-cu-cp,2,-1,2,"GAFF 1.81, from gaff-1.81.dat (AmberTools 24.8) X-cp-cp-X (stand-in: *-cp-cu-* as X-cp-cp-X)"
c3-cp-cu-c1,2,-1,2,"GAFF 1.81, from gaff-1.81.dat (AmberTools 24.8) X-cp-cp-X (stand-in: *-cp-cu-* as X-cp-cp-X)"
c3-cp-cu-cg,2,-1,2,"GAFF 1.81, from gaff-1.81.dat (AmberTools 24.8) X-cp-cp-X (stand-in: *-cp-cu-* as X-cp-cp-X)"
c3-cp-cu-ch,2,-1,2,"GAFF 1.81, from gaff-1.81.dat (AmberTools 24.8) X-cp-cp-X (stand-in: *-cp-cu-* as X-cp-cp-X)"
c3-cp-cu-ce,2,-1,2,"GAFF 1.81, from gaff-1.81.dat (AmberTools 24.8) X-cp-cp-X (stand-in: *-cp-cu-* as X-cp-cp-X)"
c3-cp-cu-cu,2,-1,2,"GAFF 1.81, from gaff-1.81.dat (AmberTools 24.8) X-cp-cp-X (stand-in: *-cp-cu-* as X-cp-cp-X)"
c3-cp-cu-c3,2,-1,2,"GAFF 1.81, from gaff-1.81.dat (AmberTools 24.8) X-cp-cp-X (stand-in: *-cp-cu-* as X-cp-cp-X)"
c3-cp-cu-hc,2,-1,2,"GAFF 1.81, from gaff-1.81.dat (AmberTools 24.8) X-cp-cp-X (stand-in: *-cp-cu-* as X-cp-cp-X)"
c3-cp-c3-ca,0,1,2,"GAFF 1.81, from gaff-1.81.dat (AmberTools 24.8) X-c3-ca-X (cp as ca)"
c3-cp-c3-ha,0,1,2,"GAFF 1.81, from gaff-1.81.dat (AmberTools 24.8) X-c3-ca-X (cp as ca)"
c3-cp-c3-cp,0,1,2,"GAFF 1.81, from gaff-1.81.dat (AmberTools 24.8) X-c3-ca-X (cp as ca)"
c3-cp-c3-c1,0,1,2,"GAFF 1.81, from gaff-1.81.dat (AmberTools 24.8) X-c3-ca-X (cp as ca)"
c3-cp-c3-cg,0,1,2,"GAFF 1.81, from gaff-1.81.dat (AmberTools 24.8) X-c3-ca-X (cp as ca)"
c3-cp-c3-ch,0,1,2,"GAFF 1.81, from gaff-1.81.dat (AmberTools 24.8) X-c3-ca-X (cp as ca)"
c3-cp-c3-ce,0,1,2,"GAFF 1.81, from gaff-1.81.dat (AmberTools 24.8) X-c3-ca-X (cp as ca)"
c3-cp-c3-cu,0,1,2,"GAFF 1.81, from gaff-1.81.dat (AmberTools 24.8) X-c3-ca-X (cp as ca)"
c3-cp-c3-c3,0,1,2,"GAFF 1.81, from gaff-1.81.dat (AmberTools 24.8) X-c3-ca-X (cp as ca)"
c3-cp-c3-hc,0,1,2,"GAFF 1.81, from gaff-1.81.dat (AmberTools 24.8) X-c3-ca-X (cp as ca)"
c3-c1-ca-ca,0,-1,2,"GAFF 1.81, from gaff-1.81.dat (AmberTools 24.8) X-c1-ca-X"
c3-c1-ca-ha,0,-1,2,"GAFF 1.81, from gaff-1.81.dat (AmberTools 24.8) X-c1-ca-X"
c3-c1-ca-cp,0,-1,2,"GAFF 1.81, from gaff-1.81.dat (AmberTools 24.8) X-c1-ca-X"
c3-c1-ca-c1,0,-1,2,"GAFF 1.81, from gaff-1.81.dat (AmberTools 24.8) X-c1-ca-X"
c3-c1-ca-cg,0,-1,2,"GAFF 1.81, from gaff-1.81.dat (AmberTools 24.8) X-c1-ca-X"
c3-c1-ca-ch,0,-1,2,"GAFF 1.81, from gaff-1.81.dat (AmberTools 24.8) X-c1-ca-X"
c3-c1-ca-ce,0,-1,2,"GAFF 1.81, from gaff-1.81.dat (AmberTools 24.8) X-c1-ca-X"
c3-c1-ca-cu,0,-1,2,"GAFF 1.81, from gaff-1.81.dat (AmberTools 24.8) X-c1-ca-X"
c3-c1-ca-c3,0,-1,2,"GAFF 1.81, from gaff-1.81.dat (AmberTools 24.8) X-c1-ca-X"
c3-c1-ca-hc,0,-1,2,"GAFF 1.81, from gaff-1.81.dat (AmberTools 24.8) X-c1-ca-X"
c3-c1-cp-ca,0,-1,2,"GAFF 1.81, from gaff-1.81.dat (AmberTools 24.8) X-c1-ca-X (cp as ca)"
c3-c1-cp-ha,0,-1,2,"GAFF 1.81, from gaff-1.81.dat (AmberTools 24.8) X-c1-ca-X (cp as ca)"
c3-c1-cp-cp,0,-1,2,"GAFF 1.81, from gaff-1.81.dat (AmberTools 24.8) X-c1-ca-X (cp as ca)"
c3-c1-cp-c1,0,-1,2,"GAFF 1.81, from gaff-1.81.dat (AmberTools 24.8) X-c1-ca-X (cp as ca)"
c3-c1-cp-cg,0,-1,2,"GAFF 1.81, from gaff-1.81.dat (AmberTools 24.8) X-c1-ca-X (cp as ca)"
c3-c1-cp-ch,0,-1,2,"GAFF 1.81, from gaff-1.81.dat (AmberTools 24.8) X-c1-ca-X (cp as ca)"
c3-c1-cp-ce,0,-1,2,"GAFF 1.81, from gaff-1.81.dat (AmberTools 24.8) X-c1-ca-X (cp as ca)"
c3-c1-cp-cu,0,-1,2,"GAFF 1.81, from gaff-1.81.dat (AmberTools 24.8) X-c1-ca-X (cp as ca)"
c3-c1-cp-c3,0,-1,2,"GAFF 1.81, from gaff-1.81.dat (AmberTools 24.8) X-c1-ca-X (cp as ca)"
c3-c1-cp-hc,0,-1,2,"GAFF 1.81, from gaff-1.81.dat (AmberTools 24.8) X-c1-ca-X (cp as ca)"
c3-c1-c1-ca,0,-1,2,"GAFF 1.81, from gaff-1.81.dat (AmberTools 24.8) X-c1-c1-X"
c3-c1-c1-ha,0,-1,2,"GAFF 1.81, from gaff-1.81.dat (AmberTools 24.8) X-c1-c1-X"
c3-c1-c1-cp,0,-1,2,"GAFF 1.81, from gaff-1.81.dat (AmberTools 24.8) X-c1-c1-X"
c3-c1-c1-c1,0,-1,2,"GAFF 1.81, from gaff-1.81.dat (AmberTools 24.8) X-c1-c1-X"
c3-c1-c1-cg,0,-1,2,"GAFF 1.81, from gaff-1.81.dat (AmberTools 24.8) X-c1-c1-X"
c3-c1-c1-ch,0,-1,2,"GAFF 1.81, from gaff-1.81.dat (AmberTools 24.8) X-c1-c1-X"
c3-c1-c1-ce,0,-1,2,"GAFF 1.81, from gaff-1.81.dat (AmberTools 24.8) X-c1-c1-X"
c3-c1-c1-cu,0,-1,2,"GAFF 1.81, from gaff-1.81.dat (AmberTools 24.8) X-c1-c1-X"
c3-c1-c1-c3,0,-1,2,"GAFF 1.81, from gaff-1.81.dat (AmberTools 24.8) X-c1-c1-X"
c3-c1-c1-hc,0,-1,2,"GAFF 1.81, from gaff-1.81.dat (AmberTools 24.8) X-c1-c1-X"
c3-c1-cg-ca,0,-1,2,"GAFF 1.81, from gaff-1.81.dat (AmberTools 24.8) X-c1-cg-X"
c3-c1-cg-ha,0,-1,2,"GAFF 1.81, from gaff-1.81.dat (AmberTools 24.8) X-c1-cg-X"
c3-c1-cg-cp,0,-1,2,"GAFF 1.81, from gaff-1.81.dat (AmberTools 24.8) X-c1-cg-X"
c3-c1-cg-c1,0,-1,2,"GAFF 1.81, from gaff-1.81.dat (AmberTools 24.8) X-c1-cg-X"
c3-c1-cg-cg,0,-1,2,"GAFF 1.81, from gaff-1.81.dat (AmberTools 24.8) X-c1-cg-X"
c3-c1-cg-ch,0,-1,2,"GAFF 1.81, from gaff-1.81.dat (AmberTools 24.8) X-c1-cg-X"
c3-c1-cg-ce,0,-1,2,"GAFF 1.81, from gaff-1.81.dat (AmberTools 24.8) X-c1-cg-X"
c3-c1-cg-cu,0,-1,2,"GAFF 1.81, from gaff-1.81.dat (AmberTools 24.8) X-c1-cg-X"
c3-c1-cg-c3,0,-1,2,"GAFF 1.81, from gaff-1.81.dat (AmberTools 24.8) X-c1-cg-X"
c3-c1-cg-hc,0,-1,2,"GAFF 1.81, from gaff-1.81.dat (AmberTools 24.8) X-c1-cg-X"
c3-c1-ch-ca,0,-1,2,"GAFF 1.81, from gaff-1.81.dat (AmberTools 24.8) X-c1-ch-X"
c3-c1-ch-ha,0,-1,2,"GAFF 1.81, from gaff-1.81.dat (AmberTools 24.8) X-c1-ch-X"
c3-c1-ch-cp,0,-1,2,"GAFF 1.81, from gaff-1.81.dat (AmberTools 24.8) X-c1-ch-X"
c3-c1-ch-c1,0,-1,2,"GAFF 1.81, from gaff-1.81.dat (AmberTools 24.8) X-c1-ch-X"
c3-c1-ch-cg,0,-1,2,"GAFF 1.81, from gaff-1.81.dat (AmberTools 24.8) X-c1-ch-X"
c3-c1-ch-ch,0,-1,2,"GAFF 1.81, from gaff-1.81.dat (AmberTools 24.8) X-c1-ch-X"
c3-c1-ch-ce,0,-1,2,"GAFF 1.81, from gaff-1.81.dat (AmberTools 24.8) X-c1-ch-X"
c3-c1-ch-cu,0,-1,2,"GAFF 1.81, from gaff-1.81.dat (AmberTools 24.8) X-c1-ch-X"
c3-c1-ch-c3,0,-1,2,"GAFF 1.81, from gaff-1.81.dat (AmberTools 24.8) X-c1-ch-X"
c3-c1-ch-hc,0,-1,2,"GAFF 1.81, from gaff-1.81.dat (AmberTools 24.8) X-c1-ch-X"
c3-c1-ce-ca,0,-1,2,"GAFF 1.81, from gaff-1.81.dat (AmberTools 24.8) X-c1-ce-X"
c3-c1-ce-ha,0,-1,2,"GAFF 1.81, from gaff-1.81.dat (AmberTools 24.8) X-c1-ce-X"
c3-c1-ce-cp,0,-1,2,"GAFF 1.81, from gaff-1.81.dat (AmberTools 24.8) X-c1-ce-X"
c3-c1-ce-c1,0,-1,2,"GAFF 1.81, from gaff-1.81.dat (AmberTools 24.8) X-c1-ce-X"
c3-c1-ce-cg,0,-1,2,"GAFF 1.81, from gaff-1.81.dat (AmberTools 24.8) X-c1-ce-X"
c3-c1-ce-ch,0,-1,2,"GAFF 1.81, from gaff-1.81.dat (AmberTools 24.8) X-c1-ce-X"
c3-c1-ce-ce,0,-1,2,"GAFF 1.81, from gaff-1.81.dat (AmberTools 24.8) X-c1-ce-X"
c3-c1-ce-cu,0,-1,2,"GAFF 1.81, from gaff-1.81.dat (AmberTools 24.8) X-c1-ce-X"
c3-c1-ce-c3,0,-1,2,"GAFF 1.81, from gaff-1.81.dat (AmberTools 24.8) X-c1-ce-X"
c3-c1-ce-hc,0,-1,2,"GAFF 1.81, from gaff-1.81.dat (AmberTools 24.8) X-c1-ce-X"
c3-c1-cu-ca,0,-1,2,"GAFF 1.81, from gaff-1.81.dat (AmberTools 24.8) X-c1-cu-X"
c3-c1-cu-ha,0,-1,2,"GAFF 1.81, from gaff-1.81.dat (AmberTools 24.8) X-c1-cu-X"
c3-c1-cu-cp,0,-1,2,"GAFF 1.81, from gaff-1.81.dat (AmberTools 24.8) X-c1-cu-X"
c3-c1-cu-c1,0,-1,2,"GAFF 1.81, from gaff-1.81.dat (AmberTools 24.8) X-c1-cu-X"
c3-c1-cu-cg,0,-1,2,"GAFF 1.81, from gaff-1.81.dat (AmberTools 24.8) X-c1-cu-X"
c3-c1-cu-ch,0,-1,2,"GAFF 1.81, from gaff-1.81.dat (AmberTools 24.8) X-c1-cu-X"
c3-c1-cu-ce,0,-1,2,"GAFF 1.81, from gaff-1.81.dat (AmberTools 24.8) X-c1-cu-X"
c3-c1-cu-cu,0,-1,2,"GAFF 1.81, from gaff-1.81.dat (AmberTools 24.8) X-c1-cu-X"
c3-c1-cu-c3,0,-1,2,"GAFF 1.81, from gaff-1.81.dat (AmberTools 24.8) X-c1-cu-X"
c3-c1-cu-hc,0,-1,2,"GAFF 1.81, from gaff-1.81.dat (AmberTools 24.8) X-c1-cu-X"
c3-c1-c3-ca,0,-1,2,"GAFF 1.81, from gaff-1.81.dat (AmberTools 24.8) X-c1-c3-X"
c3-c1-c3-ha,0,-1,2,"GAFF 1.81, from gaff-1.81.dat (AmberTools 24.8) X-c1-c3-X"
c3-c1-c3-cp,0,-1,2,"GAFF 1.81, from gaff-1.81.dat (AmberTools 24.8) X-c1-c3-X"
c3-c1-c3-c1,0,-1,2,"GAFF 1.81, from gaff-1.81.dat (AmberTools 24.8) X-c1-c3-X"
c3-c1-c3-cg,0,-1,2,"GAFF 1.81, from gaff-1.81.dat (AmberTools 24.8) X-c1-c3-X"
c3-c1-c3-ch,0,-1,2,"GAFF 1.81, from gaff-1.81.dat (AmberTools 24.8) X-c1-c3-X"
c3-c1-c3-ce,0,-1,2,"GAFF 1.81, from gaff-1.81.dat (AmberTools 24.8) X-c1-c3-X"
c3-c1-c3-cu,0,-1,2,"GAFF 1.81, from gaff-1.81.dat (AmberTools 24.8) X-c1-c3-X"
c3-c1-c3-c3,0,-1,2,"GAFF 1.81, from gaff-1.81.dat (AmberTools 24.8) X-c1-c3-X"
c3-c1-c3-hc,0,-1,2,"GAFF 1.81, from gaff-1.81.dat (AmberTools 24.8) X-c1-c3-X"
c3-cg-ca-ca,0,-1,2,"GAFF 1.81, from gaff-1.81.dat (AmberTools 24.8) X-c1-ca-X (cg as c1)"
c3-cg-ca-ha,0,-1,2,"GAFF 1.81, from gaff-1.81.dat (AmberTools 24.8) X-c1-ca-X (cg as c1)"
c3-cg-ca-cp,0,-1,2,"GAFF 1.81, from gaff-1.81.dat (AmberTools 24.8) X-c1-ca-X (cg as c1)"
c3-cg-ca-c1,0,-1,2,"GAFF 1.81, from gaff-1.81.dat (AmberTools 24.8) X-c1-ca-X (cg as c1)"
c3-cg-ca-cg,0,-1,2,"GAFF 1.81, from gaff-1.81.dat (AmberTools 24.8) X-c1-ca-X (cg as c1)"
c3-cg-ca-ch,0,-1,2,"GAFF 1.81, from gaff-1.81.dat (AmberTools 24.8) X-c1-ca-X (cg as c1)"
c3-cg-ca-ce,0,-1,2,"GAFF 1.81, from gaff-1.81.dat (AmberTools 24.8) X-c1-ca-X (cg as c1)"
c3-cg-ca-cu,0,-1,2,"GAFF 1.81, from gaff-1.81.dat (AmberTools 24.8) X-c1-ca-X (cg as c1)"
c3-cg-ca-c3,0,-1,2,"GAFF 1.81, from gaff-1.81.dat (AmberTools 24.8) X-c1-ca-X (cg as c1)"
c3-cg-ca-hc,0,-1,2,"GAFF 1.81, from gaff-1.81.dat (AmberTools 24.8) X-c1-ca-X (cg as c1)"
c3-cg-cp-ca,0,-1,2,"GAFF 1.81, from gaff-1.81.dat (AmberTools 24.8) X-c1-ca-X (cg as c1, cp as ca)"
c3-cg-cp-ha,0,-1,2,"GAFF 1.81, from gaff-1.81.dat (AmberTools 24.8) X-c1-ca-X (cg as c1, cp as ca)"
c3-cg-cp-cp,0,-1,2,"GAFF 1.81, from gaff-1.81.dat (AmberTools 24.8) X-c1-ca-X (cg as c1, cp as ca)"
c3-cg-cp-c1,0,-1,2,"GAFF 1.81, from gaff-1.81.dat (AmberTools 24.8) X-c1-ca-X (cg as c1, cp as ca)"
c3-cg-cp-cg,0,-1,2,"GAFF 1.81, from gaff-1.81.dat (AmberTools 24.8) X-c1-ca-X (cg as c1, cp as ca)"
c3-cg-cp-ch,0,-1,2,"GAFF 1.81, from gaff-1.81.dat (AmberTools 24.8) X-c1-ca-X (cg as c1, cp as ca)"
c3-cg-cp-ce,0,-1,2,"GAFF 1.81, from gaff-1.81.dat (AmberTools 24.8) X-c1-ca-X (cg as c1, cp as ca)"
c3-cg-cp-cu,0,-1,2,"GAFF 1.81, from gaff-1.81.dat (AmberTools 24.8) X-c1-ca-X (cg as c1, cp as ca)"
c3-cg-cp-c3,0,-1,2,"GAFF 1.81, from gaff-1.81.dat (AmberTools 24.8) X-c1-ca-X (cg as c1, cp as ca)"
c3-cg-cp-hc,0,-1,2,"GAFF 1.81, from gaff-1.81.dat (AmberTools 24.8) X-c1-ca-X (cg as c1, cp as ca)"
c3-cg-c1-ca,0,-1,2,"GAFF 1.81, from gaff-1.81.dat (AmberTools 24.8) X-c1-cg-X"
c3-cg-c1-ha,0,-1,2,"GAFF 1.81, from gaff-1.81.dat (AmberTools 24.8) X-c1-cg-X"
c3-cg-c1-cp,0,-1,2,"GAFF 1.81, from gaff-1.81.dat (AmberTools 24.8) X-c1-cg-X"
c3-cg-c1-c1,0,-1,2,"GAFF 1.81, from gaff-1.81.dat (AmberTools 24.8) X-c1-cg-X"
c3-cg-c1-cg,0,-1,2,"GAFF 1.81, from gaff-1.81.dat (AmberTools 24.8) X-c1-cg-X"
c3-cg-c1-ch,0,-1,2,"GAFF 1.81, from gaff-1.81.dat (AmberTools 24.8) X-c1-cg-X"
c3-cg-c1-ce,0,-1,2,"GAFF 1.81, from gaff-1.81.dat (AmberTools 24.8) X-c1-cg-X"
c3-cg-c1-cu,0,-1,2,"GAFF 1.81, from gaff-1.81.dat (AmberTools 24.8) X-c1-cg-X"
c3-cg-c1-c3,0,-1,2,"GAFF 1.81, from gaff-1.81.dat (AmberTools 24.8) X-c1-cg-X"
c3-cg-c1-hc,0,-1,2,"GAFF 1.81, from gaff-1.81.dat (AmberTools 24.8) X-c1-cg-X"
c3-cg-cg-ca,0,-1,2,"GAFF 1.81, from gaff-1.81.dat (AmberTools 24.8) X-cg-cg-X"
c3-cg-cg-ha,0,-1,2,"GAFF 1.81, from gaff-1.81.dat (AmberTools 24.8) X-cg-cg-X"
c3-cg-cg-cp,0,-1,2,"GAFF 1.81, from gaff-1.81.dat (AmberTools 24.8) X-cg-cg-X"
c3-cg-cg-c1,0,-1,2,"GAFF 1.81, from gaff-1.81.dat (AmberTools 24.8) X-cg-cg-X"
c3-cg-cg-cg,0,-1,2,"GAFF 1.81, from gaff-1.81.dat (AmberTools 24.8) X-cg-cg-X"
c3-cg-cg-ch,0,-1,2,"GAFF 1.81, from gaff-1.81.dat (AmberTools 24.8) X-cg-cg-X"
c3-cg-cg-ce,0,-1,2,"GAFF 1.81, from gaff-1.81.dat (AmberTools 24.8) X-cg-cg-X"
c3-cg-cg-cu,0,-1,2,"GAFF 1.81, from gaff-1.81.dat (AmberTools 24.8) X-cg-cg-X"
c3-cg-cg-c3,0,-1,2,"GAFF 1.81, from gaff-1.81.dat (AmberTools 24.8) X-cg-cg-X"
c3-cg-cg-hc,0,-1,2,"GAFF 1.81, from gaff-1.81.dat (AmberTools 24.8) X-cg-cg-X"
c3-cg-ch-ca,0,-1,2,"GAFF 1.81, from gaff-1.81.dat (AmberTools 24.8) X-cg-ch-X"
c3-cg-ch-ha,0,-1,2,"GAFF 1.81, from gaff-1.81.dat (AmberTools 24.8) X-cg-ch-X"
c3-cg-ch-cp,0,-1,2,"GAFF 1.81, from gaff-1.81.dat (AmberTools 24.8) X-cg-ch-X"
c3-cg-ch-c1,0,-1,2,"GAFF 1.81, from gaff-1.81.dat (AmberTools 24.8) X-cg-ch-X"
c3-cg-ch-cg,0,-1,2,"GAFF 1.81, from gaff-1.81.dat (AmberTools 24.8) X-cg-ch-X"
c3-cg-ch-ch,0,-1,2,"GAFF 1.81, from gaff-1.81.dat (AmberTools 24.8) X-cg-ch-X"
c3-cg-ch-ce,0,-1,2,"GAFF 1.81, from gaff-1.81.dat (AmberTools 24.8) X-cg-ch-X"
c3-cg-ch-cu,0,-1,2,"GAFF 1.81, from gaff-1.81.dat (AmberTools 24.8) X-cg-ch-X"
c3-cg-ch-c3,0,-1,2,"GAFF 1.81, from gaff-1.81.dat (AmberTools 24.8) X-cg-ch-X"
c3-cg-ch-hc,0,-1,2,"GAFF 1.81, from gaff-1.81.dat (AmberTools 24.8) X-cg-ch-X"
c3-cg-ce-ca,0,-1,2,"GAFF 1.81, from gaff-1.81.dat (AmberTools 24.8) X-c1-ce-X (cg as c1)"
c3-cg-ce-ha,0,-1,2,"GAFF 1.81, from gaff-1.81.dat (AmberTools 24.8) X-c1-ce-X (cg as c1)"
c3-cg-ce-cp,0,-1,2,"GAFF 1.81, from gaff-1.81.dat (AmberTools 24.8) X-c1-ce-X (cg as c1)"
c3-cg-ce-c1,0,-1,2,"GAFF 1.81, from gaff-1.81.dat (AmberTools 24.8) X-c1-ce-X (cg as c1)"
c3-cg-ce-cg,0,-1,2,"GAFF 1.81, from gaff-1.81.dat (AmberTools 24.8) X-c1-ce-X (cg as c1)"
c3-cg-ce-ch,0,-1,2,"GAFF 1.81, from gaff-1.81.dat (AmberTools 24.8) X-c1-ce-X (cg as c1)"
c3-cg-ce-ce,0,-1,2,"GAFF 1.81, from gaff-1.81.dat (AmberTools 24.8) X-c1-ce-X (cg as c1)"
c3-cg-ce-cu,0,-1,2,"GAFF 1.81, from gaff-1.81.dat (AmberTools 24.8) X-c1-ce-X (cg as c1)"
c3-cg-ce-c3,0,-1,2,"GAFF 1.81, from gaff-1.81.dat (AmberTools 24.8) X-c1-ce-X (cg as c1)"
c3-cg-ce-hc,0,-1,2,"GAFF 1.81, from gaff-1.81.dat (AmberTools 24.8) X-c1-ce-X (cg as c1)"
c3-cg-cu-ca,0,-1,2,"GAFF 1.81, from gaff-1.81.dat (AmberTools 24.8) X-c1-c1-X (stand-in: *-cg-cu-* as X-c1-c1-X)"
c3-cg-cu-ha,0,-1,2,"GAFF 1.81, from gaff-1.81.dat (AmberTools 24.8) X-c1-c1-X (stand-in: *-cg-cu-* as X-c1-c1-X)"
c3-cg-cu-cp,0,-1,2,"GAFF 1.81, from gaff-1.81.dat (AmberTools 24.8) X-c1-c1-X (stand-in: *-cg-cu-* as X-c1-c1-X)"
c3-cg-cu-c1,0,-1,2,"GAFF 1.81, from gaff-1.81.dat (AmberTools 24.8) X-c1-c1-X (stand-in: *-cg-cu-* as X-c1-c1-X)"
c3-cg-cu-cg,0,-1,2,"GAFF 1.81, from gaff-1.81.dat (AmberTools 24.8) X-c1-c1-X (stand-in: *-cg-cu-* as X-c1-c1-X)"
c3-cg-cu-ch,0,-1,2,"GAFF 1.81, from gaff-1.81.dat (AmberTools 24.8) X-c1-c1-X (stand-in: *-cg-cu-* as X-c1-c1-X)"
c3-cg-cu-ce,0,-1,2,"GAFF 1.81, from gaff-1.81.dat (AmberTools 24.8) X-c1-c1-X (stand-in: *-cg-cu-* as X-c1-c1-X)"
c3-cg-cu-cu,0,-1,2,"GAFF 1.81, from gaff-1.81.dat (AmberTools 24.8) X-c1-c1-X (stand-in: *-cg-cu-* as X-c1-c1-X)"
c3-cg-cu-c3,0,-1,2,"GAFF 1.81, from gaff-1.81.dat (AmberTools 24.8) X-c1-c1-X (stand-in: *-cg-cu-* as X-c1-c1-X)"
c3-cg-cu-hc,0,-1,2,"GAFF 1.81, from gaff-1.81.dat (AmberTools 24.8) X-c1-c1-X (stand-in: *-cg-cu-* as X-c1-c1-X)"
c3-cg-c3-ca,0,-1,2,"GAFF 1.81, from gaff-1.81.dat (AmberTools 24.8) X-c1-c3-X (cg as c1)"
c3-cg-c3-ha,0,-1,2,"GAFF 1.81, from gaff-1.81.dat (AmberTools 24.8) X-c1-c3-X (cg as c1)"
c3-cg-c3-cp,0,-1,2,"GAFF 1.81, from gaff-1.81.dat (AmberTools 24.8) X-c1-c3-X (cg as c1)"
c3-cg-c3-c1,0,-1,2,"GAFF 1.81, from gaff-1.81.dat (AmberTools 24.8) X-c1-c3-X (cg as c1)"
c3-cg-c3-cg,0,-1,2,"GAFF 1.81, from gaff-1.81.dat (AmberTools 24.8) X-c1-c3-X (cg as c1)"
c3-cg-c3-ch,0,-1,2,"GAFF 1.81, from gaff-1.81.dat (AmberTools 24.8) X-c1-c3-X (cg as c1)"
c3-cg-c3-ce,0,-1,2,"GAFF 1.81, from gaff-1.81.dat (AmberTools 24.8) X-c1-c3-X (cg as c1)"
c3-cg-c3-cu,0,-1,2,"GAFF 1.81, from gaff-1.81.dat (AmberTools 24.8) X-c1-c3-X (cg as c1)"
c3-cg-c3-c3,0,-1,2,"GAFF 1.81, from gaff-1.81.dat (AmberTools 24.8) X-c1-c3-X (cg as c1)"
c3-cg-c3-hc,0,-1,2,"GAFF 1.81, from gaff-1.81.dat (AmberTools 24.8) X-c1-c3-X (cg as c1)"
c3-ch-ca-ca,0,-1,2,"GAFF 1.81, from gaff-1.81.dat (AmberTools 24.8) X-c1-ca-X (ch as c1)"
c3-ch-ca-ha,0,-1,2,"GAFF 1.81, from gaff-1.81.dat (AmberTools 24.8) X-c1-ca-X (ch as c1)"
c3-ch-ca-cp,0,-1,2,"GAFF 1.81, from gaff-1.81.dat (AmberTools 24.8) X-c1-ca-X (ch as c1)"
c3-ch-ca-c1,0,-1,2,"GAFF 1.81, from gaff-1.81.dat (AmberTools 24.8) X-c1-ca-X (ch as c1)"
c3-ch-ca-cg,0,-1,2,"GAFF 1.81, from gaff-1.81.dat (AmberTools 24.8) X-c1-ca-X (ch as c1)"
c3-ch-ca-ch,0,-1,2,"GAFF 1.81, from gaff-1.81.dat (AmberTools 24.8) X-c1-ca-X (ch as c1)"
c3-ch-ca-ce,0,-1,2,"GAFF 1.81, from gaff-1.81.dat (AmberTools 24.8) X-c1-ca-X (ch as c1)"
c3-ch-ca-cu,0,-1,2,"GAFF 1.81, from gaff-1.81.dat (AmberTools 24.8) X-c1-ca-X (ch as c1)"
c3-ch-ca-c3,0,-1,2,"GAFF 1.81, from gaff-1.81.dat (AmberTools 24.8) X-c1-ca-X (ch as c1)"
c3-ch-ca-hc,0,-1,2,"GAFF 1.81, from gaff-1.81.dat (AmberTools 24.8) X-c1-ca-X (ch as c1)"
c3-ch-cp-ca,0,-1,2,"GAFF 1.81, from gaff-1.81.dat (AmberTools 24.8) X-c1-ca-X (ch as c1, cp as ca)"
c3-ch-cp-ha,0,-1,2,"GAFF 1.81, from gaff-1.81.dat (AmberTools 24.8) X-c1-ca-X (ch as c1, cp as ca)"
c3-ch-cp-cp,0,-1,2,"GAFF 1.81, from gaff-1.81.dat (AmberTools 24.8) X-c1-ca-X (ch as c1, cp as ca)"
c3-ch-cp-c1,0,-1,2,"GAFF 1.81, from gaff-1.81.dat (AmberTools 24.8) X-c1-ca-X (ch as c1, cp as ca)"
c3-ch-cp-cg,0,-1,2,"GAFF 1.81, from gaff-1.81.dat (AmberTools 24.8) X-c1-ca-X (ch as c1, cp as ca)"
c3-ch-cp-ch,0,-1,2,"GAFF 1.81, from gaff-1.81.dat (AmberTools 24.8) X-c1-ca-X (ch as c1, cp as ca)"
c3-ch-cp-ce,0,-1,2,"GAFF 1.81, from gaff-1.81.dat (AmberTools 24.8) X-c1-ca-X (ch as c1, cp as ca)"
c3-ch-cp-cu,0,-1,2,"GAFF 1.81, from gaff-1.81.dat (AmberTools 24.8) X-c1-ca-X (ch as c1, cp as ca)"
c3-ch-cp-c3,0,-1,2,"GAFF 1.81, from gaff-1.81.dat (AmberTools 24.8) X-c1-ca-X (ch as c1, cp as ca)"
c3-ch-cp-hc,0,-1,2,"GAFF 1.81, from gaff-1.81.dat (AmberTools 24.8) X-c1-ca-X (ch as c1, cp as ca)"
c3-ch-c1-ca,0,-1,2,"GAFF 1.81, from gaff-1.81.dat (AmberTools 24.8) X-c1-ch-X"
c3-ch-c1-ha,0,-1,2,"GAFF 1.81, from gaff-1.81.dat (AmberTools 24.8) X-c1-ch-X"
c3-ch-c1-cp,0,-1,2,"GAFF 1.81, from gaff-1.81.dat (AmberTools 24.8) X-c1-ch-X"
c3-ch-c1-c1,0,-1,2,"GAFF 1.81, from gaff-1.81.dat (AmberTools 24.8) X-c1-ch-X"
c3-ch-c1-cg,0,-1,2,"GAFF 1.81, from gaff-1.81.dat (AmberTools 24.8) X-c1-ch-X"
c3-ch-c1-ch,0,-1,2,"GAFF 1.81, from gaff-1.81.dat (AmberTools 24.8) X-c1-ch-X"
c3-ch-c1-ce,0,-1,2,"GAFF 1.81, from gaff-1.81.dat (AmberTools 24.8) X-c1-ch-X"
c3-ch-c1-cu,0,-1,2,"GAFF 1.81, from gaff-1.81.dat (AmberTools 24.8) X-c1-ch-X"
c3-ch-c1-c3,0,-1,2,"GAFF 1.81, from gaff-1.81.dat (AmberTools 24.8) X-c1-ch-X"
c3-ch-c1-hc,0,-1,2,"GAFF 1.81, from gaff-1.81.dat (AmberTools 24.8) X-c1-ch-X"
c3-ch-cg-ca,0,-1,2,"GAFF 1.81, from gaff-1.81.dat (AmberTools 24.8) X-cg-ch-X"
c3-ch-cg-ha,0,-1,2,"GAFF 1.81, from gaff-1.81.dat (AmberTools 24.8) X-cg-ch-X"
c3-ch-cg-cp,0,-1,2,"GAFF 1.81, from gaff-1.81.dat (AmberTools 24.8) X-cg-ch-X"
c3-ch-cg-c1,0,-1,2,"GAFF 1.81, from gaff-1.81.dat (AmberTools 24.8) X-cg-ch-X"
c3-ch-cg-cg,0,-1,2,"GAFF 1.81, from gaff-1.81.dat (AmberTools 24.8) X-cg-ch-X"
c3-ch-cg-ch,0,-1,2,"GAFF 1.81, from gaff-1.81.dat (AmberTools 24.8) X-cg-ch-X"
c3-ch-cg-ce,0,-1,2,"GAFF 1.81, from gaff-1.81.dat (AmberTools 24.8) X-cg-ch-X"
c3-ch-cg-cu,0,-1,2,"GAFF 1.81, from gaff-1.81.dat (AmberTools 24.8) X-cg-ch-X"
c3-ch-cg-c3,0,-1,2,"GAFF 1.81, from gaff-1.81.dat (AmberTools 24.8) X-cg-ch-X"
c3-ch-cg-hc,0,-1,2,"GAFF 1.81, from gaff-1.81.dat (AmberTools 24.8) X-cg-ch-X"
c3-ch-ch-ca,0,-1,2,"GAFF 1.81, from gaff-1.81.dat (AmberTools 24.8) X-ch-ch-X"
c3-ch-ch-ha,0,-1,2,"GAFF 1.81, from gaff-1.81.dat (AmberTools 24.8) X-ch-ch-X"
c3-ch-ch-cp,0,-1,2,"GAFF 1.81, from gaff-1.81.dat (AmberTools 24.8) X-ch-ch-X"
c3-ch-ch-c1,0,-1,2,"GAFF 1.81, from gaff-1.81.dat (AmberTools 24.8) X-ch-ch-X"
c3-ch-ch-cg,0,-1,2,"GAFF 1.81, from gaff-1.81.dat (AmberTools 24.8) X-ch-ch-X"
c3-ch-ch-ch,0,-1,2,"GAFF 1.81, from gaff-1.81.dat (AmberTools 24.8) X-ch-ch-X"
c3-ch-ch-ce,0,-1,2,"GAFF 1.81, from gaff-1.81.dat (AmberTools 24.8) X-ch-ch-X"
c3-ch-ch-cu,0,-1,2,"GAFF 1.81, from gaff-1.81.dat (AmberTools 24.8) X-ch-ch-X"
c3-ch-ch-c3,0,-1,2,"GAFF 1.81, from gaff-1.81.dat (AmberTools 24.8) X-ch-ch-X"
c3-ch-ch-hc,0,-1,2,"GAFF 1.81, from gaff-1.81.dat (AmberTools 24.8) X-ch-ch-X"
c3-ch-ce-ca,0,-1,2,"GAFF 1.81, from gaff-1.81.dat (AmberTools 24.8) X-c1-ce-X (ch as c1)"
c3-ch-ce-ha,0,-1,2,"GAFF 1.81, from gaff-1.81.dat (AmberTools 24.8) X-c1-ce-X (ch as c1)"
c3-ch-ce-cp,0,-1,2,"GAFF 1.81, from gaff-1.81.dat (AmberTools 24.8) X-c1-ce-X (ch as c1)"
c3-ch-ce-c1,0,-1,2,"GAFF 1.81, from gaff-1.81.dat (AmberTools 24.8) X-c1-ce-X (ch as c1)"
c3-ch-ce-cg,0,-1,2,"GAFF 1.81, from gaff-1.81.dat (AmberTools 24.8) X-c1-ce-X (ch as c1)"
c3-ch-ce-ch,0,-1,2,"GAFF 1.81, from gaff-1.81.dat (AmberTools 24.8) X-c1-ce-X (ch as c1)"
c3-ch-ce-ce,0,-1,2,"GAFF 1.81, from gaff-1.81.dat (AmberTools 24.8) X-c1-ce-X (ch as c1)"
c3-ch-ce-cu,0,-1,2,"GAFF 1.81, from gaff-1.81.dat (AmberTools 24.8) X-c1-ce-X (ch as c1)"
c3-ch-ce-c3,0,-1,2,"GAFF 1.81, from gaff-1.81.dat (AmberTools 24.8) X-c1-ce-X (ch as c1)"
c3-ch-ce-hc,0,-1,2,"GAFF 1.81, from gaff-1.81.dat (AmberTools 24.8) X-c1-ce-X (ch as c1)"
c3-ch-cu-ca,0,-1,2,"GAFF 1.81, from gaff-1.81.dat (AmberTools 24.8) X-c1-c1-X (stand-in: *-ch-cu-* as X-c1-c1-X)"
c3-ch-cu-ha,0,-1,2,"GAFF 1.81, from gaff-1.81.dat (AmberTools 24.8) X-c1-c1-X (stand-in: *-ch-cu-* as X-c1-c1-X)"
c3-ch-cu-cp,0,-1,2,"GAFF 1.81, from gaff-1.81.dat (AmberTools 24.8) X-c1-c1-X (stand-in: *-ch-cu-* as X-c1-c1-X)"
c3-ch-cu-c1,0,-1,2,"GAFF 1.81, from gaff-1.81.dat (AmberTools 24.8) X-c1-c1-X (stand-in: *-ch-cu-* as X-c1-c1-X)"
c3-ch-cu-cg,0,-1,2,"GAFF 1.81, from gaff-1.81.dat (AmberTools 24.8) X-c1-c1-X (stand-in: *-ch-cu-* as X-c1-c1-X)"
c3-ch-cu-ch,0,-1,2,"GAFF 1.81, from gaff-1.81.dat (AmberTools 24.8) X-c1-c1-X (stand-in: *-ch-cu-* as X-c1-c1-X)"
c3-ch-cu-ce,0,-1,2,"GAFF 1.81, from gaff-1.81.dat (AmberTools 24.8) X-c1-c1-X (stand-in: *-ch-cu-* as X-c1-c1-X)"
c3-ch-cu-cu,0,-1,2,"GAFF 1.81, from gaff-1.81.dat (AmberTools 24.8) X-c1-c1-X (stand-in: *-ch-cu-* as X-c1-c1-X)"
c3-ch-cu-c3,0,-1,2,"GAFF 1.81, from gaff-1.81.dat (AmberTools 24.8) X-c1-c1-X (stand-in: *-ch-cu-* as X-c1-c1-X)"
c3-ch-cu-hc,0,-1,2,"GAFF 1.81, from gaff-1.81.dat (AmberTools 24.8) X-c1-c1-X (stand-in: *-ch-cu-* as X-c1-c1-X)"
c3-ch-c3-ca,0,-1,2,"GAFF 1.81, from gaff-1.81.dat (AmberTools 24.8) X-c1-c3-X (ch as c1)"
c3-ch-c3-ha,0,-1,2,"GAFF 1.81, from gaff-1.81.dat (AmberTools 24.8) X-c1-c3-X (ch as c1)"
c3-ch-c3-cp,0,-1,2,"GAFF 1.81, from gaff-1.81.dat (AmberTools 24.8) X-c1-c3-X (ch as c1)"
c3-ch-c3-c1,0,-1,2,"GAFF 1.81, from gaff-1.81.dat (AmberTools 24.8) X-c1-c3-X (ch as c1)"
c3-ch-c3-cg,0,-1,2,"GAFF 1.81, from gaff-1.81.dat (AmberTools 24.8) X-c1-c3-X (ch as c1)"
c3-ch-c3-ch,0,-1,2,"GAFF 1.81, from gaff-1.81.dat (AmberTools 24.8) X-c1-c3-X (ch as c1)"
c3-ch-c3-ce,0,-1,2,"GAFF 1.81, from gaff-1.81.dat (AmberTools 24.8) X-c1-c3-X (ch as c1)"
c3-ch-c3-cu,0,-1,2,"GAFF 1.81, from gaff-1.81.dat (AmberTools 24.8) X-c1-c3-X (ch as c1)"
c3-ch-c3-c3,0,-1,2,"GAFF 1.81, from gaff-1.81.dat (AmberTools 24.8) X-c1-c3-X (ch as c1)"
c3-ch-c3-hc,0,-1,2,"GAFF 1.81, from gaff-1.81.dat (AmberTools 24.8) X-c1-c3-X (ch as c1)"
c3-ce-ca-ca,1.4,-1,2,"GAFF 1.81, from gaff-1.81.dat (AmberTools 24.8) X-c2-ca-X (ce as c2)"
c3-ce-ca-ha,1.4,-1,2,"GAFF 1.81, from gaff-1.81.dat (AmberTools 24.8) X-c2-ca-X (ce as c2)"
c3-ce-ca-cp,1.4,-1,2,"GAFF 1.81, from gaff-1.81.dat (AmberTools 24.8) X-c2-ca-X (ce as c2)"
c3-ce-ca-c1,1.4,-1,2,"GAFF 1.81, from gaff-1.81.dat (AmberTools 24.8) X-c2-ca-X (ce as c2)"
c3-ce-ca-cg,1.4,-1,2,"GAFF 1.81, from gaff-1.81.dat (AmberTools 24.8) X-c2-ca-X (ce as c2)"
c3-ce-ca-ch,1.4,-1,2,"GAFF 1.81, from gaff-1.81.dat (AmberTools 24.8) X-c2-ca-X (ce as c2)"
c3-ce-ca-ce,1.4,-1,2,"GAFF 1.81, from gaff-1.81.dat (AmberTools 24.8) X-c2-ca-X (ce as c2)"
c3-ce-ca-cu,1.4,-1,2,"GAFF 1.81, from gaff-1.81.dat (AmberTools 24.8) X-c2-ca-X (ce as c2)"
c3-ce-ca-c3,1.4,-1,2,"GAFF 1.81, from gaff-1.81.dat (AmberTools 24.8) X-c2-ca-X (ce as c2)"
c3-ce-ca-hc,1.4,-1,2,"GAFF 1.81, from gaff-1.81.dat (AmberTools 24.8) X-c2-ca-X (ce as c2)"
c3-ce-cp-ca,1.4,-1,2,"GAFF 1.81, from gaff-1.81.dat (AmberTools 24.8) X-c2-ca-X (ce as c2, cp as ca)"
c3-ce-cp-ha,1.4,-1,2,"GAFF 1.81, from gaff-1.81.dat (AmberTools 24.8) X-c2-ca-X (ce as c2, cp as ca)"
c3-ce-cp-cp,1.4,-1,2,"GAFF 1.81, from gaff-1.81.dat (AmberTools 24.8) X-c2-ca-X (ce as c2, cp as ca)"
c3-ce-cp-c1,1.4,-1,2,"GAFF 1.81, from gaff-1.81.dat (AmberTools 24.8) X-c2-ca-X (ce as c2, cp as ca)"
c3-ce-cp-cg,1.4,-1,2,"GAFF 1.81, from gaff-1.81.dat (AmberTools 24.8) X-c2-ca-X (ce as c2, cp as ca)"
c3-ce-cp-ch,1.4,-1,2,"GAFF 1.81, from gaff-1.81.dat (AmberTools 24.8) X-c2-ca-X (ce as c2, cp as ca)"
c3-ce-cp-ce,1.4,-1,2,"GAFF 1.81, from gaff-1.81.dat (AmberTools 24.8) X-c2-ca-X (ce as c2, cp as ca)"
c3-ce-cp-cu,1.4,-1,2,"GAFF 1.81, from gaff-1.81.dat (AmberTools 24.8) X-c2-ca-X (ce as c2, cp as ca)"
c3-ce-cp-c3,1.4,-1,2,"GAFF 1.81, from gaff-1.81.dat (AmberTools 24.8) X-c2-ca-X (ce as c2, cp as ca)"
c3-ce-cp-hc,1.4,-1,2,"GAFF 1.81, from gaff-1.81.dat (AmberTools 24.8) X-c2-ca-X (ce as c2, cp as ca)"
c3-ce-c1-ca,0,-1,2,"GAFF 1.81, from gaff-1.81.dat (AmberTools 24.8) X-c1-ce-X"
c3-ce-c1-ha,0,-1,2,"GAFF 1.81, from gaff-1.81.dat (AmberTools 24.8) X-c1-ce-X"
c3-ce-c1-cp,0,-1,2,"GAFF 1.81, from gaff-1.81.dat (AmberTools 24.8) X-c1-ce-X"
c3-ce-c1-c1,0,-1,2,"GAFF 1.81, from gaff-1.81.dat (AmberTools 24.8) X-c1-ce-X"
c3-ce-c1-cg,0,-1,2,"GAFF 1.81, from gaff-1.81.dat (AmberTools 24.8) X-c1-ce-X"
c3-ce-c1-ch,0,-1,2,"GAFF 1.81, from gaff-1.81.dat (AmberTools 24.8) X-c1-ce-X"
c3-ce-c1-ce,0,-1,2,"GAFF 1.81, from gaff-1.81.dat (AmberTools 24.8) X-c1-ce-X"
c3-ce-c1-cu,0,-1,2,"GAFF 1.81, from gaff-1.81.dat (AmberTools 24.8) X-c1-ce-X"
c3-ce-c1-c3,0,-1,2,"GAFF 1.81, from gaff-1.81.dat (AmberTools 24.8) X-c1-ce-X"
c3-ce-c1-hc,0,-1,2,"GAFF 1.81, from gaff-1.81.dat (AmberTools 24.8) X-c1-ce-X"
c3-ce-cg-ca,0,-1,2,"GAFF 1.81, from gaff-1.81.dat (AmberTools 24.8) X-c1-ce-X (cg as c1)"
c3-ce-cg-ha,0,-1,2,"GAFF 1.81, from gaff-1.81.dat (AmberTools 24.8) X-c1-ce-X (cg as c1)"
c3-ce-cg-cp,0,-1,2,"GAFF 1.81, from gaff-1.81.dat (AmberTools 24.8) X-c1-ce-X (cg as c1)"
c3-ce-cg-c1,0,-1,2,"GAFF 1.81, from gaff-1.81.dat (AmberTools 24.8) X-c1-ce-X (cg as c1)"
c3-ce-cg-cg,0,-1,2,"GAFF 1.81, from gaff-1.81.dat (AmberTools 24.8) X-c1-ce-X (cg as c1)"
c3-ce-cg-ch,0,-1,2,"GAFF 1.81, from gaff-1.81.dat (AmberTools 24.8) X-c1-ce-X (cg as c1)"
c3-ce-cg-ce,0,-1,2,"GAFF 1.81, from gaff-1.81.dat (AmberTools 24.8) X-c1-ce-X (cg as c1)"
c3-ce-cg-cu,0,-1,2,"GAFF 1.81, from gaff-1.81.dat (AmberTools 24.8) X-c1-ce-X (cg as c1)"
c3-ce-cg-c3,0,-1,2,"GAFF 1.81, from gaff-1.81.dat (AmberTools 24.8) X-c1-ce-X (cg as c1)"
c3-ce-cg-hc,0,-1,2,"GAFF 1.81, from gaff-1.81.dat (AmberTools 24.8) X-c1-ce-X (cg as c1)"
c3-ce-ch-ca,0,-1,2,"GAFF 1.81, from gaff-1.81.dat (AmberTools 24.8) X-c1-ce-X (ch as c1)"
c3-ce-ch-ha,0,-1,2,"GAFF 1.81, from gaff-1.81.dat (AmberTools 24.8) X-c1-ce-X (ch as c1)"
c3-ce-ch-cp,0,-1,2,"GAFF 1.81, from gaff-1.81.dat (AmberTools 24.8) X-c1-ce-X (ch as c1)"
c3-ce-ch-c1,0,-1,2,"GAFF 1.81, from gaff-1.81.dat (AmberTools 24.8) X-c1-ce-X (ch as c1)"
c3-ce-ch-cg,0,-1,2,"GAFF 1.81, from gaff-1.81.dat (AmberTools 24.8) X-c1-ce-X (ch as c1)"
c3-ce-ch-ch,0,-1,2,"GAFF 1.81, from gaff-1.81.dat (AmberTools 24.8) X-c1-ce-X (ch as c1)"
c3-ce-ch-ce,0,-1,2,"GAFF 1.81, from gaff-1.81.dat (AmberTools 24.8) X-c1-ce-X (ch as c1)"
c3-ce-ch-cu,0,-1,2,"GAFF 1.81, from gaff-1.81.dat (AmberTools 24.8) X-c1-ce-X (ch as c1)"
c3-ce-ch-c3,0,-1,2,"GAFF 1.81, from gaff-1.81.dat (AmberTools 24.8) X-c1-ce-X (ch as c1)"
c3-ce-ch-hc,0,-1,2,"GAFF 1.81, from gaff-1.81.dat (AmberTools 24.8) X-c1-ce-X (ch as c1)"
c3-ce-ce-ca,2,-1,2,"GAFF 1.81, from gaff-1.81.dat (AmberTools 24.8) X-ce-ce-X"
c3-ce-ce-ha,2,-1,2,"GAFF 1.81, from gaff-1.81.dat (AmberTools 24.8) X-ce-ce-X"
c3-ce-ce-cp,2,-1,2,"GAFF 1.81, from gaff-1.81.dat (AmberTools 24.8) X-ce-ce-X"
c3-ce-ce-c1,2,-1,2,"GAFF 1.81, from gaff-1.81.dat (AmberTools 24.8) X-ce-ce-X"
c3-ce-ce-cg,2,-1,2,"GAFF 1.81, from gaff-1.81.dat (AmberTools 24.8) X-ce-ce-X"
c3-ce-ce-ch,2,-1,2,"GAFF 1.81, from gaff-1.81.dat (AmberTools 24.8) X-ce-ce-X"
c3-ce-ce-ce,2,-1,2,"GAFF 1.81, from gaff-1.81.dat (AmberTools 24.8) X-ce-ce-X"
c3-ce-ce-cu,2,-1,2,"GAFF 1.81, from gaff-1.81.dat (AmberTools 24.8) X-ce-ce-X"
c3-ce-ce-c3,2,-1,2,"GAFF 1.81, from gaff-1.81.dat (AmberTools 24.8) X-ce-ce-X"
c3-ce-ce-hc,2,-1,2,"GAFF 1.81, from gaff-1.81.dat (AmberTools 24.8) X-ce-ce-X"
c3-ce-cu-ca,2,-1,2,"GAFF 1.81, from gaff-1.81.dat (AmberTools 24.8) X-cp-cp-X (stand-in: *-ce-cu-* as X-cp-cp-X)"
c3-ce-cu-ha,2,-1,2,"GAFF 1.81, from gaff-1.81.dat (AmberTools 24.8) X-cp-cp-X (stand-in: *-ce-cu-* as X-cp-cp-X)"
c3-ce-cu-cp,2,-1,2,"GAFF 1.81, from gaff-1.81.dat (AmberTools 24.8) X-cp-cp-X (stand-in: *-ce-cu-* as X-cp-cp-X)"
c3-ce-cu-c1,2,-1,2,"GAFF 1.81, from gaff-1.81.dat (AmberTools 24.8) X-cp-cp-X (stand-in: *-ce-cu-* as X-cp-cp-X)"
c3-ce-cu-cg,2,-1,2,"GAFF 1.81, from gaff-1.81.dat (AmberTools 24.8) X-cp-cp-X (stand-in: *-ce-cu-* as X-cp-cp-X)"
c3-ce-cu-ch,2,-1,2,"GAFF 1.81, from gaff-1.81.dat (AmberTools 24.8) X-cp-cp-X (stand-in: *-ce-cu-* as X-cp-cp-X)"
c3-ce-cu-ce,2,-1,2,"GAFF 1.81, from gaff-1.81.dat (AmberTools 24.8) X-cp-cp-X (stand-in: *-ce-cu-* as X-cp-cp-X)"
c3-ce-cu-cu,2,-1,2,"GAFF 1.81, from gaff-1.81.dat (AmberTools 24.8) X-cp-cp-X (stand-in: *-ce-cu-* as X-cp-cp-X)"
c3-ce-cu-c3,2,-1,2,"GAFF 1.81, from gaff-1.81.dat (AmberTools 24.8) X-cp-cp-X (stand-in: *-ce-cu-* as X-cp-cp-X)"
c3-ce-cu-hc,2,-1,2,"GAFF 1.81, from gaff-1.81.dat (AmberTools 24.8) X-cp-cp-X (stand-in: *-ce-cu-* as X-cp-cp-X)"
c3-ce-c3-ca,0,1,2,"GAFF 1.81, from gaff-1.81.dat (AmberTools 24.8) X-c2-c3-X (ce as c2)"
c3-ce-c3-ha,0,1,2,"GAFF 1.81, from gaff-1.81.dat (AmberTools 24.8) X-c2-c3-X (ce as c2)"
c3-ce-c3-cp,0,1,2,"GAFF 1.81, from gaff-1.81.dat (AmberTools 24.8) X-c2-c3-X (ce as c2)"
c3-ce-c3-c1,0,1,2,"GAFF 1.81, from gaff-1.81.dat (AmberTools 24.8) X-c2-c3-X (ce as c2)"
c3-ce-c3-cg,0,1,2,"GAFF 1.81, from gaff-1.81.dat (AmberTools 24.8) X-c2-c3-X (ce as c2)"
c3-ce-c3-ch,0,1,2,"GAFF 1.81, from gaff-1.81.dat (AmberTools 24.8) X-c2-c3-X (ce as c2)"
c3-ce-c3-ce,0,1,2,"GAFF 1.81, from gaff-1.81.dat (AmberTools 24.8) X-c2-c3-X (ce as c2)"
c3-ce-c3-cu,0,1,2,"GAFF 1.81, from gaff-1.81.dat (AmberTools 24.8) X-c2-c3-X (ce as c2)"
c3-ce-c3-c3,0,1,2,"GAFF 1.81, from gaff-1.81.dat (AmberTools 24.8) X-c2-c3-X (ce as c2)"
c3-ce-c3-hc,0,1,2,"GAFF 1.81, from gaff-1.81.dat (AmberTools 24.8) X-c2-c3-X (ce as c2)"
c3-cu-ca-ca,2,-1,2,"GAFF 1.81, from gaff-1.81.dat (AmberTools 24.8) X-cp-cp-X (stand-in: *-ca-cu-* as X-cp-cp-X)"
c3-cu-ca-ha,2,-1,2,"GAFF 1.81, from gaff-1.81.dat (AmberTools 24.8) X-cp-cp-X (stand-in: *-ca-cu-* as X-cp-cp-X)"
c3-cu-ca-cp,2,-1,2,"GAFF 1.81, from gaff-1.81.dat (AmberTools 24.8) X-cp-cp-X (stand-in: *-ca-cu-* as X-cp-cp-X)"
c3-cu-ca-c1,2,-1,2,"GAFF 1.81, from gaff-1.81.dat (AmberTools 24.8) X-cp-cp-X (stand-in: *-ca-cu-* as X-cp-cp-X)"
c3-cu-ca-cg,2,-1,2,"GAFF 1.81, from gaff-1.81.dat (AmberTools 24.8) X-cp-cp-X (stand-in: *-ca-cu-* as X-cp-cp-X)"
c3-cu-ca-ch,2,-1,2,"GAFF 1.81, from gaff-1.81.dat (AmberTools 24.8) X-cp-cp-X (stand-in: *-ca-cu-* as X-cp-cp-X)"
c3-cu-ca-ce,2,-1,2,"GAFF 1.81, from gaff-1.81.dat (AmberTools 24.8) X-cp-cp-X (stand-in: *-ca-cu-* as X-cp-cp-X)"
c3-cu-ca-cu,2,-1,2,"GAFF 1.81, from gaff-1.81.dat (AmberTools 24.8) X-cp-cp-X (stand-in: *-ca-cu-* as X-cp-cp-X)"
c3-cu-ca-c3,2,-1,2,"GAFF 1.81, from gaff-1.81.dat (AmberTools 24.8) X-cp-cp-X (stand-in: *-ca-cu-* as X-cp-cp-X)"
c3-cu-ca-hc,2,-1,2,"GAFF 1.81, from gaff-1.81.dat (AmberTools 24.8) X-cp-cp-X (stand-in: *-ca-cu-* as X-cp-cp-X)"
c3-cu-cp-ca,2,-1,2,"GAFF 1.81, from gaff-1.81.dat (AmberTools 24.8) X-cp-cp-X (stand-in: *-cp-cu-* as X-cp-cp-X)"
c3-cu-cp-ha,2,-1,2,"GAFF 1.81, from gaff-1.81.dat (AmberTools 24.8) X-cp-cp-X (stand-in: *-cp-cu-* as X-cp-cp-X)"
c3-cu-cp-cp,2,-1,2,"GAFF 1.81, from gaff-1.81.dat (AmberTools 24.8) X-cp-cp-X (stand-in: *-cp-cu-* as X-cp-cp-X)"
c3-cu-cp-c1,2,-1,2,"GAFF 1.81, from gaff-1.81.dat (AmberTools 24.8) X-cp-cp-X (stand-in: *-cp-cu-* as X-cp-cp-X)"
c3-cu-cp-cg,2,-1,2,"GAFF 1.81, from gaff-1.81.dat (AmberTools 24.8) X-cp-cp-X (stand-in: *-cp-cu-* as X-cp-cp-X)"
c3-cu-cp-ch,2,-1,2,"GAFF 1.81, from gaff-1.81.dat (AmberTools 24.8) X-cp-cp-X (stand-in: *-cp-cu-* as X-cp-cp-X)"
c3-cu-cp-ce,2,-1,2,"GAFF 1.81, from gaff-1.81.dat (AmberTools 24.8) X-cp-cp-X (stand-in: *-cp-cu-* as X-cp-cp-X)"
c3-cu-cp-cu,2,-1,2,"GAFF 1.81, from gaff-1.81.dat (AmberTools 24.8) X-cp-cp-X (stand-in: *-cp-cu-* as X-cp-cp-X)"
c3-cu-cp-c3,2,-1,2,"GAFF 1.81, from gaff-1.81.dat (AmberTools 24.8) X-cp-cp-X (stand-in: *-cp-cu-* as X-cp-cp-X)"
c3-cu-cp-hc,2,-1,2,"GAFF 1.81, from gaff-1.81.dat (AmberTools 24.8) X-cp-cp-X (stand-in: *-cp-cu-* as X-cp-cp-X)"
c3-cu-c1-ca,0,-1,2,"GAFF 1.81, from gaff-1.81.dat (AmberTools 24.8) X-c1-cu-X"
c3-cu-c1-ha,0,-1,2,"GAFF 1.81, from gaff-1.81.dat (AmberTools 24.8) X-c1-cu-X"
c3-cu-c1-cp,0,-1,2,"GAFF 1.81, from gaff-1.81.dat (AmberTools 24.8) X-c1-cu-X"
c3-cu-c1-c1,0,-1,2,"GAFF 1.81, from gaff-1.81.dat (AmberTools 24.8) X-c1-cu-X"
c3-cu-c1-cg,0,-1,2,"GAFF 1.81, from gaff-1.81.dat (AmberTools 24.8) X-c1-cu-X"
c3-cu-c1-ch,0,-1,2,"GAFF 1.81, from gaff-1.81.dat (AmberTools 24.8) X-c1-cu-X"
c3-cu-c1-ce,0,-1,2,"GAFF 1.81, from gaff-1.81.dat (AmberTools 24.8) X-c1-cu-X"
c3-cu-c1-cu,0,-1,2,"GAFF 1.81, from gaff-1.81.dat (AmberTools 24.8) X-c1-cu-X"
c3-cu-c1-c3,0,-1,2,"GAFF 1.81, from gaff-1.81.dat (AmberTools 24.8) X-c1-cu-X"
c3-cu-c1-hc,0,-1,2,"GAFF 1.81, from gaff-1.81.dat (AmberTools 24.8) X-c1-cu-X"
c3-cu-cg-ca,0,-1,2,"GAFF 1.81, from gaff-1.81.dat (AmberTools 24.8) X-c1-c1-X (stand-in: *-cg-cu-* as X-c1-c1-X)"
c3-cu-cg-ha,0,-1,2,"GAFF 1.81, from gaff-1.81.dat (AmberTools 24.8) X-c1-c1-X (stand-in: *-cg-cu-* as X-c1-c1-X)"
c3-cu-cg-cp,0,-1,2,"GAFF 1.81, from gaff-1.81.dat (AmberTools 24.8) X-c1-c1-X (stand-in: *-cg-cu-* as X-c1-c1-X)"
c3-cu-cg-c1,0,-1,2,"GAFF 1.81, from gaff-1.81.dat (AmberTools 24.8) X-c1-c1-X (stand-in: *-cg-cu-* as X-c1-c1-X)"
c3-cu-cg-cg,0,-1,2,"GAFF 1.81, from gaff-1.81.dat (AmberTools 24.8) X-c1-c1-X (stand-in: *-cg-cu-* as X-c1-c1-X)"
c3-cu-cg-ch,0,-1,2,"GAFF 1.81, from gaff-1.81.dat (AmberTools 24.8) X-c1-c1-X (stand-in: *-cg-cu-* as X-c1-c1-X)"
c3-cu-cg-ce,0,-1,2,"GAFF 1.81, from gaff-1.81.dat (AmberTools 24.8) X-c1-c1-X (stand-in: *-cg-cu-* as X-c1-c1-X)"
c3-cu-cg-cu,0,-1,2,"GAFF 1.81, from gaff-1.81.dat (AmberTools 24.8) X-c1-c1-X (stand-in: *-cg-cu-* as X-c1-c1-X)"
c3-cu-cg-c3,0,-1,2,"GAFF 1.81, from gaff-1.81.dat (AmberTools 24.8) X-c1-c1-X (stand-in: *-cg-cu-* as X-c1-c1-X)"
c3-cu-cg-hc,0,-1,2,"GAFF 1.81, from gaff-1.81.dat (AmberTools 24.8) X-c1-c1-X (stand-in: *-cg-cu-* as X-c1-c1-X)"
c3-cu-ch-ca,0,-1,2,"GAFF 1.81, from gaff-1.81.dat (AmberTools 24.8) X-c1-c1-X (stand-in: *-ch-cu-* as X-c1-c1-X)"
c3-cu-ch-ha,0,-1,2,"GAFF 1.81, from gaff-1.81.dat (AmberTools 24.8) X-c1-c1-X (stand-in: *-ch-cu-* as X-c1-c1-X)"
c3-cu-ch-cp,0,-1,2,"GAFF 1.81, from gaff-1.81.dat (AmberTools 24.8) X-c1-c1-X (stand-in: *-ch-cu-* as X-c1-c1-X)"
c3-cu-ch-c1,0,-1,2,"GAFF 1.81, from gaff-1.81.dat (AmberTools 24.8) X-c1-c1-X (stand-in: *-ch-cu-* as X-c1-c1-X)"
c3-cu-ch-cg,0,-1,2,"GAFF 1.81, from gaff-1.81.dat (AmberTools 24.8) X-c1-c1-X (stand-in: *-ch-cu-* as X-c1-c1-X)"
c3-cu-ch-ch,0,-1,2,"GAFF 1.81, from gaff-1.81.dat (AmberTools 24.8) X-c1-c1-X (stand-in: *-ch-cu-* as X-c1-c1-X)"
c3-cu-ch-ce,0,-1,2,"GAFF 1.81, from gaff-1.81.dat (AmberTools 24.8) X-c1-c1-X (stand-in: *-ch-cu-* as X-c1-c1-X)"
c3-cu-ch-cu,0,-1,2,"GAFF 1.81, from gaff-1.81.dat (AmberTools 24.8) X-c1-c1-X (stand-in: *-ch-cu-* as X-c1-c1-X)"
c3-cu-ch-c3,0,-1,2,"GAFF 1.81, from gaff-1.81.dat (AmberTools 24.8) X-c1-c1-X (stand-in: *-ch-cu-* as X-c1-c1-X)"
c3-cu-ch-hc,0,-1,2,"GAFF 1.81, from gaff-1.81.dat (AmberTools 24.8) X-c1-c1-X (stand-in: *-ch-cu-* as X-c1-c1-X)"
c3-cu-ce-ca,2,-1,2,"GAFF 1.81, from gaff-1.81.dat (AmberTools 24.8) X-cp-cp-X (stand-in: *-ce-cu-* as X-cp-cp-X)"
c3-cu-ce-ha,2,-1,2,"GAFF 1.81, from gaff-1.81.dat (AmberTools 24.8) X-cp-cp-X (stand-in: *-ce-cu-* as X-cp-cp-X)"
c3-cu-ce-cp,2,-1,2,"GAFF 1.81, from gaff-1.81.dat (AmberTools 24.8) X-cp-cp-X (stand-in: *-ce-cu-* as X-cp-cp-X)"
c3-cu-ce-c1,2,-1,2,"GAFF 1.81, from gaff-1.81.dat (AmberTools 24.8) X-cp-cp-X (stand-in: *-ce-cu-* as X-cp-cp-X)"
c3-cu-ce-cg,2,-1,2,"GAFF 1.81, from gaff-1.81.dat (AmberTools 24.8) X-cp-cp-X (stand-in: *-ce-cu-* as X-cp-cp-X)"
c3-cu-ce-ch,2,-1,2,"GAFF 1.81, from gaff-1.81.dat (AmberTools 24.8) X-cp-cp-X (stand-in: *-ce-cu-* as X-cp-cp-X)"
c3-cu-ce-ce,2,-1,2,"GAFF 1.81, from gaff-1.81.dat (AmberTools 24.8) X-cp-cp-X (stand-in: *-ce-cu-* as X-cp-cp-X)"
c3-cu-ce-cu,2,-1,2,"GAFF 1.81, from gaff-1.81.dat (AmberTools 24.8) X-cp-cp-X (stand-in: *-ce-cu-* as X-cp-cp-X)"
c3-cu-ce-c3,2,-1,2,"GAFF 1.81, from gaff-1.81.dat (AmberTools 24.8) X-cp-cp-X (stand-in: *-ce-cu-* as X-cp-cp-X)"
c3-cu-ce-hc,2,-1,2,"GAFF 1.81, from gaff-1.81.dat (AmberTools 24.8) X-cp-cp-X (stand-in: *-ce-cu-* as X-cp-cp-X)"
c3-cu-cu-ca,2,-1,2,"GAFF 1.81, from gaff-1.81.dat (AmberTools 24.8) X-ce-ce-X (cu as ce)"
c3-cu-cu-ha,2,-1,2,"GAFF 1.81, from gaff-1.81.dat (AmberTools 24.8) X-ce-ce-X (cu as ce)"
c3-cu-cu-cp,2,-1,2,"GAFF 1.81, from gaff-1.81.dat (AmberTools 24.8) X-ce-ce-X (cu as ce)"
c3-cu-cu-c1,2,-1,2,"GAFF 1.81, from gaff-1.81.dat (AmberTools 24.8) X-ce-ce-X (cu as ce)"
c3-cu-cu-cg,2,-1,2,"GAFF 1.81, from gaff-1.81.dat (AmberTools 24.8) X-ce-ce-X (cu as ce)"
c3-cu-cu-ch,2,-1,2,"GAFF 1.81, from gaff-1.81.dat (AmberTools 24.8) X-ce-ce-X (cu as ce)"
c3-cu-cu-ce,2,-1,2,"GAFF 1.81, from gaff-1.81.dat (AmberTools 24.8) X-ce-ce-X (cu as ce)"
c3-cu-cu-cu,2,-1,2,"GAFF 1.81, from gaff-1.81.dat (AmberTools 24.8) X-ce-ce-X (cu as ce)"
c3-cu-cu-c3,2,-1,2,"GAFF 1.81, from gaff-1.81.dat (AmberTools 24.8) X-ce-ce-X (cu as ce)"
c3-cu-cu-hc,2,-1,2,"GAFF 1.81, from gaff-1.81.dat (AmberTools 24.8) X-ce-ce-X (cu as ce)"
c3-cu-c3-ca,0,1,2,"GAFF 1.81, from gaff-1.81.dat (AmberTools 24.8) X-c2-c3-X (stand-in: *-c3-cu-* as X-c2-c3-X)"
c3-cu-c3-ha,0,1,2,"GAFF 1.81, from gaff-1.81.dat (AmberTools 24.8) X-c2-c3-X (stand-in: *-c3-cu-* as X-c2-c3-X)"
c3-cu-c3-cp,0,1,2,"GAFF 1.81, from gaff-1.81.dat (AmberTools 24.8) X-c2-c3-X (stand-in: *-c3-cu-* as X-c2-c3-X)"
c3-cu-c3-c1,0,1,2,"GAFF 1.81, from gaff-1.81.dat (AmberTools 24.8) X-c2-c3-X (stand-in: *-c3-cu-* as X-c2-c3-X)"
c3-cu-c3-cg,0,1,2,"GAFF 1.81, from gaff-1.81.dat (AmberTools 24.8) X-c2-c3-X (stand-in: *-c3-cu-* as X-c2-c3-X)"
c3-cu-c3-ch,0,1,2,"GAFF 1.81, from gaff-1.81.dat (AmberTools 24.8) X-c2-c3-X (stand-in: *-c3-cu-* as X-c2-c3-X)"
c3-cu-c3-ce,0,1,2,"GAFF 1.81, from gaff-1.81.dat (AmberTools 24.8) X-c2-c3-X (stand-in: *-c3-cu-* as X-c2-c3-X)"
c3-cu-c3-cu,0,1,2,"GAFF 1.81, from gaff-1.81.dat (AmberTools 24.8) X-c2-c3-X (stand-in: *-c3-cu-* as X-c2-c3-X)"
c3-cu-c3-c3,0,1,2,"GAFF 1.81, from gaff-1.81.dat (AmberTools 24.8) X-c2-c3-X (stand-in: *-c3-cu-* as X-c2-c3-X)"
c3-cu-c3-hc,0,1,2,"GAFF 1.81, from gaff-1.81.dat (AmberTools 24.8) X-c2-c3-X (stand-in: *-c3-cu-* as X-c2-c3-X)"
c3-c3-ca-ca,0,1,2,"GAFF 1.81, from gaff-1.81.dat (AmberTools 24.8) X-c3-ca-X"
c3-c3-ca-ha,0,1,2,"GAFF 1.81, from gaff-1.81.dat (AmberTools 24.8) X-c3-ca-X"
c3-c3-ca-cp,0,1,2,"GAFF 1.81, from gaff-1.81.dat (AmberTools 24.8) X-c3-ca-X"
c3-c3-ca-c1,0,1,2,"GAFF 1.81, from gaff-1.81.dat (AmberTools 24.8) X-c3-ca-X"
c3-c3-ca-cg,0,1,2,"GAFF 1.81, from gaff-1.81.dat (AmberTools 24.8) X-c3-ca-X"
c3-c3-ca-ch,0,1,2,"GAFF 1.81, from gaff-1.81.dat (AmberTools 24.8) X-c3-ca-X"
c3-c3-ca-ce,0,1,2,"GAFF 1.81, from gaff-1.81.dat (AmberTools 24.8) X-c3-ca-X"
c3-c3-ca-cu,0,1,2,"GAFF 1.81, from gaff-1.81.dat (AmberTools 24.8) X-c3-ca-X"
c3-c3-ca-c3,0,1,2,"GAFF 1.81, from gaff-1.81.dat (AmberTools 24.8) X-c3-ca-X"
c3-c3-ca-hc,0,1,2,"GAFF 1.81, from gaff-1.81.dat (AmberTools 24.8) X-c3-ca-X"
c3-c3-cp-ca,0,1,2,"GAFF 1.81, from gaff-1.81.dat (AmberTools 24.8) X-c3-ca-X (cp as ca)"
c3-c3-cp-ha,0,1,2,"GAFF 1.81, from gaff-1.81.dat (AmberTools 24.8) X-c3-ca-X (cp as ca)"
c3-c3-cp-cp,0,1,2,"GAFF 1.81, from gaff-1.81.dat (AmberTools 24.8) X-c3-ca-X (cp as ca)"
c3-c3-cp-c1,0,1,2,"GAFF 1.81, from gaff-1.81.dat (AmberTools 24.8) X-c3-ca-X (cp as ca)"
c3-c3-cp-cg,0,1,2,"GAFF 1.81, from gaff-1.81.dat (AmberTools 24.8) X-c3-ca-X (cp as ca)"
c3-c3-cp-ch,0,1,2,"GAFF 1.81, from gaff-1.81.dat (AmberTools 24.8) X-c3-ca-X (cp as ca)"
c3-c3-cp-ce,0,1,2,"GAFF 1.81, from gaff-1.81.dat (AmberTools 24.8) X-c3-ca-X (cp as ca)"
c3-c3-cp-cu,0,1,2,"GAFF 1.81, from gaff-1.81.dat (AmberTools 24.8) X-c3-ca-X (cp as ca)"
c3-c3-cp-c3,0,1,2,"GAFF 1.81, from gaff-1.81.dat (AmberTools 24.8) X-c3-ca-X (cp as ca)"
c3-c3-cp-hc,0,1,2,"GAFF 1.81, from gaff-1.81.dat (AmberTools 24.8) X-c3-ca-X (cp as ca)"
c3-c3-c1-ca,0,-1,2,"GAFF 1.81, from gaff-1.81.dat (AmberTools 24.8) X-c1-c3-X"
c3-c3-c1-ha,0,-1,2,"GAFF 1.81, from gaff-1.81.dat (AmberTools 24.8) X-c1-c3-X"
c3-c3-c1-cp,0,-1,2,"GAFF 1.81, from gaff-1.81.dat (AmberTools 24.8) X-c1-c3-X"
c3-c3-c1-c1,0,-1,2,"GAFF 1.81, from gaff-1.81.dat (AmberTools 24.8) X-c1-c3-X"
c3-c3-c1-cg,0,-1,2,"GAFF 1.81, from gaff-1.81.dat (AmberTools 24.8) X-c1-c3-X"
c3-c3-c1-ch,0,-1,2,"GAFF 1.81, from gaff-1.81.dat (AmberTools 24.8) X-c1-c3-X"
c3-c3-c1-ce,0,-1,2,"GAFF 1.81, from gaff-1.81.dat (AmberTools 24.8) X-c1-c3-X"
c3-c3-c1-cu,0,-1,2,"GAFF 1.81, from gaff-1.81.dat (AmberTools 24.8) X-c1-c3-X"
c3-c3-c1-c3,0,-1,2,"GAFF 1.81, from gaff-1.81.dat (AmberTools 24.8) X-c1-c3-X"
c3-c3-c1-hc,0,-1,2,"GAFF 1.81, from gaff-1.81.dat (AmberTools 24.8) X-c1-c3-X"
c3-c3-cg-ca,0,-1,2,"GAFF 1.81, from gaff-1.81.dat (AmberTools 24.8) X-c1-c3-X (cg as c1)"
c3-c3-cg-ha,0,-1,2,"GAFF 1.81, from gaff-1.81.dat (AmberTools 24.8) X-c1-c3-X (cg as c1)"
c3-c3-cg-cp,0,-1,2,"GAFF 1.81, from gaff-1.81.dat (AmberTools 24.8) X-c1-c3-X (cg as c1)"
c3-c3-cg-c1,0,-1,2,"GAFF 1.81, from gaff-1.81.dat (AmberTools 24.8) X-c1-c3-X (cg as c1)"
c3-c3-cg-cg,0,-1,2,"GAFF 1.81, from gaff-1.81.dat (AmberTools 24.8) X-c1-c3-X (cg as c1)"
c3-c3-cg-ch,0,-1,2,"GAFF 1.81, from gaff-1.81.dat (AmberTools 24.8) X-c1-c3-X (cg as c1)"
c3-c3-cg-ce,0,-1,2,"GAFF 1.81, from gaff-1.81.dat (AmberTools 24.8) X-c1-c3-X (cg as c1)"
c3-c3-cg-cu,0,-1,2,"GAFF 1.81, from gaff-1.81.dat (AmberTools 24.8) X-c1-c3-X (cg as c1)"
c3-c3-cg-c3,0,-1,2,"GAFF 1.81, from gaff-1.81.dat (AmberTools 24.8) X-c1-c3-X (cg as c1)"
c3-c3-cg-hc,0,-1,2,"GAFF 1.81, from gaff-1.81.dat (AmberTools 24.8) X-c1-c3-X (cg as c1)"
c3-c3-ch-ca,0,-1,2,"GAFF 1.81, from gaff-1.81.dat (AmberTools 24.8) X-c1-c3-X (ch as c1)"
c3-c3-ch-ha,0,-1,2,"GAFF 1.81, from gaff-1.81.dat (AmberTools 24.8) X-c1-c3-X (ch as c1)"
c3-c3-ch-cp,0,-1,2,"GAFF 1.81, from gaff-1.81.dat (AmberTools 24.8) X-c1-c3-X (ch as c1)"
c3-c3-ch-c1,0,-1,2,"GAFF 1.81, from gaff-1.81.dat (AmberTools 24.8) X-c1-c3-X (ch as c1)"
c3-c3-ch-cg,0,-1,2,"GAFF 1.81, from gaff-1.81.dat (AmberTools 24.8) X-c1-c3-X (ch as c1)"
c3-c3-ch-ch,0,-1,2,"GAFF 1.81, from gaff-1.81.dat (AmberTools 24.8) X-c1-c3-X (ch as c1)"
c3-c3-ch-ce,0,-1,2,"GAFF 1.81, from gaff-1.81.dat (AmberTools 24.8) X-c1-c3-X (ch as c1)"
c3-c3-ch-cu,0,-1,2,"GAFF 1.81, from gaff-1.81.dat (AmberTools 24.8) X-c1-c3-X (ch as c1)"
c3-c3-ch-c3,0,-1,2,"GAFF 1.81, from gaff-1.81.dat (AmberTools 24.8) X-c1-c3-X (ch as c1)"
c3-c3-ch-hc,0,-1,2,"GAFF 1.81, from gaff-1.81.dat (AmberTools 24.8) X-c1-c3-X (ch as c1)"
c3-c3-ce-ca,0,1,2,"GAFF 1.81, from gaff-1.81.dat (AmberTools 24.8) X-c2-c3-X (ce as c2)"
c3-c3-ce-ha,0,1,2,"GAFF 1.81, from gaff-1.81.dat (AmberTools 24.8) X-c2-c3-X (ce as c2)"
c3-c3-ce-cp,0,1,2,"GAFF 1.81, from gaff-1.81.dat (AmberTools 24.8) X-c2-c3-X (ce as c2)"
c3-c3-ce-c1,0,1,2,"GAFF 1.81, from gaff-1.81.dat (AmberTools 24.8) X-c2-c3-X (ce as c2)"
c3-c3-ce-cg,0,1,2,"GAFF 1.81, from gaff-1.81.dat (AmberTools 24.8) X-c2-c3-X (ce as c2)"
c3-c3-ce-ch,0,1,2,"GAFF 1.81, from gaff-1.81.dat (AmberTools 24.8) X-c2-c3-X (ce as c2)"
c3-c3-ce-ce,0,1,2,"GAFF 1.81, from gaff-1.81.dat (AmberTools 24.8) X-c2-c3-X (ce as c2)"
c3-c3-ce-cu,0,1,2,"GAFF 1.81, from gaff-1.81.dat (AmberTools 24.8) X-c2-c3-X (ce as c2)"
c3-c3-ce-c3,0,1,2,"GAFF 1.81, from gaff-1.81.dat (AmberTools 24.8) X-c2-c3-X (ce as c2)"
c3-c3-ce-hc,0,1,2,"GAFF 1.81, from gaff-1.81.dat (AmberTools 24.8) X-c2-c3-X (ce as c2)"
c3-c3-cu-ca,0,1,2,"GAFF 1.81, from gaff-1.81.dat (AmberTools 24.8) X-c2-c3-X (stand-in: *-c3-cu-* as X-c2-c3-X)"
c3-c3-cu-ha,0,1,2,"GAFF 1.81, from gaff-1.81.dat (AmberTools 24.8) X-c2-c3-X (stand-in: *-c3-cu-* as X-c2-c3-X)"
c3-c3-cu-cp,0,1,2,"GAFF 1.81, from gaff-1.81.dat (AmberTools 24.8) X-c2-c3-X (stand-in: *-c3-cu-* as X-c2-c3-X)"
c3-c3-cu-c1,0,1,2,"GAFF 1.81, from gaff-1.81.dat (AmberTools 24.8) X-c2-c3-X (stand-in: *-c3-cu-* as X-c2-c3-X)"
c3-c3-cu-cg,0,1,2,"GAFF 1.81, from gaff-1.81.dat (AmberTools 24.8) X-c2-c3-X (stand-in: *-c3-cu-* as X-c2-c3-X)"
c3-c3-cu-ch,0,1,2,"GAFF 1.81, from gaff-1.81.dat (AmberTools 24.8) X-c2-c3-X (stand-in: *-c3-cu-* as X-c2-c3-X)"
c3-c3-cu-ce,0,1,2,"GAFF 1.81, from gaff-1.81.dat (AmberTools 24.8) X-c2-c3-X (stand-in: *-c3-cu-* as X-c2-c3-X)"
c3-c3-cu-cu,0,1,2,"GAFF 1.81, from gaff-1.81.dat (AmberTools 24.8) X-c2-c3-X (stand-in: *-c3-cu-* as X-c2-c3-X)"
c3-c3-cu-c3,0,1,2,"GAFF 1.81, from gaff-1.81.dat (AmberTools 24.8) X-c2-c3-X (stand-in: *-c3-cu-* as X-c2-c3-X)"
c3-c3-cu-hc,0,1,2,"GAFF 1.81, from gaff-1.81.dat (AmberTools 24.8) X-c2-c3-X (stand-in: *-c3-cu-* as X-c2-c3-X)"
c3-c3-c3-ca,0.311111,1,3,"GAFF 1.81, from gaff-1.81.dat (AmberTools 24.8) X-c3-c3-X"
c3-c3-c3-ha,0.311111,1,3,"GAFF 1.81, from gaff-1.81.dat (AmberTools 24.8) X-c3-c3-X"
c3-c3-c3-cp,0.311111,1,3,"GAFF 1.81, from gaff-1.81.dat (AmberTools 24.8) X-c3-c3-X"
c3-c3-c3-c1,0.311111,1,3,"GAFF 1.81, from gaff-1.81.dat (AmberTools 24.8) X-c3-c3-X"
c3-c3-c3-cg,0.311111,1,3,"GAFF 1.81, from gaff-1.81.dat (AmberTools 24.8) X-c3-c3-X"
c3-c3-c3-ch,0.311111,1,3,"GAFF 1.81, from gaff-1.81.dat (AmberTools 24.8) X-c3-c3-X"
c3-c3-c3-ce,0.311111,1,3,"GAFF 1.81, from gaff-1.81.dat (AmberTools 24.8) X-c3-c3-X"
c3-c3-c3-cu,0.311111,1,3,"GAFF 1.81, from gaff-1.81.dat (AmberTools 24.8) X-c3-c3-X"
c3-c3-c3-c3,0.5,-1,2,"GAFF 1.81, from gaff-1.81.dat (AmberTools 24.8) c3-c3-c3-c3; the largest of its 3 Fourier terms"
c3-c3-c3-hc,0.32,1,3,"GAFF 1.81, from gaff-1.81.dat (AmberTools 24.8) hc-c3-c3-c3"
hc-ca-ca-ca,7.25,-1,2,"GAFF 1.81, from gaff-1.81.dat (AmberTools 24.8) X-ca-ca-X"
hc-ca-ca-ha,7.25,-1,2,"GAFF 1.81, from gaff-1.81.dat (AmberTools 24.8) X-ca-ca-X"
hc-ca-ca-cp,7.25,-1,2,"GAFF 1.81, from gaff-1.81.dat (AmberTools 24.8) X-ca-ca-X"
hc-ca-ca-c1,7.25,-1,2,"GAFF 1.81, from gaff-1.81.dat (AmberTools 24.8) X-ca-ca-X"
hc-ca-ca-cg,7.25,-1,2,"GAFF 1.81, from gaff-1.81.dat (AmberTools 24.8) X-ca-ca-X"
hc-ca-ca-ch,7.25,-1,2,"GAFF 1.81, from gaff-1.81.dat (AmberTools 24.8) X-ca-ca-X"
hc-ca-ca-ce,7.25,-1,2,"GAFF 1.81, from gaff-1.81.dat (AmberTools 24.8) X-ca-ca-X"
hc-ca-ca-cu,7.25,-1,2,"GAFF 1.81, from gaff-1.81.dat (AmberTools 24.8) X-ca-ca-X"
hc-ca-ca-c3,7.25,-1,2,"GAFF 1.81, from gaff-1.81.dat (AmberTools 24.8) X-ca-ca-X"
hc-ca-ca-hc,7.25,-1,2,"GAFF 1.81, from gaff-1.81.dat (AmberTools 24.8) X-ca-ca-X"
hc-ca-cp-ca,7.25,-1,2,"GAFF 1.81, from gaff-1.81.dat (AmberTools 24.8) X-ca-cp-X"
hc-ca-cp-ha,7.25,-1,2,"GAFF 1.81, from gaff-1.81.dat (AmberTools 24.8) X-ca-cp-X"
hc-ca-cp-cp,7.25,-1,2,"GAFF 1.81, from gaff-1.81.dat (AmberTools 24.8) X-ca-cp-X"
hc-ca-cp-c1,7.25,-1,2,"GAFF 1.81, from gaff-1.81.dat (AmberTools 24.8) X-ca-cp-X"
hc-ca-cp-cg,7.25,-1,2,"GAFF 1.81, from gaff-1.81.dat (AmberTools 24.8) X-ca-cp-X"
hc-ca-cp-ch,7.25,-1,2,"GAFF 1.81, from gaff-1.81.dat (AmberTools 24.8) X-ca-cp-X"
hc-ca-cp-ce,7.25,-1,2,"GAFF 1.81, from gaff-1.81.dat (AmberTools 24.8) X-ca-cp-X"
hc-ca-cp-cu,7.25,-1,2,"GAFF 1.81, from gaff-1.81.dat (AmberTools 24.8) X-ca-cp-X"
hc-ca-cp-c3,7.25,-1,2,"GAFF 1.81, from gaff-1.81.dat (AmberTools 24.8) X-ca-cp-X"
hc-ca-cp-hc,7.25,-1,2,"GAFF 1.81, from gaff-1.81.dat (AmberTools 24.8) X-ca-cp-X"
hc-ca-c1-ca,0,-1,2,"GAFF 1.81, from gaff-1.81.dat (AmberTools 24.8) X-c1-ca-X"
hc-ca-c1-ha,0,-1,2,"GAFF 1.81, from gaff-1.81.dat (AmberTools 24.8) X-c1-ca-X"
hc-ca-c1-cp,0,-1,2,"GAFF 1.81, from gaff-1.81.dat (AmberTools 24.8) X-c1-ca-X"
hc-ca-c1-c1,0,-1,2,"GAFF 1.81, from gaff-1.81.dat (AmberTools 24.8) X-c1-ca-X"
hc-ca-c1-cg,0,-1,2,"GAFF 1.81, from gaff-1.81.dat (AmberTools 24.8) X-c1-ca-X"
hc-ca-c1-ch,0,-1,2,"GAFF 1.81, from gaff-1.81.dat (AmberTools 24.8) X-c1-ca-X"
hc-ca-c1-ce,0,-1,2,"GAFF 1.81, from gaff-1.81.dat (AmberTools 24.8) X-c1-ca-X"
hc-ca-c1-cu,0,-1,2,"GAFF 1.81, from gaff-1.81.dat (AmberTools 24.8) X-c1-ca-X"
hc-ca-c1-c3,0,-1,2,"GAFF 1.81, from gaff-1.81.dat (AmberTools 24.8) X-c1-ca-X"
hc-ca-c1-hc,0,-1,2,"GAFF 1.81, from gaff-1.81.dat (AmberTools 24.8) X-c1-ca-X"
hc-ca-cg-ca,0,-1,2,"GAFF 1.81, from gaff-1.81.dat (AmberTools 24.8) X-c1-ca-X (cg as c1)"
hc-ca-cg-ha,0,-1,2,"GAFF 1.81, from gaff-1.81.dat (AmberTools 24.8) X-c1-ca-X (cg as c1)"
hc-ca-cg-cp,0,-1,2,"GAFF 1.81, from gaff-1.81.dat (AmberTools 24.8) X-c1-ca-X (cg as c1)"
hc-ca-cg-c1,0,-1,2,"GAFF 1.81, from gaff-1.81.dat (AmberTools 24.8) X-c1-ca-X (cg as c1)"
hc-ca-cg-cg,0,-1,2,"GAFF 1.81, from gaff-1.81.dat (AmberTools 24.8) X-c1-ca-X (cg as c1)"
hc-ca-cg-ch,0,-1,2,"GAFF 1.81, from gaff-1.81.dat (AmberTools 24.8) X-c1-ca-X (cg as c1)"
hc-ca-cg-ce,0,-1,2,"GAFF 1.81, from gaff-1.81.dat (AmberTools 24.8) X-c1-ca-X (cg as c1)"
hc-ca-cg-cu,0,-1,2,"GAFF 1.81, from gaff-1.81.dat (AmberTools 24.8) X-c1-ca-X (cg as c1)"
hc-ca-cg-c3,0,-1,2,"GAFF 1.81, from gaff-1.81.dat (AmberTools 24.8) X-c1-ca-X (cg as c1)"
hc-ca-cg-hc,0,-1,2,"GAFF 1.81, from gaff-1.81.dat (AmberTools 24.8) X-c1-ca-X (cg as c1)"
hc-ca-ch-ca,0,-1,2,"GAFF 1.81, from gaff-1.81.dat (AmberTools 24.8) X-c1-ca-X (ch as c1)"
hc-ca-ch-ha,0,-1,2,"GAFF 1.81, from gaff-1.81.dat (AmberTools 24.8) X-c1-ca-X (ch as c1)"
hc-ca-ch-cp,0,-1,2,"GAFF 1.81, from gaff-1.81.dat (AmberTools 24.8) X-c1-ca-X (ch as c1)"
hc-ca-ch-c1,0,-1,2,"GAFF 1.81, from gaff-1.81.dat (AmberTools 24.8) X-c1-ca-X (ch as c1)"
hc-ca-ch-cg,0,-1,2,"GAFF 1.81, from gaff-1.81.dat (AmberTools 24.8) X-c1-ca-X (ch as c1)"
hc-ca-ch-ch,0,-1,2,"GAFF 1.81, from gaff-1.81.dat (AmberTools 24.8) X-c1-ca-X (ch as c1)"
hc-ca-ch-ce,0,-1,2,"GAFF 1.81, from gaff-1.81.dat (AmberTools 24.8) X-c1-ca-X (ch as c1)"
hc-ca-ch-cu,0,-1,2,"GAFF 1.81, from gaff-1.81.dat (AmberTools 24.8) X-c1-ca-X (ch as c1)"
hc-ca-ch-c3,0,-1,2,"GAFF 1.81, from gaff-1.81.dat (AmberTools 24.8) X-c1-ca-X (ch as c1)"
hc-ca-ch-hc,0,-1,2,"GAFF 1.81, from gaff-1.81.dat (AmberTools 24.8) X-c1-ca-X (ch as c1)"
hc-ca-ce-ca,1.4,-1,2,"GAFF 1.81, from gaff-1.81.dat (AmberTools 24.8) X-c2-ca-X (ce as c2)"
hc-ca-ce-ha,1.4,-1,2,"GAFF 1.81, from gaff-1.81.dat (AmberTools 24.8) X-c2-ca-X (ce as c2)"
hc-ca-ce-cp,1.4,-1,2,"GAFF 1.81, from gaff-1.81.dat (AmberTools 24.8) X-c2-ca-X (ce as c2)"
hc-ca-ce-c1,1.4,-1,2,"GAFF 1.81, from gaff-1.81.dat (AmberTools 24.8) X-c2-ca-X (ce as c2)"
hc-ca-ce-cg,1.4,-1,2,"GAFF 1.81, from gaff-1.81.dat (AmberTools 24.8) X-c2-ca-X (ce as c2)"
hc-ca-ce-ch,1.4,-1,2,"GAFF 1.81, from gaff-1.81.dat (AmberTools 24.8) X-c2-ca-X (ce as c2)"
hc-ca-ce-ce,1.4,-1,2,"GAFF 1.81, from gaff-1.81.dat (AmberTools 24.8) X-c2-ca-X (ce as c2)"
hc-ca-ce-cu,1.4,-1,2,"GAFF 1.81, from gaff-1.81.dat (AmberTools 24.8) X-c2-ca-X (ce as c2)"
hc-ca-ce-c3,1.4,-1,2,"GAFF 1.81, from gaff-1.81.dat (AmberTools 24.8) X-c2-ca-X (ce as c2)"
hc-ca-ce-hc,1.4,-1,2,"GAFF 1.81, from gaff-1.81.dat (AmberTools 24.8) X-c2-ca-X (ce as c2)"
hc-ca-cu-ca,2,-1,2,"GAFF 1.81, from gaff-1.81.dat (AmberTools 24.8) X-cp-cp-X (stand-in: *-ca-cu-* as X-cp-cp-X)"
hc-ca-cu-ha,2,-1,2,"GAFF 1.81, from gaff-1.81.dat (AmberTools 24.8) X-cp-cp-X (stand-in: *-ca-cu-* as X-cp-cp-X)"
hc-ca-cu-cp,2,-1,2,"GAFF 1.81, from gaff-1.81.dat (AmberTools 24.8) X-cp-cp-X (stand-in: *-ca-cu-* as X-cp-cp-X)"
hc-ca-cu-c1,2,-1,2,"GAFF 1.81, from gaff-1.81.dat (AmberTools 24.8) X-cp-cp-X (stand-in: *-ca-cu-* as X-cp-cp-X)"
hc-ca-cu-cg,2,-1,2,"GAFF 1.81, from gaff-1.81.dat (AmberTools 24.8) X-cp-cp-X (stand-in: *-ca-cu-* as X-cp-cp-X)"
hc-ca-cu-ch,2,-1,2,"GAFF 1.81, from gaff-1.81.dat (AmberTools 24.8) X-cp-cp-X (stand-in: *-ca-cu-* as X-cp-cp-X)"
hc-ca-cu-ce,2,-1,2,"GAFF 1.81, from gaff-1.81.dat (AmberTools 24.8) X-cp-cp-X (stand-in: *-ca-cu-* as X-cp-cp-X)"
hc-ca-cu-cu,2,-1,2,"GAFF 1.81, from gaff-1.81.dat (AmberTools 24.8) X-cp-cp-X (stand-in: *-ca-cu-* as X-cp-cp-X)"
hc-ca-cu-c3,2,-1,2,"GAFF 1.81, from gaff-1.81.dat (AmberTools 24.8) X-cp-cp-X (stand-in: *-ca-cu-* as X-cp-cp-X)"
hc-ca-cu-hc,2,-1,2,"GAFF 1.81, from gaff-1.81.dat (AmberTools 24.8) X-cp-cp-X (stand-in: *-ca-cu-* as X-cp-cp-X)"
hc-ca-c3-ca,0,1,2,"GAFF 1.81, from gaff-1.81.dat (AmberTools 24.8) X-c3-ca-X"
hc-ca-c3-ha,0,1,2,"GAFF 1.81, from gaff-1.81.dat (AmberTools 24.8) X-c3-ca-X"
hc-ca-c3-cp,0,1,2,"GAFF 1.81, from gaff-1.81.dat (AmberTools 24.8) X-c3-ca-X"
hc-ca-c3-c1,0,1,2,"GAFF 1.81, from gaff-1.81.dat (AmberTools 24.8) X-c3-ca-X"
hc-ca-c3-cg,0,1,2,"GAFF 1.81, from gaff-1.81.dat (AmberTools 24.8) X-c3-ca-X"
hc-ca-c3-ch,0,1,2,"GAFF 1.81, from gaff-1.81.dat (AmberTools 24.8) X-c3-ca-X"
hc-ca-c3-ce,0,1,2,"GAFF 1.81, from gaff-1.81.dat (AmberTools 24.8) X-c3-ca-X"
hc-ca-c3-cu,0,1,2,"GAFF 1.81, from gaff-1.81.dat (AmberTools 24.8) X-c3-ca-X"
hc-ca-c3-c3,0,1,2,"GAFF 1.81, from gaff-1.81.dat (AmberTools 24.8) X-c3-ca-X"
hc-ca-c3-hc,0,1,2,"GAFF 1.81, from gaff-1.81.dat (AmberTools 24.8) X-c3-ca-X"
hc-cp-ca-ca,7.25,-1,2,"GAFF 1.81, from gaff-1.81.dat (AmberTools 24.8) X-ca-cp-X"
hc-cp-ca-ha,7.25,-1,2,"GAFF 1.81, from gaff-1.81.dat (AmberTools 24.8) X-ca-cp-X"
hc-cp-ca-cp,7.25,-1,2,"GAFF 1.81, from gaff-1.81.dat (AmberTools 24.8) X-ca-cp-X"
hc-cp-ca-c1,7.25,-1,2,"GAFF 1.81, from gaff-1.81.dat (AmberTools 24.8) X-ca-cp-X"
hc-cp-ca-cg,7.25,-1,2,"GAFF 1.81, from gaff-1.81.dat (AmberTools 24.8) X-ca-cp-X"
hc-cp-ca-ch,7.25,-1,2,"GAFF 1.81, from gaff-1.81.dat (AmberTools 24.8) X-ca-cp-X"
hc-cp-ca-ce,7.25,-1,2,"GAFF 1.81, from gaff-1.81.dat (AmberTools 24.8) X-ca-cp-X"
hc-cp-ca-cu,7.25,-1,2,"GAFF 1.81, from gaff-1.81.dat (AmberTools 24.8) X-ca-cp-X"
hc-cp-ca-c3,7.25,-1,2,"GAFF 1.81, from gaff-1.81.dat (AmberTools 24.8) X-ca-cp-X"
hc-cp-ca-hc,7.25,-1,2,"GAFF 1.81, from gaff-1.81.dat (AmberTools 24.8) X-ca-cp-X"
hc-cp-cp-ca,2,-1,2,"GAFF 1.81, from gaff-1.81.dat (AmberTools 24.8) X-cp-cp-X"
hc-cp-cp-ha,2,-1,2,"GAFF 1.81, from gaff-1.81.dat (AmberTools 24.8) X-cp-cp-X"
hc-cp-cp-cp,2,-1,2,"GAFF 1.81, from gaff-1.81.dat (AmberTools 24.8) X-cp-cp-X"
hc-cp-cp-c1,2,-1,2,"GAFF 1.81, from gaff-1.81.dat (AmberTools 24.8) X-cp-cp-X"
hc-cp-cp-cg,2,-1,2,"GAFF 1.81, from gaff-1.81.dat (AmberTools 24.8) X-cp-cp-X"
hc-cp-cp-ch,2,-1,2,"GAFF 1.81, from gaff-1.81.dat (AmberTools 24.8) X-cp-cp-X"
hc-cp-cp-ce,2,-1,2,"GAFF 1.81, from gaff-1.81.dat (AmberTools 24.8) X-cp-cp-X"
hc-cp-cp-cu,2,-1,2,"GAFF 1.81, from gaff-1.81.dat (AmberTools 24.8) X-cp-cp-X"
hc-cp-cp-c3,2,-1,2,"GAFF 1.81, from gaff-1.81.dat (AmberTools 24.8) X-cp-cp-X"
hc-cp-cp-hc,2,-1,2,"GAFF 1.81, from gaff-1.81.dat (AmberTools 24.8) X-cp-cp-X"
hc-cp-c1-ca,0,-1,2,"GAFF 1.81, from gaff-1.81.dat (AmberTools 24.8) X-c1-ca-X (cp as ca)"
hc-cp-c1-ha,0,-1,2,"GAFF 1.81, from gaff-1.81.dat (AmberTools 24.8) X-c1-ca-X (cp as ca)"
hc-cp-c1-cp,0,-1,2,"GAFF 1.81, from gaff-1.81.dat (AmberTools 24.8) X-c1-ca-X (cp as ca)"
hc-cp-c1-c1,0,-1,2,"GAFF 1.81, from gaff-1.81.dat (AmberTools 24.8) X-c1-ca-X (cp as ca)"
hc-cp-c1-cg,0,-1,2,"GAFF 1.81, from gaff-1.81.dat (AmberTools 24.8) X-c1-ca-X (cp as ca)"
hc-cp-c1-ch,0,-1,2,"GAFF 1.81, from gaff-1.81.dat (AmberTools 24.8) X-c1-ca-X (cp as ca)"
hc-cp-c1-ce,0,-1,2,"GAFF 1.81, from gaff-1.81.dat (AmberTools 24.8) X-c1-ca-X (cp as ca)"
hc-cp-c1-cu,0,-1,2,"GAFF 1.81, from gaff-1.81.dat (AmberTools 24.8) X-c1-ca-X (cp as ca)"
hc-cp-c1-c3,0,-1,2,"GAFF 1.81, from gaff-1.81.dat (AmberTools 24.8) X-c1-ca-X (cp as ca)"
hc-cp-c1-hc,0,-1,2,"GAFF 1.81, from gaff-1.81.dat (AmberTools 24.8) X-c1-ca-X (cp as ca)"
hc-cp-cg-ca,0,-1,2,"GAFF 1.81, from gaff-1.81.dat (AmberTools 24.8) X-c1-ca-X (cg as c1, cp as ca)"
hc-cp-cg-ha,0,-1,2,"GAFF 1.81, from gaff-1.81.dat (AmberTools 24.8) X-c1-ca-X (cg as c1, cp as ca)"
hc-cp-cg-cp,0,-1,2,"GAFF 1.81, from gaff-1.81.dat (AmberTools 24.8) X-c1-ca-X (cg as c1, cp as ca)"
hc-cp-cg-c1,0,-1,2,"GAFF 1.81, from gaff-1.81.dat (AmberTools 24.8) X-c1-ca-X (cg as c1, cp as ca)"
hc-cp-cg-cg,0,-1,2,"GAFF 1.81, from gaff-1.81.dat (AmberTools 24.8) X-c1-ca-X (cg as c1, cp as ca)"
hc-cp-cg-ch,0,-1,2,"GAFF 1.81, from gaff-1.81.dat (AmberTools 24.8) X-c1-ca-X (cg as c1, cp as ca)"
hc-cp-cg-ce,0,-1,2,"GAFF 1.81, from gaff-1.81.dat (AmberTools 24.8) X-c1-ca-X (cg as c1, cp as ca)"
hc-cp-cg-cu,0,-1,2,"GAFF 1.81, from gaff-1.81.dat (AmberTools 24.8) X-c1-ca-X (cg as c1, cp as ca)"
hc-cp-cg-c3,0,-1,2,"GAFF 1.81, from gaff-1.81.dat (AmberTools 24.8) X-c1-ca-X (cg as c1, cp as ca)"
hc-cp-cg-hc,0,-1,2,"GAFF 1.81, from gaff-1.81.dat (AmberTools 24.8) X-c1-ca-X (cg as c1, cp as ca)"
hc-cp-ch-ca,0,-1,2,"GAFF 1.81, from gaff-1.81.dat (AmberTools 24.8) X-c1-ca-X (ch as c1, cp as ca)"
hc-cp-ch-ha,0,-1,2,"GAFF 1.81, from gaff-1.81.dat (AmberTools 24.8) X-c1-ca-X (ch as c1, cp as ca)"
hc-cp-ch-cp,0,-1,2,"GAFF 1.81, from gaff-1.81.dat (AmberTools 24.8) X-c1-ca-X (ch as c1, cp as ca)"
hc-cp-ch-c1,0,-1,2,"GAFF 1.81, from gaff-1.81.dat (AmberTools 24.8) X-c1-ca-X (ch as c1, cp as ca)"
hc-cp-ch-cg,0,-1,2,"GAFF 1.81, from gaff-1.81.dat (AmberTools 24.8) X-c1-ca-X (ch as c1, cp as ca)"
hc-cp-ch-ch,0,-1,2,"GAFF 1.81, from gaff-1.81.dat (AmberTools 24.8) X-c1-ca-X (ch as c1, cp as ca)"
hc-cp-ch-ce,0,-1,2,"GAFF 1.81, from gaff-1.81.dat (AmberTools 24.8) X-c1-ca-X (ch as c1, cp as ca)"
hc-cp-ch-cu,0,-1,2,"GAFF 1.81, from gaff-1.81.dat (AmberTools 24.8) X-c1-ca-X (ch as c1, cp as ca)"
hc-cp-ch-c3,0,-1,2,"GAFF 1.81, from gaff-1.81.dat (AmberTools 24.8) X-c1-ca-X (ch as c1, cp as ca)"
hc-cp-ch-hc,0,-1,2,"GAFF 1.81, from gaff-1.81.dat (AmberTools 24.8) X-c1-ca-X (ch as c1, cp as ca)"
hc-cp-ce-ca,1.4,-1,2,"GAFF 1.81, from gaff-1.81.dat (AmberTools 24.8) X-c2-ca-X (ce as c2, cp as ca)"
hc-cp-ce-ha,1.4,-1,2,"GAFF 1.81, from gaff-1.81.dat (AmberTools 24.8) X-c2-ca-X (ce as c2, cp as ca)"
hc-cp-ce-cp,1.4,-1,2,"GAFF 1.81, from gaff-1.81.dat (AmberTools 24.8) X-c2-ca-X (ce as c2, cp as ca)"
hc-cp-ce-c1,1.4,-1,2,"GAFF 1.81, from gaff-1.81.dat (AmberTools 24.8) X-c2-ca-X (ce as c2, cp as ca)"
hc-cp-ce-cg,1.4,-1,2,"GAFF 1.81, from gaff-1.81.dat (AmberTools 24.8) X-c2-ca-X (ce as c2, cp as ca)"
hc-cp-ce-ch,1.4,-1,2,"GAFF 1.81, from gaff-1.81.dat (AmberTools 24.8) X-c2-ca-X (ce as c2, cp as ca)"
hc-cp-ce-ce,1.4,-1,2,"GAFF 1.81, from gaff-1.81.dat (AmberTools 24.8) X-c2-ca-X (ce as c2, cp as ca)"
hc-cp-ce-cu,1.4,-1,2,"GAFF 1.81, from gaff-1.81.dat (AmberTools 24.8) X-c2-ca-X (ce as c2, cp as ca)"
hc-cp-ce-c3,1.4,-1,2,"GAFF 1.81, from gaff-1.81.dat (AmberTools 24.8) X-c2-ca-X (ce as c2, cp as ca)"
hc-cp-ce-hc,1.4,-1,2,"GAFF 1.81, from gaff-1.81.dat (AmberTools 24.8) X-c2-ca-X (ce as c2, cp as ca)"
hc-cp-cu-ca,2,-1,2,"GAFF 1.81, from gaff-1.81.dat (AmberTools 24.8) X-cp-cp-X (stand-in: *-cp-cu-* as X-cp-cp-X)"
hc-cp-cu-ha,2,-1,2,"GAFF 1.81, from gaff-1.81.dat (AmberTools 24.8) X-cp-cp-X (stand-in: *-cp-cu-* as X-cp-cp-X)"
hc-cp-cu-cp,2,-1,2,"GAFF 1.81, from gaff-1.81.dat (AmberTools 24.8) X-cp-cp-X (stand-in: *-cp-cu-* as X-cp-cp-X)"
hc-cp-cu-c1,2,-1,2,"GAFF 1.81, from gaff-1.81.dat (AmberTools 24.8) X-cp-cp-X (stand-in: *-cp-cu-* as X-cp-cp-X)"
hc-cp-cu-cg,2,-1,2,"GAFF 1.81, from gaff-1.81.dat (AmberTools 24.8) X-cp-cp-X (stand-in: *-cp-cu-* as X-cp-cp-X)"
hc-cp-cu-ch,2,-1,2,"GAFF 1.81, from gaff-1.81.dat (AmberTools 24.8) X-cp-cp-X (stand-in: *-cp-cu-* as X-cp-cp-X)"
hc-cp-cu-ce,2,-1,2,"GAFF 1.81, from gaff-1.81.dat (AmberTools 24.8) X-cp-cp-X (stand-in: *-cp-cu-* as X-cp-cp-X)"
hc-cp-cu-cu,2,-1,2,"GAFF 1.81, from gaff-1.81.dat (AmberTools 24.8) X-cp-cp-X (stand-in: *-cp-cu-* as X-cp-cp-X)"
hc-cp-cu-c3,2,-1,2,"GAFF 1.81, from gaff-1.81.dat (AmberTools 24.8) X-cp-cp-X (stand-in: *-cp-cu-* as X-cp-cp-X)"
hc-cp-cu-hc,2,-1,2,"GAFF 1.81, from gaff-1.81.dat (AmberTools 24.8) X-cp-cp-X (stand-in: *-cp-cu-* as X-cp-cp-X)"
hc-cp-c3-ca,0,1,2,"GAFF 1.81, from gaff-1.81.dat (AmberTools 24.8) X-c3-ca-X (cp as ca)"
hc-cp-c3-ha,0,1,2,"GAFF 1.81, from gaff-1.81.dat (AmberTools 24.8) X-c3-ca-X (cp as ca)"
hc-cp-c3-cp,0,1,2,"GAFF 1.81, from gaff-1.81.dat (AmberTools 24.8) X-c3-ca-X (cp as ca)"
hc-cp-c3-c1,0,1,2,"GAFF 1.81, from gaff-1.81.dat (AmberTools 24.8) X-c3-ca-X (cp as ca)"
hc-cp-c3-cg,0,1,2,"GAFF 1.81, from gaff-1.81.dat (AmberTools 24.8) X-c3-ca-X (cp as ca)"
hc-cp-c3-ch,0,1,2,"GAFF 1.81, from gaff-1.81.dat (AmberTools 24.8) X-c3-ca-X (cp as ca)"
hc-cp-c3-ce,0,1,2,"GAFF 1.81, from gaff-1.81.dat (AmberTools 24.8) X-c3-ca-X (cp as ca)"
hc-cp-c3-cu,0,1,2,"GAFF 1.81, from gaff-1.81.dat (AmberTools 24.8) X-c3-ca-X (cp as ca)"
hc-cp-c3-c3,0,1,2,"GAFF 1.81, from gaff-1.81.dat (AmberTools 24.8) X-c3-ca-X (cp as ca)"
hc-cp-c3-hc,0,1,2,"GAFF 1.81, from gaff-1.81.dat (AmberTools 24.8) X-c3-ca-X (cp as ca)"
hc-c1-ca-ca,0,-1,2,"GAFF 1.81, from gaff-1.81.dat (AmberTools 24.8) X-c1-ca-X"
hc-c1-ca-ha,0,-1,2,"GAFF 1.81, from gaff-1.81.dat (AmberTools 24.8) X-c1-ca-X"
hc-c1-ca-cp,0,-1,2,"GAFF 1.81, from gaff-1.81.dat (AmberTools 24.8) X-c1-ca-X"
hc-c1-ca-c1,0,-1,2,"GAFF 1.81, from gaff-1.81.dat (AmberTools 24.8) X-c1-ca-X"
hc-c1-ca-cg,0,-1,2,"GAFF 1.81, from gaff-1.81.dat (AmberTools 24.8) X-c1-ca-X"
hc-c1-ca-ch,0,-1,2,"GAFF 1.81, from gaff-1.81.dat (AmberTools 24.8) X-c1-ca-X"
hc-c1-ca-ce,0,-1,2,"GAFF 1.81, from gaff-1.81.dat (AmberTools 24.8) X-c1-ca-X"
hc-c1-ca-cu,0,-1,2,"GAFF 1.81, from gaff-1.81.dat (AmberTools 24.8) X-c1-ca-X"
hc-c1-ca-c3,0,-1,2,"GAFF 1.81, from gaff-1.81.dat (AmberTools 24.8) X-c1-ca-X"
hc-c1-ca-hc,0,-1,2,"GAFF 1.81, from gaff-1.81.dat (AmberTools 24.8) X-c1-ca-X"
hc-c1-cp-ca,0,-1,2,"GAFF 1.81, from gaff-1.81.dat (AmberTools 24.8) X-c1-ca-X (cp as ca)"
hc-c1-cp-ha,0,-1,2,"GAFF 1.81, from gaff-1.81.dat (AmberTools 24.8) X-c1-ca-X (cp as ca)"
hc-c1-cp-cp,0,-1,2,"GAFF 1.81, from gaff-1.81.dat (AmberTools 24.8) X-c1-ca-X (cp as ca)"
hc-c1-cp-c1,0,-1,2,"GAFF 1.81, from gaff-1.81.dat (AmberTools 24.8) X-c1-ca-X (cp as ca)"
hc-c1-cp-cg,0,-1,2,"GAFF 1.81, from gaff-1.81.dat (AmberTools 24.8) X-c1-ca-X (cp as ca)"
hc-c1-cp-ch,0,-1,2,"GAFF 1.81, from gaff-1.81.dat (AmberTools 24.8) X-c1-ca-X (cp as ca)"
hc-c1-cp-ce,0,-1,2,"GAFF 1.81, from gaff-1.81.dat (AmberTools 24.8) X-c1-ca-X (cp as ca)"
hc-c1-cp-cu,0,-1,2,"GAFF 1.81, from gaff-1.81.dat (AmberTools 24.8) X-c1-ca-X (cp as ca)"
hc-c1-cp-c3,0,-1,2,"GAFF 1.81, from gaff-1.81.dat (AmberTools 24.8) X-c1-ca-X (cp as ca)"
hc-c1-cp-hc,0,-1,2,"GAFF 1.81, from gaff-1.81.dat (AmberTools 24.8) X-c1-ca-X (cp as ca)"
hc-c1-c1-ca,0,-1,2,"GAFF 1.81, from gaff-1.81.dat (AmberTools 24.8) X-c1-c1-X"
hc-c1-c1-ha,0,-1,2,"GAFF 1.81, from gaff-1.81.dat (AmberTools 24.8) X-c1-c1-X"
hc-c1-c1-cp,0,-1,2,"GAFF 1.81, from gaff-1.81.dat (AmberTools 24.8) X-c1-c1-X"
hc-c1-c1-c1,0,-1,2,"GAFF 1.81, from gaff-1.81.dat (AmberTools 24.8) X-c1-c1-X"
hc-c1-c1-cg,0,-1,2,"GAFF 1.81, from gaff-1.81.dat (AmberTools 24.8) X-c1-c1-X"
hc-c1-c1-ch,0,-1,2,"GAFF 1.81, from gaff-1.81.dat (AmberTools 24.8) X-c1-c1-X"
hc-c1-c1-ce,0,-1,2,"GAFF 1.81, from gaff-1.81.dat (AmberTools 24.8) X-c1-c1-X"
hc-c1-c1-cu,0,-1,2,"GAFF 1.81, from gaff-1.81.dat (AmberTools 24.8) X-c1-c1-X"
hc-c1-c1-c3,0,-1,2,"GAFF 1.81, from gaff-1.81.dat (AmberTools 24.8) X-c1-c1-X"
hc-c1-c1-hc,0,-1,2,"GAFF 1.81, from gaff-1.81.dat (AmberTools 24.8) X-c1-c1-X"
hc-c1-cg-ca,0,-1,2,"GAFF 1.81, from gaff-1.81.dat (AmberTools 24.8) X-c1-cg-X"
hc-c1-cg-ha,0,-1,2,"GAFF 1.81, from gaff-1.81.dat (AmberTools 24.8) X-c1-cg-X"
hc-c1-cg-cp,0,-1,2,"GAFF 1.81, from gaff-1.81.dat (AmberTools 24.8) X-c1-cg-X"
hc-c1-cg-c1,0,-1,2,"GAFF 1.81, from gaff-1.81.dat (AmberTools 24.8) X-c1-cg-X"
hc-c1-cg-cg,0,-1,2,"GAFF 1.81, from gaff-1.81.dat (AmberTools 24.8) X-c1-cg-X"
hc-c1-cg-ch,0,-1,2,"GAFF 1.81, from gaff-1.81.dat (AmberTools 24.8) X-c1-cg-X"
hc-c1-cg-ce,0,-1,2,"GAFF 1.81, from gaff-1.81.dat (AmberTools 24.8) X-c1-cg-X"
hc-c1-cg-cu,0,-1,2,"GAFF 1.81, from gaff-1.81.dat (AmberTools 24.8) X-c1-cg-X"
hc-c1-cg-c3,0,-1,2,"GAFF 1.81, from gaff-1.81.dat (AmberTools 24.8) X-c1-cg-X"
hc-c1-cg-hc,0,-1,2,"GAFF 1.81, from gaff-1.81.dat (AmberTools 24.8) X-c1-cg-X"
hc-c1-ch-ca,0,-1,2,"GAFF 1.81, from gaff-1.81.dat (AmberTools 24.8) X-c1-ch-X"
hc-c1-ch-ha,0,-1,2,"GAFF 1.81, from gaff-1.81.dat (AmberTools 24.8) X-c1-ch-X"
hc-c1-ch-cp,0,-1,2,"GAFF 1.81, from gaff-1.81.dat (AmberTools 24.8) X-c1-ch-X"
hc-c1-ch-c1,0,-1,2,"GAFF 1.81, from gaff-1.81.dat (AmberTools 24.8) X-c1-ch-X"
hc-c1-ch-cg,0,-1,2,"GAFF 1.81, from gaff-1.81.dat (AmberTools 24.8) X-c1-ch-X"
hc-c1-ch-ch,0,-1,2,"GAFF 1.81, from gaff-1.81.dat (AmberTools 24.8) X-c1-ch-X"
hc-c1-ch-ce,0,-1,2,"GAFF 1.81, from gaff-1.81.dat (AmberTools 24.8) X-c1-ch-X"
hc-c1-ch-cu,0,-1,2,"GAFF 1.81, from gaff-1.81.dat (AmberTools 24.8) X-c1-ch-X"
hc-c1-ch-c3,0,-1,2,"GAFF 1.81, from gaff-1.81.dat (AmberTools 24.8) X-c1-ch-X"
hc-c1-ch-hc,0,-1,2,"GAFF 1.81, from gaff-1.81.dat (AmberTools 24.8) X-c1-ch-X"
hc-c1-ce-ca,0,-1,2,"GAFF 1.81, from gaff-1.81.dat (AmberTools 24.8) X-c1-ce-X"
hc-c1-ce-ha,0,-1,2,"GAFF 1.81, from gaff-1.81.dat (AmberTools 24.8) X-c1-ce-X"
hc-c1-ce-cp,0,-1,2,"GAFF 1.81, from gaff-1.81.dat (AmberTools 24.8) X-c1-ce-X"
hc-c1-ce-c1,0,-1,2,"GAFF 1.81, from gaff-1.81.dat (AmberTools 24.8) X-c1-ce-X"
hc-c1-ce-cg,0,-1,2,"GAFF 1.81, from gaff-1.81.dat (AmberTools 24.8) X-c1-ce-X"
hc-c1-ce-ch,0,-1,2,"GAFF 1.81, from gaff-1.81.dat (AmberTools 24.8) X-c1-ce-X"
hc-c1-ce-ce,0,-1,2,"GAFF 1.81, from gaff-1.81.dat (AmberTools 24.8) X-c1-ce-X"
hc-c1-ce-cu,0,-1,2,"GAFF 1.81, from gaff-1.81.dat (AmberTools 24.8) X-c1-ce-X"
hc-c1-ce-c3,0,-1,2,"GAFF 1.81, from gaff-1.81.dat (AmberTools 24.8) X-c1-ce-X"
hc-c1-ce-hc,0,-1,2,"GAFF 1.81, from gaff-1.81.dat (AmberTools 24.8) X-c1-ce-X"
hc-c1-cu-ca,0,-1,2,"GAFF 1.81, from gaff-1.81.dat (AmberTools 24.8) X-c1-cu-X"
hc-c1-cu-ha,0,-1,2,"GAFF 1.81, from gaff-1.81.dat (AmberTools 24.8) X-c1-cu-X"
hc-c1-cu-cp,0,-1,2,"GAFF 1.81, from gaff-1.81.dat (AmberTools 24.8) X-c1-cu-X"
hc-c1-cu-c1,0,-1,2,"GAFF 1.81, from gaff-1.81.dat (AmberTools 24.8) X-c1-cu-X"
hc-c1-cu-cg,0,-1,2,"GAFF 1.81, from gaff-1.81.dat (AmberTools 24.8) X-c1-cu-X"
hc-c1-cu-ch,0,-1,2,"GAFF 1.81, from gaff-1.81.dat (AmberTools 24.8) X-c1-cu-X"
hc-c1-cu-ce,0,-1,2,"GAFF 1.81, from gaff-1.81.dat (AmberTools 24.8) X-c1-cu-X"
hc-c1-cu-cu,0,-1,2,"GAFF 1.81, from gaff-1.81.dat (AmberTools 24.8) X-c1-cu-X"
hc-c1-cu-c3,0,-1,2,"GAFF 1.81, from gaff-1.81.dat (AmberTools 24.8) X-c1-cu-X"
hc-c1-cu-hc,0,-1,2,"GAFF 1.81, from gaff-1.81.dat (AmberTools 24.8) X-c1-cu-X"
hc-c1-c3-ca,0,-1,2,"GAFF 1.81, from gaff-1.81.dat (AmberTools 24.8) X-c1-c3-X"
hc-c1-c3-ha,0,-1,2,"GAFF 1.81, from gaff-1.81.dat (AmberTools 24.8) X-c1-c3-X"
hc-c1-c3-cp,0,-1,2,"GAFF 1.81, from gaff-1.81.dat (AmberTools 24.8) X-c1-c3-X"
hc-c1-c3-c1,0,-1,2,"GAFF 1.81, from gaff-1.81.dat (AmberTools 24.8) X-c1-c3-X"
hc-c1-c3-cg,0,-1,2,"GAFF 1.81, from gaff-1.81.dat (AmberTools 24.8) X-c1-c3-X"
hc-c1-c3-ch,0,-1,2,"GAFF 1.81, from gaff-1.81.dat (AmberTools 24.8) X-c1-c3-X"
hc-c1-c3-ce,0,-1,2,"GAFF 1.81, from gaff-1.81.dat (AmberTools 24.8) X-c1-c3-X"
hc-c1-c3-cu,0,-1,2,"GAFF 1.81, from gaff-1.81.dat (AmberTools 24.8) X-c1-c3-X"
hc-c1-c3-c3,0,-1,2,"GAFF 1.81, from gaff-1.81.dat (AmberTools 24.8) X-c1-c3-X"
hc-c1-c3-hc,0,-1,2,"GAFF 1.81, from gaff-1.81.dat (AmberTools 24.8) X-c1-c3-X"
hc-cg-ca-ca,0,-1,2,"GAFF 1.81, from gaff-1.81.dat (AmberTools 24.8) X-c1-ca-X (cg as c1)"
hc-cg-ca-ha,0,-1,2,"GAFF 1.81, from gaff-1.81.dat (AmberTools 24.8) X-c1-ca-X (cg as c1)"
hc-cg-ca-cp,0,-1,2,"GAFF 1.81, from gaff-1.81.dat (AmberTools 24.8) X-c1-ca-X (cg as c1)"
hc-cg-ca-c1,0,-1,2,"GAFF 1.81, from gaff-1.81.dat (AmberTools 24.8) X-c1-ca-X (cg as c1)"
hc-cg-ca-cg,0,-1,2,"GAFF 1.81, from gaff-1.81.dat (AmberTools 24.8) X-c1-ca-X (cg as c1)"
hc-cg-ca-ch,0,-1,2,"GAFF 1.81, from gaff-1.81.dat (AmberTools 24.8) X-c1-ca-X (cg as c1)"
hc-cg-ca-ce,0,-1,2,"GAFF 1.81, from gaff-1.81.dat (AmberTools 24.8) X-c1-ca-X (cg as c1)"
hc-cg-ca-cu,0,-1,2,"GAFF 1.81, from gaff-1.81.dat (AmberTools 24.8) X-c1-ca-X (cg as c1)"
hc-cg-ca-c3,0,-1,2,"GAFF 1.81, from gaff-1.81.dat (AmberTools 24.8) X-c1-ca-X (cg as c1)"
hc-cg-ca-hc,0,-1,2,"GAFF 1.81, from gaff-1.81.dat (AmberTools 24.8) X-c1-ca-X (cg as c1)"
hc-cg-cp-ca,0,-1,2,"GAFF 1.81, from gaff-1.81.dat (AmberTools 24.8) X-c1-ca-X (cg as c1, cp as ca)"
hc-cg-cp-ha,0,-1,2,"GAFF 1.81, from gaff-1.81.dat (AmberTools 24.8) X-c1-ca-X (cg as c1, cp as ca)"
hc-cg-cp-cp,0,-1,2,"GAFF 1.81, from gaff-1.81.dat (AmberTools 24.8) X-c1-ca-X (cg as c1, cp as ca)"
hc-cg-cp-c1,0,-1,2,"GAFF 1.81, from gaff-1.81.dat (AmberTools 24.8) X-c1-ca-X (cg as c1, cp as ca)"
hc-cg-cp-cg,0,-1,2,"GAFF 1.81, from gaff-1.81.dat (AmberTools 24.8) X-c1-ca-X (cg as c1, cp as ca)"
hc-cg-cp-ch,0,-1,2,"GAFF 1.81, from gaff-1.81.dat (AmberTools 24.8) X-c1-ca-X (cg as c1, cp as ca)"
hc-cg-cp-ce,0,-1,2,"GAFF 1.81, from gaff-1.81.dat (AmberTools 24.8) X-c1-ca-X (cg as c1, cp as ca)"
hc-cg-cp-cu,0,-1,2,"GAFF 1.81, from gaff-1.81.dat (AmberTools 24.8) X-c1-ca-X (cg as c1, cp as ca)"
hc-cg-cp-c3,0,-1,2,"GAFF 1.81, from gaff-1.81.dat (AmberTools 24.8) X-c1-ca-X (cg as c1, cp as ca)"
hc-cg-cp-hc,0,-1,2,"GAFF 1.81, from gaff-1.81.dat (AmberTools 24.8) X-c1-ca-X (cg as c1, cp as ca)"
hc-cg-c1-ca,0,-1,2,"GAFF 1.81, from gaff-1.81.dat (AmberTools 24.8) X-c1-cg-X"
hc-cg-c1-ha,0,-1,2,"GAFF 1.81, from gaff-1.81.dat (AmberTools 24.8) X-c1-cg-X"
hc-cg-c1-cp,0,-1,2,"GAFF 1.81, from gaff-1.81.dat (AmberTools 24.8) X-c1-cg-X"
hc-cg-c1-c1,0,-1,2,"GAFF 1.81, from gaff-1.81.dat (AmberTools 24.8) X-c1-cg-X"
hc-cg-c1-cg,0,-1,2,"GAFF 1.81, from gaff-1.81.dat (AmberTools 24.8) X-c1-cg-X"
hc-cg-c1-ch,0,-1,2,"GAFF 1.81, from gaff-1.81.dat (AmberTools 24.8) X-c1-cg-X"
hc-cg-c1-ce,0,-1,2,"GAFF 1.81, from gaff-1.81.dat (AmberTools 24.8) X-c1-cg-X"
hc-cg-c1-cu,0,-1,2,"GAFF 1.81, from gaff-1.81.dat (AmberTools 24.8) X-c1-cg-X"
hc-cg-c1-c3,0,-1,2,"GAFF 1.81, from gaff-1.81.dat (AmberTools 24.8) X-c1-cg-X"
hc-cg-c1-hc,0,-1,2,"GAFF 1.81, from gaff-1.81.dat (AmberTools 24.8) X-c1-cg-X"
hc-cg-cg-ca,0,-1,2,"GAFF 1.81, from gaff-1.81.dat (AmberTools 24.8) X-cg-cg-X"
hc-cg-cg-ha,0,-1,2,"GAFF 1.81, from gaff-1.81.dat (AmberTools 24.8) X-cg-cg-X"
hc-cg-cg-cp,0,-1,2,"GAFF 1.81, from gaff-1.81.dat (AmberTools 24.8) X-cg-cg-X"
hc-cg-cg-c1,0,-1,2,"GAFF 1.81, from gaff-1.81.dat (AmberTools 24.8) X-cg-cg-X"
hc-cg-cg-cg,0,-1,2,"GAFF 1.81, from gaff-1.81.dat (AmberTools 24.8) X-cg-cg-X"
hc-cg-cg-ch,0,-1,2,"GAFF 1.81, from gaff-1.81.dat (AmberTools 24.8) X-cg-cg-X"
hc-cg-cg-ce,0,-1,2,"GAFF 1.81, from gaff-1.81.dat (AmberTools 24.8) X-cg-cg-X"
hc-cg-cg-cu,0,-1,2,"GAFF 1.81, from gaff-1.81.dat (AmberTools 24.8) X-cg-cg-X"
hc-cg-cg-c3,0,-1,2,"GAFF 1.81, from gaff-1.81.dat (AmberTools 24.8) X-cg-cg-X"
hc-cg-cg-hc,0,-1,2,"GAFF 1.81, from gaff-1.81.dat (AmberTools 24.8) X-cg-cg-X"
hc-cg-ch-ca,0,-1,2,"GAFF 1.81, from gaff-1.81.dat (AmberTools 24.8) X-cg-ch-X"
hc-cg-ch-ha,0,-1,2,"GAFF 1.81, from gaff-1.81.dat (AmberTools 24.8) X-cg-ch-X"
hc-cg-ch-cp,0,-1,2,"GAFF 1.81, from gaff-1.81.dat (AmberTools 24.8) X-cg-ch-X"
hc-cg-ch-c1,0,-1,2,"GAFF 1.81, from gaff-1.81.dat (AmberTools 24.8) X-cg-ch-X"
hc-cg-ch-cg,0,-1,2,"GAFF 1.81, from gaff-1.81.dat (AmberTools 24.8) X-cg-ch-X"
hc-cg-ch-ch,0,-1,2,"GAFF 1.81, from gaff-1.81.dat (AmberTools 24.8) X-cg-ch-X"
hc-cg-ch-ce,0,-1,2,"GAFF 1.81, from gaff-1.81.dat (AmberTools 24.8) X-cg-ch-X"
hc-cg-ch-cu,0,-1,2,"GAFF 1.81, from gaff-1.81.dat (AmberTools 24.8) X-cg-ch-X"
hc-cg-ch-c3,0,-1,2,"GAFF 1.81, from gaff-1.81.dat (AmberTools 24.8) X-cg-ch-X"
hc-cg-ch-hc,0,-1,2,"GAFF 1.81, from gaff-1.81.dat (AmberTools 24.8) X-cg-ch-X"
hc-cg-ce-ca,0,-1,2,"GAFF 1.81, from gaff-1.81.dat (AmberTools 24.8) X-c1-ce-X (cg as c1)"
hc-cg-ce-ha,0,-1,2,"GAFF 1.81, from gaff-1.81.dat (AmberTools 24.8) X-c1-ce-X (cg as c1)"
hc-cg-ce-cp,0,-1,2,"GAFF 1.81, from gaff-1.81.dat (AmberTools 24.8) X-c1-ce-X (cg as c1)"
hc-cg-ce-c1,0,-1,2,"GAFF 1.81, from gaff-1.81.dat (AmberTools 24.8) X-c1-ce-X (cg as c1)"
hc-cg-ce-cg,0,-1,2,"GAFF 1.81, from gaff-1.81.dat (AmberTools 24.8) X-c1-ce-X (cg as c1)"
hc-cg-ce-ch,0,-1,2,"GAFF 1.81, from gaff-1.81.dat (AmberTools 24.8) X-c1-ce-X (cg as c1)"
hc-cg-ce-ce,0,-1,2,"GAFF 1.81, from gaff-1.81.dat (AmberTools 24.8) X-c1-ce-X (cg as c1)"
hc-cg-ce-cu,0,-1,2,"GAFF 1.81, from gaff-1.81.dat (AmberTools 24.8) X-c1-ce-X (cg as c1)"
hc-cg-ce-c3,0,-1,2,"GAFF 1.81, from gaff-1.81.dat (AmberTools 24.8) X-c1-ce-X (cg as c1)"
hc-cg-ce-hc,0,-1,2,"GAFF 1.81, from gaff-1.81.dat (AmberTools 24.8) X-c1-ce-X (cg as c1)"
hc-cg-cu-ca,0,-1,2,"GAFF 1.81, from gaff-1.81.dat (AmberTools 24.8) X-c1-c1-X (stand-in: *-cg-cu-* as X-c1-c1-X)"
hc-cg-cu-ha,0,-1,2,"GAFF 1.81, from gaff-1.81.dat (AmberTools 24.8) X-c1-c1-X (stand-in: *-cg-cu-* as X-c1-c1-X)"
hc-cg-cu-cp,0,-1,2,"GAFF 1.81, from gaff-1.81.dat (AmberTools 24.8) X-c1-c1-X (stand-in: *-cg-cu-* as X-c1-c1-X)"
hc-cg-cu-c1,0,-1,2,"GAFF 1.81, from gaff-1.81.dat (AmberTools 24.8) X-c1-c1-X (stand-in: *-cg-cu-* as X-c1-c1-X)"
hc-cg-cu-cg,0,-1,2,"GAFF 1.81, from gaff-1.81.dat (AmberTools 24.8) X-c1-c1-X (stand-in: *-cg-cu-* as X-c1-c1-X)"
hc-cg-cu-ch,0,-1,2,"GAFF 1.81, from gaff-1.81.dat (AmberTools 24.8) X-c1-c1-X (stand-in: *-cg-cu-* as X-c1-c1-X)"
hc-cg-cu-ce,0,-1,2,"GAFF 1.81, from gaff-1.81.dat (AmberTools 24.8) X-c1-c1-X (stand-in: *-cg-cu-* as X-c1-c1-X)"
hc-cg-cu-cu,0,-1,2,"GAFF 1.81, from gaff-1.81.dat (AmberTools 24.8) X-c1-c1-X (stand-in: *-cg-cu-* as X-c1-c1-X)"
hc-cg-cu-c3,0,-1,2,"GAFF 1.81, from gaff-1.81.dat (AmberTools 24.8) X-c1-c1-X (stand-in: *-cg-cu-* as X-c1-c1-X)"
hc-cg-cu-hc,0,-1,2,"GAFF 1.81, from gaff-1.81.dat (AmberTools 24.8) X-c1-c1-X (stand-in: *-cg-cu-* as X-c1-c1-X)"
hc-cg-c3-ca,0,-1,2,"GAFF 1.81, from gaff-1.81.dat (AmberTools 24.8) X-c1-c3-X (cg as c1)"
hc-cg-c3-ha,0,-1,2,"GAFF 1.81, from gaff-1.81.dat (AmberTools 24.8) X-c1-c3-X (cg as c1)"
hc-cg-c3-cp,0,-1,2,"GAFF 1.81, from gaff-1.81.dat (AmberTools 24.8) X-c1-c3-X (cg as c1)"
hc-cg-c3-c1,0,-1,2,"GAFF 1.81, from gaff-1.81.dat (AmberTools 24.8) X-c1-c3-X (cg as c1)"
hc-cg-c3-cg,0,-1,2,"GAFF 1.81, from gaff-1.81.dat (AmberTools 24.8) X-c1-c3-X (cg as c1)"
hc-cg-c3-ch,0,-1,2,"GAFF 1.81, from gaff-1.81.dat (AmberTools 24.8) X-c1-c3-X (cg as c1)"
hc-cg-c3-ce,0,-1,2,"GAFF 1.81, from gaff-1.81.dat (AmberTools 24.8) X-c1-c3-X (cg as c1)"
hc-cg-c3-cu,0,-1,2,"GAFF 1.81, from gaff-1.81.dat (AmberTools 24.8) X-c1-c3-X (cg as c1)"
hc-cg-c3-c3,0,-1,2,"GAFF 1.81, from gaff-1.81.dat (AmberTools 24.8) X-c1-c3-X (cg as c1)"
hc-cg-c3-hc,0,-1,2,"GAFF 1.81, from gaff-1.81.dat (AmberTools 24.8) X-c1-c3-X (cg as c1)"
hc-ch-ca-ca,0,-1,2,"GAFF 1.81, from gaff-1.81.dat (AmberTools 24.8) X-c1-ca-X (ch as c1)"
hc-ch-ca-ha,0,-1,2,"GAFF 1.81, from gaff-1.81.dat (AmberTools 24.8) X-c1-ca-X (ch as c1)"
hc-ch-ca-cp,0,-1,2,"GAFF 1.81, from gaff-1.81.dat (AmberTools 24.8) X-c1-ca-X (ch as c1)"
hc-ch-ca-c1,0,-1,2,"GAFF 1.81, from gaff-1.81.dat (AmberTools 24.8) X-c1-ca-X (ch as c1)"
hc-ch-ca-cg,0,-1,2,"GAFF 1.81, from gaff-1.81.dat (AmberTools 24.8) X-c1-ca-X (ch as c1)"
hc-ch-ca-ch,0,-1,2,"GAFF 1.81, from gaff-1.81.dat (AmberTools 24.8) X-c1-ca-X (ch as c1)"
hc-ch-ca-ce,0,-1,2,"GAFF 1.81, from gaff-1.81.dat (AmberTools 24.8) X-c1-ca-X (ch as c1)"
hc-ch-ca-cu,0,-1,2,"GAFF 1.81, from gaff-1.81.dat (AmberTools 24.8) X-c1-ca-X (ch as c1)"
hc-ch-ca-c3,0,-1,2,"GAFF 1.81, from gaff-1.81.dat (AmberTools 24.8) X-c1-ca-X (ch as c1)"
hc-ch-ca-hc,0,-1,2,"GAFF 1.81, from gaff-1.81.dat (AmberTools 24.8) X-c1-ca-X (ch as c1)"
hc-ch-cp-ca,0,-1,2,"GAFF 1.81, from gaff-1.81.dat (AmberTools 24.8) X-c1-ca-X (ch as c1, cp as ca)"
hc-ch-cp-ha,0,-1,2,"GAFF 1.81, from gaff-1.81.dat (AmberTools 24.8) X-c1-ca-X (ch as c1, cp as ca)"
hc-ch-cp-cp,0,-1,2,"GAFF 1.81, from gaff-1.81.dat (AmberTools 24.8) X-c1-ca-X (ch as c1, cp as ca)"
hc-ch-cp-c1,0,-1,2,"GAFF 1.81, from gaff-1.81.dat (AmberTools 24.8) X-c1-ca-X (ch as c1, cp as ca)"
hc-ch-cp-cg,0,-1,2,"GAFF 1.81, from gaff-1.81.dat (AmberTools 24.8) X-c1-ca-X (ch as c1, cp as ca)"
hc-ch-cp-ch,0,-1,2,"GAFF 1.81, from gaff-1.81.dat (AmberTools 24.8) X-c1-ca-X (ch as c1, cp as ca)"
hc-ch-cp-ce,0,-1,2,"GAFF 1.81, from gaff-1.81.dat (AmberTools 24.8) X-c1-ca-X (ch as c1, cp as ca)"
hc-ch-cp-cu,0,-1,2,"GAFF 1.81, from gaff-1.81.dat (AmberTools 24.8) X-c1-ca-X (ch as c1, cp as ca)"
hc-ch-cp-c3,0,-1,2,"GAFF 1.81, from gaff-1.81.dat (AmberTools 24.8) X-c1-ca-X (ch as c1, cp as ca)"
hc-ch-cp-hc,0,-1,2,"GAFF 1.81, from gaff-1.81.dat (AmberTools 24.8) X-c1-ca-X (ch as c1, cp as ca)"
hc-ch-c1-ca,0,-1,2,"GAFF 1.81, from gaff-1.81.dat (AmberTools 24.8) X-c1-ch-X"
hc-ch-c1-ha,0,-1,2,"GAFF 1.81, from gaff-1.81.dat (AmberTools 24.8) X-c1-ch-X"
hc-ch-c1-cp,0,-1,2,"GAFF 1.81, from gaff-1.81.dat (AmberTools 24.8) X-c1-ch-X"
hc-ch-c1-c1,0,-1,2,"GAFF 1.81, from gaff-1.81.dat (AmberTools 24.8) X-c1-ch-X"
hc-ch-c1-cg,0,-1,2,"GAFF 1.81, from gaff-1.81.dat (AmberTools 24.8) X-c1-ch-X"
hc-ch-c1-ch,0,-1,2,"GAFF 1.81, from gaff-1.81.dat (AmberTools 24.8) X-c1-ch-X"
hc-ch-c1-ce,0,-1,2,"GAFF 1.81, from gaff-1.81.dat (AmberTools 24.8) X-c1-ch-X"
hc-ch-c1-cu,0,-1,2,"GAFF 1.81, from gaff-1.81.dat (AmberTools 24.8) X-c1-ch-X"
hc-ch-c1-c3,0,-1,2,"GAFF 1.81, from gaff-1.81.dat (AmberTools 24.8) X-c1-ch-X"
hc-ch-c1-hc,0,-1,2,"GAFF 1.81, from gaff-1.81.dat (AmberTools 24.8) X-c1-ch-X"
hc-ch-cg-ca,0,-1,2,"GAFF 1.81, from gaff-1.81.dat (AmberTools 24.8) X-cg-ch-X"
hc-ch-cg-ha,0,-1,2,"GAFF 1.81, from gaff-1.81.dat (AmberTools 24.8) X-cg-ch-X"
hc-ch-cg-cp,0,-1,2,"GAFF 1.81, from gaff-1.81.dat (AmberTools 24.8) X-cg-ch-X"
hc-ch-cg-c1,0,-1,2,"GAFF 1.81, from gaff-1.81.dat (AmberTools 24.8) X-cg-ch-X"
hc-ch-cg-cg,0,-1,2,"GAFF 1.81, from gaff-1.81.dat (AmberTools 24.8) X-cg-ch-X"
hc-ch-cg-ch,0,-1,2,"GAFF 1.81, from gaff-1.81.dat (AmberTools 24.8) X-cg-ch-X"
hc-ch-cg-ce,0,-1,2,"GAFF 1.81, from gaff-1.81.dat (AmberTools 24.8) X-cg-ch-X"
hc-ch-cg-cu,0,-1,2,"GAFF 1.81, from gaff-1.81.dat (AmberTools 24.8) X-cg-ch-X"
hc-ch-cg-c3,0,-1,2,"GAFF 1.81, from gaff-1.81.dat (AmberTools 24.8) X-cg-ch-X"
hc-ch-cg-hc,0,-1,2,"GAFF 1.81, from gaff-1.81.dat (AmberTools 24.8) X-cg-ch-X"
hc-ch-ch-ca,0,-1,2,"GAFF 1.81, from gaff-1.81.dat (AmberTools 24.8) X-ch-ch-X"
hc-ch-ch-ha,0,-1,2,"GAFF 1.81, from gaff-1.81.dat (AmberTools 24.8) X-ch-ch-X"
hc-ch-ch-cp,0,-1,2,"GAFF 1.81, from gaff-1.81.dat (AmberTools 24.8) X-ch-ch-X"
hc-ch-ch-c1,0,-1,2,"GAFF 1.81, from gaff-1.81.dat (AmberTools 24.8) X-ch-ch-X"
hc-ch-ch-cg,0,-1,2,"GAFF 1.81, from gaff-1.81.dat (AmberTools 24.8) X-ch-ch-X"
hc-ch-ch-ch,0,-1,2,"GAFF 1.81, from gaff-1.81.dat (AmberTools 24.8) X-ch-ch-X"
hc-ch-ch-ce,0,-1,2,"GAFF 1.81, from gaff-1.81.dat (AmberTools 24.8) X-ch-ch-X"
hc-ch-ch-cu,0,-1,2,"GAFF 1.81, from gaff-1.81.dat (AmberTools 24.8) X-ch-ch-X"
hc-ch-ch-c3,0,-1,2,"GAFF 1.81, from gaff-1.81.dat (AmberTools 24.8) X-ch-ch-X"
hc-ch-ch-hc,0,-1,2,"GAFF 1.81, from gaff-1.81.dat (AmberTools 24.8) X-ch-ch-X"
hc-ch-ce-ca,0,-1,2,"GAFF 1.81, from gaff-1.81.dat (AmberTools 24.8) X-c1-ce-X (ch as c1)"
hc-ch-ce-ha,0,-1,2,"GAFF 1.81, from gaff-1.81.dat (AmberTools 24.8) X-c1-ce-X (ch as c1)"
hc-ch-ce-cp,0,-1,2,"GAFF 1.81, from gaff-1.81.dat (AmberTools 24.8) X-c1-ce-X (ch as c1)"
hc-ch-ce-c1,0,-1,2,"GAFF 1.81, from gaff-1.81.dat (AmberTools 24.8) X-c1-ce-X (ch as c1)"
hc-ch-ce-cg,0,-1,2,"GAFF 1.81, from gaff-1.81.dat (AmberTools 24.8) X-c1-ce-X (ch as c1)"
hc-ch-ce-ch,0,-1,2,"GAFF 1.81, from gaff-1.81.dat (AmberTools 24.8) X-c1-ce-X (ch as c1)"
hc-ch-ce-ce,0,-1,2,"GAFF 1.81, from gaff-1.81.dat (AmberTools 24.8) X-c1-ce-X (ch as c1)"
hc-ch-ce-cu,0,-1,2,"GAFF 1.81, from gaff-1.81.dat (AmberTools 24.8) X-c1-ce-X (ch as c1)"
hc-ch-ce-c3,0,-1,2,"GAFF 1.81, from gaff-1.81.dat (AmberTools 24.8) X-c1-ce-X (ch as c1)"
hc-ch-ce-hc,0,-1,2,"GAFF 1.81, from gaff-1.81.dat (AmberTools 24.8) X-c1-ce-X (ch as c1)"
hc-ch-cu-ca,0,-1,2,"GAFF 1.81, from gaff-1.81.dat (AmberTools 24.8) X-c1-c1-X (stand-in: *-ch-cu-* as X-c1-c1-X)"
hc-ch-cu-ha,0,-1,2,"GAFF 1.81, from gaff-1.81.dat (AmberTools 24.8) X-c1-c1-X (stand-in: *-ch-cu-* as X-c1-c1-X)"
hc-ch-cu-cp,0,-1,2,"GAFF 1.81, from gaff-1.81.dat (AmberTools 24.8) X-c1-c1-X (stand-in: *-ch-cu-* as X-c1-c1-X)"
hc-ch-cu-c1,0,-1,2,"GAFF 1.81, from gaff-1.81.dat (AmberTools 24.8) X-c1-c1-X (stand-in: *-ch-cu-* as X-c1-c1-X)"
hc-ch-cu-cg,0,-1,2,"GAFF 1.81, from gaff-1.81.dat (AmberTools 24.8) X-c1-c1-X (stand-in: *-ch-cu-* as X-c1-c1-X)"
hc-ch-cu-ch,0,-1,2,"GAFF 1.81, from gaff-1.81.dat (AmberTools 24.8) X-c1-c1-X (stand-in: *-ch-cu-* as X-c1-c1-X)"
hc-ch-cu-ce,0,-1,2,"GAFF 1.81, from gaff-1.81.dat (AmberTools 24.8) X-c1-c1-X (stand-in: *-ch-cu-* as X-c1-c1-X)"
hc-ch-cu-cu,0,-1,2,"GAFF 1.81, from gaff-1.81.dat (AmberTools 24.8) X-c1-c1-X (stand-in: *-ch-cu-* as X-c1-c1-X)"
hc-ch-cu-c3,0,-1,2,"GAFF 1.81, from gaff-1.81.dat (AmberTools 24.8) X-c1-c1-X (stand-in: *-ch-cu-* as X-c1-c1-X)"
hc-ch-cu-hc,0,-1,2,"GAFF 1.81, from gaff-1.81.dat (AmberTools 24.8) X-c1-c1-X (stand-in: *-ch-cu-* as X-c1-c1-X)"
hc-ch-c3-ca,0,-1,2,"GAFF 1.81, from gaff-1.81.dat (AmberTools 24.8) X-c1-c3-X (ch as c1)"
hc-ch-c3-ha,0,-1,2,"GAFF 1.81, from gaff-1.81.dat (AmberTools 24.8) X-c1-c3-X (ch as c1)"
hc-ch-c3-cp,0,-1,2,"GAFF 1.81, from gaff-1.81.dat (AmberTools 24.8) X-c1-c3-X (ch as c1)"
hc-ch-c3-c1,0,-1,2,"GAFF 1.81, from gaff-1.81.dat (AmberTools 24.8) X-c1-c3-X (ch as c1)"
hc-ch-c3-cg,0,-1,2,"GAFF 1.81, from gaff-1.81.dat (AmberTools 24.8) X-c1-c3-X (ch as c1)"
hc-ch-c3-ch,0,-1,2,"GAFF 1.81, from gaff-1.81.dat (AmberTools 24.8) X-c1-c3-X (ch as c1)"
hc-ch-c3-ce,0,-1,2,"GAFF 1.81, from gaff-1.81.dat (AmberTools 24.8) X-c1-c3-X (ch as c1)"
hc-ch-c3-cu,0,-1,2,"GAFF 1.81, from gaff-1.81.dat (AmberTools 24.8) X-c1-c3-X (ch as c1)"
hc-ch-c3-c3,0,-1,2,"GAFF 1.81, from gaff-1.81.dat (AmberTools 24.8) X-c1-c3-X (ch as c1)"
hc-ch-c3-hc,0,-1,2,"GAFF 1.81, from gaff-1.81.dat (AmberTools 24.8) X-c1-c3-X (ch as c1)"
hc-ce-ca-ca,1.4,-1,2,"GAFF 1.81, from gaff-1.81.dat (AmberTools 24.8) X-c2-ca-X (ce as c2)"
hc-ce-ca-ha,1.4,-1,2,"GAFF 1.81, from gaff-1.81.dat (AmberTools 24.8) X-c2-ca-X (ce as c2)"
hc-ce-ca-cp,1.4,-1,2,"GAFF 1.81, from gaff-1.81.dat (AmberTools 24.8) X-c2-ca-X (ce as c2)"
hc-ce-ca-c1,1.4,-1,2,"GAFF 1.81, from gaff-1.81.dat (AmberTools 24.8) X-c2-ca-X (ce as c2)"
hc-ce-ca-cg,1.4,-1,2,"GAFF 1.81, from gaff-1.81.dat (AmberTools 24.8) X-c2-ca-X (ce as c2)"
hc-ce-ca-ch,1.4,-1,2,"GAFF 1.81, from gaff-1.81.dat (AmberTools 24.8) X-c2-ca-X (ce as c2)"
hc-ce-ca-ce,1.4,-1,2,"GAFF 1.81, from gaff-1.81.dat (AmberTools 24.8) X-c2-ca-X (ce as c2)"
hc-ce-ca-cu,1.4,-1,2,"GAFF 1.81, from gaff-1.81.dat (AmberTools 24.8) X-c2-ca-X (ce as c2)"
hc-ce-ca-c3,1.4,-1,2,"GAFF 1.81, from gaff-1.81.dat (AmberTools 24.8) X-c2-ca-X (ce as c2)"
hc-ce-ca-hc,1.4,-1,2,"GAFF 1.81, from gaff-1.81.dat (AmberTools 24.8) X-c2-ca-X (ce as c2)"
hc-ce-cp-ca,1.4,-1,2,"GAFF 1.81, from gaff-1.81.dat (AmberTools 24.8) X-c2-ca-X (ce as c2, cp as ca)"
hc-ce-cp-ha,1.4,-1,2,"GAFF 1.81, from gaff-1.81.dat (AmberTools 24.8) X-c2-ca-X (ce as c2, cp as ca)"
hc-ce-cp-cp,1.4,-1,2,"GAFF 1.81, from gaff-1.81.dat (AmberTools 24.8) X-c2-ca-X (ce as c2, cp as ca)"
hc-ce-cp-c1,1.4,-1,2,"GAFF 1.81, from gaff-1.81.dat (AmberTools 24.8) X-c2-ca-X (ce as c2, cp as ca)"
hc-ce-cp-cg,1.4,-1,2,"GAFF 1.81, from gaff-1.81.dat (AmberTools 24.8) X-c2-ca-X (ce as c2, cp as ca)"
hc-ce-cp-ch,1.4,-1,2,"GAFF 1.81, from gaff-1.81.dat (AmberTools 24.8) X-c2-ca-X (ce as c2, cp as ca)"
hc-ce-cp-ce,1.4,-1,2,"GAFF 1.81, from gaff-1.81.dat (AmberTools 24.8) X-c2-ca-X (ce as c2, cp as ca)"
hc-ce-cp-cu,1.4,-1,2,"GAFF 1.81, from gaff-1.81.dat (AmberTools 24.8) X-c2-ca-X (ce as c2, cp as ca)"
hc-ce-cp-c3,1.4,-1,2,"GAFF 1.81, from gaff-1.81.dat (AmberTools 24.8) X-c2-ca-X (ce as c2, cp as ca)"
hc-ce-cp-hc,1.4,-1,2,"GAFF 1.81, from gaff-1.81.dat (AmberTools 24.8) X-c2-ca-X (ce as c2, cp as ca)"
hc-ce-c1-ca,0,-1,2,"GAFF 1.81, from gaff-1.81.dat (AmberTools 24.8) X-c1-ce-X"
hc-ce-c1-ha,0,-1,2,"GAFF 1.81, from gaff-1.81.dat (AmberTools 24.8) X-c1-ce-X"
hc-ce-c1-cp,0,-1,2,"GAFF 1.81, from gaff-1.81.dat (AmberTools 24.8) X-c1-ce-X"
hc-ce-c1-c1,0,-1,2,"GAFF 1.81, from gaff-1.81.dat (AmberTools 24.8) X-c1-ce-X"
hc-ce-c1-cg,0,-1,2,"GAFF 1.81, from gaff-1.81.dat (AmberTools 24.8) X-c1-ce-X"
hc-ce-c1-ch,0,-1,2,"GAFF 1.81, from gaff-1.81.dat (AmberTools 24.8) X-c1-ce-X"
hc-ce-c1-ce,0,-1,2,"GAFF 1.81, from gaff-1.81.dat (AmberTools 24.8) X-c1-ce-X"
hc-ce-c1-cu,0,-1,2,"GAFF 1.81, from gaff-1.81.dat (AmberTools 24.8) X-c1-ce-X"
hc-ce-c1-c3,0,-1,2,"GAFF 1.81, from gaff-1.81.dat (AmberTools 24.8) X-c1-ce-X"
hc-ce-c1-hc,0,-1,2,"GAFF 1.81, from gaff-1.81.dat (AmberTools 24.8) X-c1-ce-X"
hc-ce-cg-ca,0,-1,2,"GAFF 1.81, from gaff-1.81.dat (AmberTools 24.8) X-c1-ce-X (cg as c1)"
hc-ce-cg-ha,0,-1,2,"GAFF 1.81, from gaff-1.81.dat (AmberTools 24.8) X-c1-ce-X (cg as c1)"
hc-ce-cg-cp,0,-1,2,"GAFF 1.81, from gaff-1.81.dat (AmberTools 24.8) X-c1-ce-X (cg as c1)"
hc-ce-cg-c1,0,-1,2,"GAFF 1.81, from gaff-1.81.dat (AmberTools 24.8) X-c1-ce-X (cg as c1)"
hc-ce-cg-cg,0,-1,2,"GAFF 1.81, from gaff-1.81.dat (AmberTools 24.8) X-c1-ce-X (cg as c1)"
hc-ce-cg-ch,0,-1,2,"GAFF 1.81, from gaff-1.81.dat (AmberTools 24.8) X-c1-ce-X (cg as c1)"
hc-ce-cg-ce,0,-1,2,"GAFF 1.81, from gaff-1.81.dat (AmberTools 24.8) X-c1-ce-X (cg as c1)"
hc-ce-cg-cu,0,-1,2,"GAFF 1.81, from gaff-1.81.dat (AmberTools 24.8) X-c1-ce-X (cg as c1)"
hc-ce-cg-c3,0,-1,2,"GAFF 1.81, from gaff-1.81.dat (AmberTools 24.8) X-c1-ce-X (cg as c1)"
hc-ce-cg-hc,0,-1,2,"GAFF 1.81, from gaff-1.81.dat (AmberTools 24.8) X-c1-ce-X (cg as c1)"
hc-ce-ch-ca,0,-1,2,"GAFF 1.81, from gaff-1.81.dat (AmberTools 24.8) X-c1-ce-X (ch as c1)"
hc-ce-ch-ha,0,-1,2,"GAFF 1.81, from gaff-1.81.dat (AmberTools 24.8) X-c1-ce-X (ch as c1)"
hc-ce-ch-cp,0,-1,2,"GAFF 1.81, from gaff-1.81.dat (AmberTools 24.8) X-c1-ce-X (ch as c1)"
hc-ce-ch-c1,0,-1,2,"GAFF 1.81, from gaff-1.81.dat (AmberTools 24.8) X-c1-ce-X (ch as c1)"
hc-ce-ch-cg,0,-1,2,"GAFF 1.81, from gaff-1.81.dat (AmberTools 24.8) X-c1-ce-X (ch as c1)"
hc-ce-ch-ch,0,-1,2,"GAFF 1.81, from gaff-1.81.dat (AmberTools 24.8) X-c1-ce-X (ch as c1)"
hc-ce-ch-ce,0,-1,2,"GAFF 1.81, from gaff-1.81.dat (AmberTools 24.8) X-c1-ce-X (ch as c1)"
hc-ce-ch-cu,0,-1,2,"GAFF 1.81, from gaff-1.81.dat (AmberTools 24.8) X-c1-ce-X (ch as c1)"
hc-ce-ch-c3,0,-1,2,"GAFF 1.81, from gaff-1.81.dat (AmberTools 24.8) X-c1-ce-X (ch as c1)"
hc-ce-ch-hc,0,-1,2,"GAFF 1.81, from gaff-1.81.dat (AmberTools 24.8) X-c1-ce-X (ch as c1)"
hc-ce-ce-ca,2,-1,2,"GAFF 1.81, from gaff-1.81.dat (AmberTools 24.8) X-ce-ce-X"
hc-ce-ce-ha,2,-1,2,"GAFF 1.81, from gaff-1.81.dat (AmberTools 24.8) X-ce-ce-X"
hc-ce-ce-cp,2,-1,2,"GAFF 1.81, from gaff-1.81.dat (AmberTools 24.8) X-ce-ce-X"
hc-ce-ce-c1,2,-1,2,"GAFF 1.81, from gaff-1.81.dat (AmberTools 24.8) X-ce-ce-X"
hc-ce-ce-cg,2,-1,2,"GAFF 1.81, from gaff-1.81.dat (AmberTools 24.8) X-ce-ce-X"
hc-ce-ce-ch,2,-1,2,"GAFF 1.81, from gaff-1.81.dat (AmberTools 24.8) X-ce-ce-X"
hc-ce-ce-ce,2,-1,2,"GAFF 1.81, from gaff-1.81.dat (AmberTools 24.8) X-ce-ce-X"
hc-ce-ce-cu,2,-1,2,"GAFF 1.81, from gaff-1.81.dat (AmberTools 24.8) X-ce-ce-X"
hc-ce-ce-c3,2,-1,2,"GAFF 1.81, from gaff-1.81.dat (AmberTools 24.8) X-ce-ce-X"
hc-ce-ce-hc,2,-1,2,"GAFF 1.81, from gaff-1.81.dat (AmberTools 24.8) X-ce-ce-X"
hc-ce-cu-ca,2,-1,2,"GAFF 1.81, from gaff-1.81.dat (AmberTools 24.8) X-cp-cp-X (stand-in: *-ce-cu-* as X-cp-cp-X)"
hc-ce-cu-ha,2,-1,2,"GAFF 1.81, from gaff-1.81.dat (AmberTools 24.8) X-cp-cp-X (stand-in: *-ce-cu-* as X-cp-cp-X)"
hc-ce-cu-cp,2,-1,2,"GAFF 1.81, from gaff-1.81.dat (AmberTools 24.8) X-cp-cp-X (stand-in: *-ce-cu-* as X-cp-cp-X)"
hc-ce-cu-c1,2,-1,2,"GAFF 1.81, from gaff-1.81.dat (AmberTools 24.8) X-cp-cp-X (stand-in: *-ce-cu-* as X-cp-cp-X)"
hc-ce-cu-cg,2,-1,2,"GAFF 1.81, from gaff-1.81.dat (AmberTools 24.8) X-cp-cp-X (stand-in: *-ce-cu-* as X-cp-cp-X)"
hc-ce-cu-ch,2,-1,2,"GAFF 1.81, from gaff-1.81.dat (AmberTools 24.8) X-cp-cp-X (stand-in: *-ce-cu-* as X-cp-cp-X)"
hc-ce-cu-ce,2,-1,2,"GAFF 1.81, from gaff-1.81.dat (AmberTools 24.8) X-cp-cp-X (stand-in: *-ce-cu-* as X-cp-cp-X)"
hc-ce-cu-cu,2,-1,2,"GAFF 1.81, from gaff-1.81.dat (AmberTools 24.8) X-cp-cp-X (stand-in: *-ce-cu-* as X-cp-cp-X)"
hc-ce-cu-c3,2,-1,2,"GAFF 1.81, from gaff-1.81.dat (AmberTools 24.8) X-cp-cp-X (stand-in: *-ce-cu-* as X-cp-cp-X)"
hc-ce-cu-hc,2,-1,2,"GAFF 1.81, from gaff-1.81.dat (AmberTools 24.8) X-cp-cp-X (stand-in: *-ce-cu-* as X-cp-cp-X)"
hc-ce-c3-ca,0,1,2,"GAFF 1.81, from gaff-1.81.dat (AmberTools 24.8) X-c2-c3-X (ce as c2)"
hc-ce-c3-ha,0,1,2,"GAFF 1.81, from gaff-1.81.dat (AmberTools 24.8) X-c2-c3-X (ce as c2)"
hc-ce-c3-cp,0,1,2,"GAFF 1.81, from gaff-1.81.dat (AmberTools 24.8) X-c2-c3-X (ce as c2)"
hc-ce-c3-c1,0,1,2,"GAFF 1.81, from gaff-1.81.dat (AmberTools 24.8) X-c2-c3-X (ce as c2)"
hc-ce-c3-cg,0,1,2,"GAFF 1.81, from gaff-1.81.dat (AmberTools 24.8) X-c2-c3-X (ce as c2)"
hc-ce-c3-ch,0,1,2,"GAFF 1.81, from gaff-1.81.dat (AmberTools 24.8) X-c2-c3-X (ce as c2)"
hc-ce-c3-ce,0,1,2,"GAFF 1.81, from gaff-1.81.dat (AmberTools 24.8) X-c2-c3-X (ce as c2)"
hc-ce-c3-cu,0,1,2,"GAFF 1.81, from gaff-1.81.dat (AmberTools 24.8) X-c2-c3-X (ce as c2)"
hc-ce-c3-c3,0,1,2,"GAFF 1.81, from gaff-1.81.dat (AmberTools 24.8) X-c2-c3-X (ce as c2)"
hc-ce-c3-hc,0,1,2,"GAFF 1.81, from gaff-1.81.dat (AmberTools 24.8) X-c2-c3-X (ce as c2)"
hc-cu-ca-ca,2,-1,2,"GAFF 1.81, from gaff-1.81.dat (AmberTools 24.8) X-cp-cp-X (stand-in: *-ca-cu-* as X-cp-cp-X)"
hc-cu-ca-ha,2,-1,2,"GAFF 1.81, from gaff-1.81.dat (AmberTools 24.8) X-cp-cp-X (stand-in: *-ca-cu-* as X-cp-cp-X)"
hc-cu-ca-cp,2,-1,2,"GAFF 1.81, from gaff-1.81.dat (AmberTools 24.8) X-cp-cp-X (stand-in: *-ca-cu-* as X-cp-cp-X)"
hc-cu-ca-c1,2,-1,2,"GAFF 1.81, from gaff-1.81.dat (AmberTools 24.8) X-cp-cp-X (stand-in: *-ca-cu-* as X-cp-cp-X)"
hc-cu-ca-cg,2,-1,2,"GAFF 1.81, from gaff-1.81.dat (AmberTools 24.8) X-cp-cp-X (stand-in: *-ca-cu-* as X-cp-cp-X)"
hc-cu-ca-ch,2,-1,2,"GAFF 1.81, from gaff-1.81.dat (AmberTools 24.8) X-cp-cp-X (stand-in: *-ca-cu-* as X-cp-cp-X)"
hc-cu-ca-ce,2,-1,2,"GAFF 1.81, from gaff-1.81.dat (AmberTools 24.8) X-cp-cp-X (stand-in: *-ca-cu-* as X-cp-cp-X)"
hc-cu-ca-cu,2,-1,2,"GAFF 1.81, from gaff-1.81.dat (AmberTools 24.8) X-cp-cp-X (stand-in: *-ca-cu-* as X-cp-cp-X)"
hc-cu-ca-c3,2,-1,2,"GAFF 1.81, from gaff-1.81.dat (AmberTools 24.8) X-cp-cp-X (stand-in: *-ca-cu-* as X-cp-cp-X)"
hc-cu-ca-hc,2,-1,2,"GAFF 1.81, from gaff-1.81.dat (AmberTools 24.8) X-cp-cp-X (stand-in: *-ca-cu-* as X-cp-cp-X)"
hc-cu-cp-ca,2,-1,2,"GAFF 1.81, from gaff-1.81.dat (AmberTools 24.8) X-cp-cp-X (stand-in: *-cp-cu-* as X-cp-cp-X)"
hc-cu-cp-ha,2,-1,2,"GAFF 1.81, from gaff-1.81.dat (AmberTools 24.8) X-cp-cp-X (stand-in: *-cp-cu-* as X-cp-cp-X)"
hc-cu-cp-cp,2,-1,2,"GAFF 1.81, from gaff-1.81.dat (AmberTools 24.8) X-cp-cp-X (stand-in: *-cp-cu-* as X-cp-cp-X)"
hc-cu-cp-c1,2,-1,2,"GAFF 1.81, from gaff-1.81.dat (AmberTools 24.8) X-cp-cp-X (stand-in: *-cp-cu-* as X-cp-cp-X)"
hc-cu-cp-cg,2,-1,2,"GAFF 1.81, from gaff-1.81.dat (AmberTools 24.8) X-cp-cp-X (stand-in: *-cp-cu-* as X-cp-cp-X)"
hc-cu-cp-ch,2,-1,2,"GAFF 1.81, from gaff-1.81.dat (AmberTools 24.8) X-cp-cp-X (stand-in: *-cp-cu-* as X-cp-cp-X)"
hc-cu-cp-ce,2,-1,2,"GAFF 1.81, from gaff-1.81.dat (AmberTools 24.8) X-cp-cp-X (stand-in: *-cp-cu-* as X-cp-cp-X)"
hc-cu-cp-cu,2,-1,2,"GAFF 1.81, from gaff-1.81.dat (AmberTools 24.8) X-cp-cp-X (stand-in: *-cp-cu-* as X-cp-cp-X)"
hc-cu-cp-c3,2,-1,2,"GAFF 1.81, from gaff-1.81.dat (AmberTools 24.8) X-cp-cp-X (stand-in: *-cp-cu-* as X-cp-cp-X)"
hc-cu-cp-hc,2,-1,2,"GAFF 1.81, from gaff-1.81.dat (AmberTools 24.8) X-cp-cp-X (stand-in: *-cp-cu-* as X-cp-cp-X)"
hc-cu-c1-ca,0,-1,2,"GAFF 1.81, from gaff-1.81.dat (AmberTools 24.8) X-c1-cu-X"
hc-cu-c1-ha,0,-1,2,"GAFF 1.81, from gaff-1.81.dat (AmberTools 24.8) X-c1-cu-X"
hc-cu-c1-cp,0,-1,2,"GAFF 1.81, from gaff-1.81.dat (AmberTools 24.8) X-c1-cu-X"
hc-cu-c1-c1,0,-1,2,"GAFF 1.81, from gaff-1.81.dat (AmberTools 24.8) X-c1-cu-X"
hc-cu-c1-cg,0,-1,2,"GAFF 1.81, from gaff-1.81.dat (AmberTools 24.8) X-c1-cu-X"
hc-cu-c1-ch,0,-1,2,"GAFF 1.81, from gaff-1.81.dat (AmberTools 24.8) X-c1-cu-X"
hc-cu-c1-ce,0,-1,2,"GAFF 1.81, from gaff-1.81.dat (AmberTools 24.8) X-c1-cu-X"
hc-cu-c1-cu,0,-1,2,"GAFF 1.81, from gaff-1.81.dat (AmberTools 24.8) X-c1-cu-X"
hc-cu-c1-c3,0,-1,2,"GAFF 1.81, from gaff-1.81.dat (AmberTools 24.8) X-c1-cu-X"
hc-cu-c1-hc,0,-1,2,"GAFF 1.81, from gaff-1.81.dat (AmberTools 24.8) X-c1-cu-X"
hc-cu-cg-ca,0,-1,2,"GAFF 1.81, from gaff-1.81.dat (AmberTools 24.8) X-c1-c1-X (stand-in: *-cg-cu-* as X-c1-c1-X)"
hc-cu-cg-ha,0,-1,2,"GAFF 1.81, from gaff-1.81.dat (AmberTools 24.8) X-c1-c1-X (stand-in: *-cg-cu-* as X-c1-c1-X)"
hc-cu-cg-cp,0,-1,2,"GAFF 1.81, from gaff-1.81.dat (AmberTools 24.8) X-c1-c1-X (stand-in: *-cg-cu-* as X-c1-c1-X)"
hc-cu-cg-c1,0,-1,2,"GAFF 1.81, from gaff-1.81.dat (AmberTools 24.8) X-c1-c1-X (stand-in: *-cg-cu-* as X-c1-c1-X)"
hc-cu-cg-cg,0,-1,2,"GAFF 1.81, from gaff-1.81.dat (AmberTools 24.8) X-c1-c1-X (stand-in: *-cg-cu-* as X-c1-c1-X)"
hc-cu-cg-ch,0,-1,2,"GAFF 1.81, from gaff-1.81.dat (AmberTools 24.8) X-c1-c1-X (stand-in: *-cg-cu-* as X-c1-c1-X)"
hc-cu-cg-ce,0,-1,2,"GAFF 1.81, from gaff-1.81.dat (AmberTools 24.8) X-c1-c1-X (stand-in: *-cg-cu-* as X-c1-c1-X)"
hc-cu-cg-cu,0,-1,2,"GAFF 1.81, from gaff-1.81.dat (AmberTools 24.8) X-c1-c1-X (stand-in: *-cg-cu-* as X-c1-c1-X)"
hc-cu-cg-c3,0,-1,2,"GAFF 1.81, from gaff-1.81.dat (AmberTools 24.8) X-c1-c1-X (stand-in: *-cg-cu-* as X-c1-c1-X)"
hc-cu-cg-hc,0,-1,2,"GAFF 1.81, from gaff-1.81.dat (AmberTools 24.8) X-c1-c1-X (stand-in: *-cg-cu-* as X-c1-c1-X)"
hc-cu-ch-ca,0,-1,2,"GAFF 1.81, from gaff-1.81.dat (AmberTools 24.8) X-c1-c1-X (stand-in: *-ch-cu-* as X-c1-c1-X)"
hc-cu-ch-ha,0,-1,2,"GAFF 1.81, from gaff-1.81.dat (AmberTools 24.8) X-c1-c1-X (stand-in: *-ch-cu-* as X-c1-c1-X)"
hc-cu-ch-cp,0,-1,2,"GAFF 1.81, from gaff-1.81.dat (AmberTools 24.8) X-c1-c1-X (stand-in: *-ch-cu-* as X-c1-c1-X)"
hc-cu-ch-c1,0,-1,2,"GAFF 1.81, from gaff-1.81.dat (AmberTools 24.8) X-c1-c1-X (stand-in: *-ch-cu-* as X-c1-c1-X)"
hc-cu-ch-cg,0,-1,2,"GAFF 1.81, from gaff-1.81.dat (AmberTools 24.8) X-c1-c1-X (stand-in: *-ch-cu-* as X-c1-c1-X)"
hc-cu-ch-ch,0,-1,2,"GAFF 1.81, from gaff-1.81.dat (AmberTools 24.8) X-c1-c1-X (stand-in: *-ch-cu-* as X-c1-c1-X)"
hc-cu-ch-ce,0,-1,2,"GAFF 1.81, from gaff-1.81.dat (AmberTools 24.8) X-c1-c1-X (stand-in: *-ch-cu-* as X-c1-c1-X)"
hc-cu-ch-cu,0,-1,2,"GAFF 1.81, from gaff-1.81.dat (AmberTools 24.8) X-c1-c1-X (stand-in: *-ch-cu-* as X-c1-c1-X)"
hc-cu-ch-c3,0,-1,2,"GAFF 1.81, from gaff-1.81.dat (AmberTools 24.8) X-c1-c1-X (stand-in: *-ch-cu-* as X-c1-c1-X)"
hc-cu-ch-hc,0,-1,2,"GAFF 1.81, from gaff-1.81.dat (AmberTools 24.8) X-c1-c1-X (stand-in: *-ch-cu-* as X-c1-c1-X)"
hc-cu-ce-ca,2,-1,2,"GAFF 1.81, from gaff-1.81.dat (AmberTools 24.8) X-cp-cp-X (stand-in: *-ce-cu-* as X-cp-cp-X)"
hc-cu-ce-ha,2,-1,2,"GAFF 1.81, from gaff-1.81.dat (AmberTools 24.8) X-cp-cp-X (stand-in: *-ce-cu-* as X-cp-cp-X)"
hc-cu-ce-cp,2,-1,2,"GAFF 1.81, from gaff-1.81.dat (AmberTools 24.8) X-cp-cp-X (stand-in: *-ce-cu-* as X-cp-cp-X)"
hc-cu-ce-c1,2,-1,2,"GAFF 1.81, from gaff-1.81.dat (AmberTools 24.8) X-cp-cp-X (stand-in: *-ce-cu-* as X-cp-cp-X)"
hc-cu-ce-cg,2,-1,2,"GAFF 1.81, from gaff-1.81.dat (AmberTools 24.8) X-cp-cp-X (stand-in: *-ce-cu-* as X-cp-cp-X)"
hc-cu-ce-ch,2,-1,2,"GAFF 1.81, from gaff-1.81.dat (AmberTools 24.8) X-cp-cp-X (stand-in: *-ce-cu-* as X-cp-cp-X)"
hc-cu-ce-ce,2,-1,2,"GAFF 1.81, from gaff-1.81.dat (AmberTools 24.8) X-cp-cp-X (stand-in: *-ce-cu-* as X-cp-cp-X)"
hc-cu-ce-cu,2,-1,2,"GAFF 1.81, from gaff-1.81.dat (AmberTools 24.8) X-cp-cp-X (stand-in: *-ce-cu-* as X-cp-cp-X)"
hc-cu-ce-c3,2,-1,2,"GAFF 1.81, from gaff-1.81.dat (AmberTools 24.8) X-cp-cp-X (stand-in: *-ce-cu-* as X-cp-cp-X)"
hc-cu-ce-hc,2,-1,2,"GAFF 1.81, from gaff-1.81.dat (AmberTools 24.8) X-cp-cp-X (stand-in: *-ce-cu-* as X-cp-cp-X)"
hc-cu-cu-ca,2,-1,2,"GAFF 1.81, from gaff-1.81.dat (AmberTools 24.8) X-ce-ce-X (cu as ce)"
hc-cu-cu-ha,2,-1,2,"GAFF 1.81, from gaff-1.81.dat (AmberTools 24.8) X-ce-ce-X (cu as ce)"
hc-cu-cu-cp,2,-1,2,"GAFF 1.81, from gaff-1.81.dat (AmberTools 24.8) X-ce-ce-X (cu as ce)"
hc-cu-cu-c1,2,-1,2,"GAFF 1.81, from gaff-1.81.dat (AmberTools 24.8) X-ce-ce-X (cu as ce)"
hc-cu-cu-cg,2,-1,2,"GAFF 1.81, from gaff-1.81.dat (AmberTools 24.8) X-ce-ce-X (cu as ce)"
hc-cu-cu-ch,2,-1,2,"GAFF 1.81, from gaff-1.81.dat (AmberTools 24.8) X-ce-ce-X (cu as ce)"
hc-cu-cu-ce,2,-1,2,"GAFF 1.81, from gaff-1.81.dat (AmberTools 24.8) X-ce-ce-X (cu as ce)"
hc-cu-cu-cu,2,-1,2,"GAFF 1.81, from gaff-1.81.dat (AmberTools 24.8) X-ce-ce-X (cu as ce)"
hc-cu-cu-c3,2,-1,2,"GAFF 1.81, from gaff-1.81.dat (AmberTools 24.8) X-ce-ce-X (cu as ce)"
hc-cu-cu-hc,2,-1,2,"GAFF 1.81, from gaff-1.81.dat (AmberTools 24.8) X-ce-ce-X (cu as ce)"
hc-cu-c3-ca,0,1,2,"GAFF 1.81, from gaff-1.81.dat (AmberTools 24.8) X-c2-c3-X (stand-in: *-c3-cu-* as X-c2-c3-X)"
hc-cu-c3-ha,0,1,2,"GAFF 1.81, from gaff-1.81.dat (AmberTools 24.8) X-c2-c3-X (stand-in: *-c3-cu-* as X-c2-c3-X)"
hc-cu-c3-cp,0,1,2,"GAFF 1.81, from gaff-1.81.dat (AmberTools 24.8) X-c2-c3-X (stand-in: *-c3-cu-* as X-c2-c3-X)"
hc-cu-c3-c1,0,1,2,"GAFF 1.81, from gaff-1.81.dat (AmberTools 24.8) X-c2-c3-X (stand-in: *-c3-cu-* as X-c2-c3-X)"
hc-cu-c3-cg,0,1,2,"GAFF 1.81, from gaff-1.81.dat (AmberTools 24.8) X-c2-c3-X (stand-in: *-c3-cu-* as X-c2-c3-X)"
hc-cu-c3-ch,0,1,2,"GAFF 1.81, from gaff-1.81.dat (AmberTools 24.8) X-c2-c3-X (stand-in: *-c3-cu-* as X-c2-c3-X)"
hc-cu-c3-ce,0,1,2,"GAFF 1.81, from gaff-1.81.dat (AmberTools 24.8) X-c2-c3-X (stand-in: *-c3-cu-* as X-c2-c3-X)"
hc-cu-c3-cu,0,1,2,"GAFF 1.81, from gaff-1.81.dat (AmberTools 24.8) X-c2-c3-X (stand-in: *-c3-cu-* as X-c2-c3-X)"
hc-cu-c3-c3,0,1,2,"GAFF 1.81, from gaff-1.81.dat (AmberTools 24.8) X-c2-c3-X (stand-in: *-c3-cu-* as X-c2-c3-X)"
hc-cu-c3-hc,0,1,2,"GAFF 1.81, from gaff-1.81.dat (AmberTools 24.8) X-c2-c3-X (stand-in: *-c3-cu-* as X-c2-c3-X)"
hc-c3-ca-ca,0,1,2,"GAFF 1.81, from gaff-1.81.dat (AmberTools 24.8) X-c3-ca-X"
hc-c3-ca-ha,0,1,2,"GAFF 1.81, from gaff-1.81.dat (AmberTools 24.8) X-c3-ca-X"
hc-c3-ca-cp,0,1,2,"GAFF 1.81, from gaff-1.81.dat (AmberTools 24.8) X-c3-ca-X"
hc-c3-ca-c1,0,1,2,"GAFF 1.81, from gaff-1.81.dat (AmberTools 24.8) X-c3-ca-X"
hc-c3-ca-cg,0,1,2,"GAFF 1.81, from gaff-1.81.dat (AmberTools 24.8) X-c3-ca-X"
hc-c3-ca-ch,0,1,2,"GAFF 1.81, from gaff-1.81.dat (AmberTools 24.8) X-c3-ca-X"
hc-c3-ca-ce,0,1,2,"GAFF 1.81, from gaff-1.81.dat (AmberTools 24.8) X-c3-ca-X"
hc-c3-ca-cu,0,1,2,"GAFF 1.81, from gaff-1.81.dat (AmberTools 24.8) X-c3-ca-X"
hc-c3-ca-c3,0,1,2,"GAFF 1.81, from gaff-1.81.dat (AmberTools 24.8) X-c3-ca-X"
hc-c3-ca-hc,0,1,2,"GAFF 1.81, from gaff-1.81.dat (AmberTools 24.8) X-c3-ca-X"
hc-c3-cp-ca,0,1,2,"GAFF 1.81, from gaff-1.81.dat (AmberTools 24.8) X-c3-ca-X (cp as ca)"
hc-c3-cp-ha,0,1,2,"GAFF 1.81, from gaff-1.81.dat (AmberTools 24.8) X-c3-ca-X (cp as ca)"
hc-c3-cp-cp,0,1,2,"GAFF 1.81, from gaff-1.81.dat (AmberTools 24.8) X-c3-ca-X (cp as ca)"
hc-c3-cp-c1,0,1,2,"GAFF 1.81, from gaff-1.81.dat (AmberTools 24.8) X-c3-ca-X (cp as ca)"
hc-c3-cp-cg,0,1,2,"GAFF 1.81, from gaff-1.81.dat (AmberTools 24.8) X-c3-ca-X (cp as ca)"
hc-c3-cp-ch,0,1,2,"GAFF 1.81, from gaff-1.81.dat (AmberTools 24.8) X-c3-ca-X (cp as ca)"
hc-c3-cp-ce,0,1,2,"GAFF 1.81, from gaff-1.81.dat (AmberTools 24.8) X-c3-ca-X (cp as ca)"
hc-c3-cp-cu,0,1,2,"GAFF 1.81, from gaff-1.81.dat (AmberTools 24.8) X-c3-ca-X (cp as ca)"
hc-c3-cp-c3,0,1,2,"GAFF 1.81, from gaff-1.81.dat (AmberTools 24.8) X-c3-ca-X (cp as ca)"
hc-c3-cp-hc,0,1,2,"GAFF 1.81, from gaff-1.81.dat (AmberTools 24.8) X-c3-ca-X (cp as ca)"
hc-c3-c1-ca,0,-1,2,"GAFF 1.81, from gaff-1.81.dat (AmberTools 24.8) X-c1-c3-X"
hc-c3-c1-ha,0,-1,2,"GAFF 1.81, from gaff-1.81.dat (AmberTools 24.8) X-c1-c3-X"
hc-c3-c1-cp,0,-1,2,"GAFF 1.81, from gaff-1.81.dat (AmberTools 24.8) X-c1-c3-X"
hc-c3-c1-c1,0,-1,2,"GAFF 1.81, from gaff-1.81.dat (AmberTools 24.8) X-c1-c3-X"
hc-c3-c1-cg,0,-1,2,"GAFF 1.81, from gaff-1.81.dat (AmberTools 24.8) X-c1-c3-X"
hc-c3-c1-ch,0,-1,2,"GAFF 1.81, from gaff-1.81.dat (AmberTools 24.8) X-c1-c3-X"
hc-c3-c1-ce,0,-1,2,"GAFF 1.81, from gaff-1.81.dat (AmberTools 24.8) X-c1-c3-X"
hc-c3-c1-cu,0,-1,2,"GAFF 1.81, from gaff-1.81.dat (AmberTools 24.8) X-c1-c3-X"
hc-c3-c1-c3,0,-1,2,"GAFF 1.81, from gaff-1.81.dat (AmberTools 24.8) X-c1-c3-X"
hc-c3-c1-hc,0,-1,2,"GAFF 1.81, from gaff-1.81.dat (AmberTools 24.8) X-c1-c3-X"
hc-c3-cg-ca,0,-1,2,"GAFF 1.81, from gaff-1.81.dat (AmberTools 24.8) X-c1-c3-X (cg as c1)"
hc-c3-cg-ha,0,-1,2,"GAFF 1.81, from gaff-1.81.dat (AmberTools 24.8) X-c1-c3-X (cg as c1)"
hc-c3-cg-cp,0,-1,2,"GAFF 1.81, from gaff-1.81.dat (AmberTools 24.8) X-c1-c3-X (cg as c1)"
hc-c3-cg-c1,0,-1,2,"GAFF 1.81, from gaff-1.81.dat (AmberTools 24.8) X-c1-c3-X (cg as c1)"
hc-c3-cg-cg,0,-1,2,"GAFF 1.81, from gaff-1.81.dat (AmberTools 24.8) X-c1-c3-X (cg as c1)"
hc-c3-cg-ch,0,-1,2,"GAFF 1.81, from gaff-1.81.dat (AmberTools 24.8) X-c1-c3-X (cg as c1)"
hc-c3-cg-ce,0,-1,2,"GAFF 1.81, from gaff-1.81.dat (AmberTools 24.8) X-c1-c3-X (cg as c1)"
hc-c3-cg-cu,0,-1,2,"GAFF 1.81, from gaff-1.81.dat (AmberTools 24.8) X-c1-c3-X (cg as c1)"
hc-c3-cg-c3,0,-1,2,"GAFF 1.81, from gaff-1.81.dat (AmberTools 24.8) X-c1-c3-X (cg as c1)"
hc-c3-cg-hc,0,-1,2,"GAFF 1.81, from gaff-1.81.dat (AmberTools 24.8) X-c1-c3-X (cg as c1)"
hc-c3-ch-ca,0,-1,2,"GAFF 1.81, from gaff-1.81.dat (AmberTools 24.8) X-c1-c3-X (ch as c1)"
hc-c3-ch-ha,0,-1,2,"GAFF 1.81, from gaff-1.81.dat (AmberTools 24.8) X-c1-c3-X (ch as c1)"
hc-c3-ch-cp,0,-1,2,"GAFF 1.81, from gaff-1.81.dat (AmberTools 24.8) X-c1-c3-X (ch as c1)"
hc-c3-ch-c1,0,-1,2,"GAFF 1.81, from gaff-1.81.dat (AmberTools 24.8) X-c1-c3-X (ch as c1)"
hc-c3-ch-cg,0,-1,2,"GAFF 1.81, from gaff-1.81.dat (AmberTools 24.8) X-c1-c3-X (ch as c1)"
hc-c3-ch-ch,0,-1,2,"GAFF 1.81, from gaff-1.81.dat (AmberTools 24.8) X-c1-c3-X (ch as c1)"
hc-c3-ch-ce,0,-1,2,"GAFF 1.81, from gaff-1.81.dat (AmberTools 24.8) X-c1-c3-X (ch as c1)"
hc-c3-ch-cu,0,-1,2,"GAFF 1.81, from gaff-1.81.dat (AmberTools 24.8) X-c1-c3-X (ch as c1)"
hc-c3-ch-c3,0,-1,2,"GAFF 1.81, from gaff-1.81.dat (AmberTools 24.8) X-c1-c3-X (ch as c1)"
hc-c3-ch-hc,0,-1,2,"GAFF 1.81, from gaff-1.81.dat (AmberTools 24.8) X-c1-c3-X (ch as c1)"
hc-c3-ce-ca,0,1,2,"GAFF 1.81, from gaff-1.81.dat (AmberTools 24.8) X-c2-c3-X (ce as c2)"
hc-c3-ce-ha,0,1,2,"GAFF 1.81, from gaff-1.81.dat (AmberTools 24.8) X-c2-c3-X (ce as c2)"
hc-c3-ce-cp,0,1,2,"GAFF 1.81, from gaff-1.81.dat (AmberTools 24.8) X-c2-c3-X (ce as c2)"
hc-c3-ce-c1,0,1,2,"GAFF 1.81, from gaff-1.81.dat (AmberTools 24.8) X-c2-c3-X (ce as c2)"
hc-c3-ce-cg,0,1,2,"GAFF 1.81, from gaff-1.81.dat (AmberTools 24.8) X-c2-c3-X (ce as c2)"
hc-c3-ce-ch,0,1,2,"GAFF 1.81, from gaff-1.81.dat (AmberTools 24.8) X-c2-c3-X (ce as c2)"
hc-c3-ce-ce,0,1,2,"GAFF 1.81, from gaff-1.81.dat (AmberTools 24.8) X-c2-c3-X (ce as c2)"
hc-c3-ce-cu,0,1,2,"GAFF 1.81, from gaff-1.81.dat (AmberTools 24.8) X-c2-c3-X (ce as c2)"
hc-c3-ce-c3,0,1,2,"GAFF 1.81, from gaff-1.81.dat (AmberTools 24.8) X-c2-c3-X (ce as c2)"
hc-c3-ce-hc,0,1,2,"GAFF 1.81, from gaff-1.81.dat (AmberTools 24.8) X-c2-c3-X (ce as c2)"
hc-c3-cu-ca,0,1,2,"GAFF 1.81, from gaff-1.81.dat (AmberTools 24.8) X-c2-c3-X (stand-in: *-c3-cu-* as X-c2-c3-X)"
hc-c3-cu-ha,0,1,2,"GAFF 1.81, from gaff-1.81.dat (AmberTools 24.8) X-c2-c3-X (stand-in: *-c3-cu-* as X-c2-c3-X)"
hc-c3-cu-cp,0,1,2,"GAFF 1.81, from gaff-1.81.dat (AmberTools 24.8) X-c2-c3-X (stand-in: *-c3-cu-* as X-c2-c3-X)"
hc-c3-cu-c1,0,1,2,"GAFF 1.81, from gaff-1.81.dat (AmberTools 24.8) X-c2-c3-X (stand-in: *-c3-cu-* as X-c2-c3-X)"
hc-c3-cu-cg,0,1,2,"GAFF 1.81, from gaff-1.81.dat (AmberTools 24.8) X-c2-c3-X (stand-in: *-c3-cu-* as X-c2-c3-X)"
hc-c3-cu-ch,0,1,2,"GAFF 1.81, from gaff-1.81.dat (AmberTools 24.8) X-c2-c3-X (stand-in: *-c3-cu-* as X-c2-c3-X)"
hc-c3-cu-ce,0,1,2,"GAFF 1.81, from gaff-1.81.dat (AmberTools 24.8) X-c2-c3-X (stand-in: *-c3-cu-* as X-c2-c3-X)"
hc-c3-cu-cu,0,1,2,"GAFF 1.81, from gaff-1.81.dat (AmberTools 24.8) X-c2-c3-X (stand-in: *-c3-cu-* as X-c2-c3-X)"
hc-c3-cu-c3,0,1,2,"GAFF 1.81, from gaff-1.81.dat (AmberTools 24.8) X-c2-c3-X (stand-in: *-c3-cu-* as X-c2-c3-X)"
hc-c3-cu-hc,0,1,2,"GAFF 1.81, from gaff-1.81.dat (AmberTools 24.8) X-c2-c3-X (stand-in: *-c3-cu-* as X-c2-c3-X)"
hc-c3-c3-ca,0.311111,1,3,"GAFF 1.81, from gaff-1.81.dat (AmberTools 24.8) X-c3-c3-X"
hc-c3-c3-ha,0.311111,1,3,"GAFF 1.81, from gaff-1.81.dat (AmberTools 24.8) X-c3-c3-X"
hc-c3-c3-cp,0.311111,1,3,"GAFF 1.81, from gaff-1.81.dat (AmberTools 24.8) X-c3-c3-X"
hc-c3-c3-c1,0.311111,1,3,"GAFF 1.81, from gaff-1.81.dat (AmberTools 24.8) X-c3-c3-X"
hc-c3-c3-cg,0.311111,1,3,"GAFF 1.81, from gaff-1.81.dat (AmberTools 24.8) X-c3-c3-X"
hc-c3-c3-ch,0.311111,1,3,"GAFF 1.81, from gaff-1.81.dat (AmberTools 24.8) X-c3-c3-X"
hc-c3-c3-ce,0.311111,1,3,"GAFF 1.81, from gaff-1.81.dat (AmberTools 24.8) X-c3-c3-X"
hc-c3-c3-cu,0.311111,1,3,"GAFF 1.81, from gaff-1.81.dat (AmberTools 24.8) X-c3-c3-X"
hc-c3-c3-c3,0.32,1,3,"GAFF 1.81, from gaff-1.81.dat (AmberTools 24.8) hc-c3-c3-c3"
hc-c3-c3-hc,0.3,1,3,"GAFF 1.81, from gaff-1.81.dat (AmberTools 24.8) hc-c3-c3-hc"
